mtllib pacman_arcade__animation.mtl
o pac_man_machine_automat_0
usemtl automat
v -12.598424911499023 57.35945637946518 8.882678194359187
v -12.598424911499023 54.162941840208795 9.030508653161888
v -12.598424911499023 57.35945627367085 8.09527688922404
v 12.598424911499023 3.4786094179037357 13.194424980943102
v 12.598424911499023 3.478609312109411 12.407023675807958
v 12.598424911499023 0.0000017727875497697652 13.194424494650342
v -12.598423957824707 3.4786093121095387 12.407024629482402
v -12.598423957824707 3.4786094179037357 13.194424980943102
v -12.598423957824707 0.0000017727876779043558 13.194425448324786
v -12.598423957824707 0.0000016140960625834147 12.013322536947625
v -12.598423957824707 0.0000017727876779043558 13.194425448324786
v -13.188976287841797 0.0000017727876779043558 13.194425448324786
v 12.598424911499023 54.16294184020892 9.030509606836333
v 12.598424911499023 57.35945637946518 8.882678194359187
v 12.598424911499023 57.35945627367085 8.09527688922404
v -12.598424911499023 30.55185165148382 14.856001652416149
v -12.598424911499023 30.30000526193516 14.541662006263268
v -12.598424911499023 30.48347123033443 14.438262690986985
v 12.598424911499023 30.55185165148382 14.856001652416149
v 12.598424911499023 30.48347123033443 14.438262690986985
v 12.598424911499023 30.30000526193516 14.541662006263268
v 4.465309143066406 19.735260595485947 13.015971234655849
v 4.3316650390625 19.76184331695308 13.015971231084226
v 4.198020935058594 19.735260595485947 13.015971234655849
v 4.198020935058594 19.089977763425168 13.0159713213553
v 4.3316650390625 19.063395041958035 13.015971324926925
v 4.465309143066406 19.089977763425168 13.0159713213553
v 0.229278564453125 32.81073209159242 11.293702095569904
v 0.229278564453125 32.76250664553188 11.020188271355101
v 0.13573074340820312 32.7625066477481 11.036683024547878
v 0.053466796875 32.76250665412945 11.084177919234902
v -0.00759124755859375 32.76250666390638 11.156945186702258
v -0.04007720947265625 32.76250667589927 11.246205300013502
v -0.04007720947265625 32.762506688662235 11.341196996736436
v -0.00759124755859375 32.76250670065512 11.430457110047682
v 0.053466796875 32.76250671043205 11.503224377515036
v 0.13573074340820312 32.762506716813405 11.550719272202059
v 0.229278564453125 32.76250671902962 11.567214025394838
v 0.3228263854980469 32.762506716813405 11.550719272202059
v 0.40509033203125 32.76250671043205 11.503224377515036
v 0.46614837646484375 32.76250670065538 11.43045901739657
v 0.49863433837890625 32.762506688662235 11.341196996736436
v 0.49863433837890625 32.76250667589952 11.24620720736239
v 0.46614837646484375 32.76250666390638 11.156945186702258
v 0.40509033203125 32.76250665412971 11.08417982658379
v 0.3228263854980469 32.7625066477481 11.036683024547878
v 10.615154266357422 30.689326784876705 8.511160731715927
v 10.60014533996582 30.68932677344005 8.426040519168435
v 10.366279602050781 30.6561713391378 8.511160736170655
v 10.556928634643555 30.689326763382766 8.351186612016424
v 10.490715026855469 30.68932675591803 8.295628399900808
v 10.409496307373047 30.689326751946115 8.266066399468931
v 10.323062896728516 30.689326751946115 8.266066399468931
v 10.241840362548828 30.68932675591803 8.295628399900808
v 10.175628662109375 30.689326763382766 8.351186612016424
v 10.13241195678711 30.68932677344005 8.426040519168435
v 10.117403030395508 30.689326784876705 8.511160731715927
v 10.13241195678711 30.689326796313356 8.59628094426342
v 10.175628662109375 30.68932680637064 8.671134851415431
v 10.241840362548828 30.68932681383538 8.726693063531046
v 10.323062896728516 30.689326817807295 8.756255063962923
v 10.409496307373047 30.689326817807295 8.756255063962923
v 10.490715026855469 30.68932681383538 8.726693063531046
v 10.556928634643555 30.68932680637064 8.671134851415431
v 10.60014533996582 30.689326796313484 8.596281897937864
v 10.615154266357422 30.68932725363609 12.000022284459687
v 10.60014533996582 30.689327242199436 11.914902071912195
v 10.366279602050781 30.656171807897184 12.000022288914415
v 10.556928634643555 30.689327232142155 11.840048164760185
v 10.490715026855469 30.689327224677417 11.784489952644568
v 10.409496307373047 30.6893272207055 11.754927952212691
v 10.323062896728516 30.6893272207055 11.754927952212691
v 10.241840362548828 30.689327224677417 11.784489952644568
v 10.175628662109375 30.689327232142155 11.840048164760185
v 10.13241195678711 30.689327242199436 11.914902071912195
v 10.117403030395508 30.68932725363609 12.000022284459687
v 10.13241195678711 30.689327265072745 12.085142497007181
v 10.175628662109375 30.689327275130026 12.159996404159191
v 10.241840362548828 30.689327282594764 12.215554616274808
v 10.323062896728516 30.68932728656668 12.245116616706683
v 10.409496307373047 30.68932728656668 12.245116616706683
v 10.490715026855469 30.689327282594764 12.215554616274808
v 10.556928634643555 30.689327275130026 12.159996404159191
v 10.60014533996582 30.689327265072873 12.085143450681626
v 12.598424911499023 0.0000017727875497697652 13.194424494650342
v 12.598424911499023 0.0000016140960625834147 12.013322536947625
v 13.188976287841797 0.0000017727876779043558 13.194425448324786
v -13.188976287841797 0.0000013389398425676945 9.965402034740624
v -12.598424911499023 0.000001199674328135234 8.928882844876965
v -12.739742279052734 68.1389111152215 8.956013357154916
v -12.739742279052734 69.50932595659124 8.385568035653232
v -13.047658920288086 69.50932595659124 8.385568035653232
v -13.04765796661377 68.1389111152215 8.956013357154916
v -12.739742279052734 0.1413210772569503 13.273165559850804
v -12.739742279052734 3.478609428483168 13.273165111456617
v -13.04765796661377 3.478609428483168 13.273165111456617
v -13.04765796661377 0.1413210772569503 13.273165559850804
v 13.188976287841797 0.0000013389398425676945 9.965402034740624
v 13.188976287841797 3.4786089840559002 9.96540156735894
v 13.188976287841797 3.4786094179037357 13.194424980943102
v 13.188976287841797 0.0000017727876779043558 13.194425448324786
v 12.73974323272705 0.1413175119865391 -13.262270820971363
v 12.73974323272705 3.4786058632127568 -13.26227126936555
v 13.04765796661377 3.4786058632127568 -13.26227126936555
v 13.04765796661377 0.1413175119865391 -13.262270820971363
v -13.188976287841797 -0.0000016006025932431914 -11.912893942216362
v -13.188976287841797 3.4786060445134646 -11.912894409598046
v -13.188976287841797 3.478605873792189 -13.183531138852036
v -13.188976287841797 -0.0000017713238683404834 -13.183530671470352
v -7.34438943862915 67.80768842088165 8.09520300615392
v -7.344390392303467 68.72431445902443 7.636903661416889
v -12.598424911499023 68.72431445902443 7.636903661416889
v -12.598423957824707 67.80768842088165 8.09520300615392
v -7.34438943862915 0.0000016140960625834147 12.013322536947625
v -7.34438943862915 3.4786092592121203 12.013322069565941
v -12.598423957824707 3.4786092592121203 12.013322069565941
v -12.598423957824707 0.0000016140960625834147 12.013322536947625
v -13.04765796661377 0.1413175119865391 -13.262270820971363
v -13.04765796661377 3.4786058632127568 -13.26227126936555
v -12.739742279052734 3.4786058632127568 -13.26227126936555
v -12.739742279052734 0.1413175119865391 -13.262270820971363
v 7.744738578796387 -0.000001771323996475074 -13.183531625144797
v 7.744739055633545 3.478605873792189 -13.183531138852036
v 12.598424911499023 3.478605873792189 -13.183531138852036
v 12.598424911499023 -0.0000017713238683404834 -13.183530671470352
v 13.188976287841797 -0.0000017713238683404834 -13.183530671470352
v 13.188976287841797 -0.0000016006025932431914 -11.912893942216362
v 12.598424911499023 -0.0000016082468466536869 -11.96978825222878
v 12.598424911499023 -0.0000017713238683404834 -13.183530671470352
v 13.04765796661377 68.1389111152215 8.956013357154916
v 13.04765796661377 69.50932595659124 8.385568035653232
v 12.739744186401367 69.50932595659124 8.385568035653232
v 12.73974323272705 68.1389111152215 8.956013357154916
v 13.04765796661377 0.1413210772569503 13.273165559850804
v 13.04765796661377 3.478609428483168 13.273165111456617
v 12.73974323272705 3.478609428483168 13.273165111456617
v 12.73974323272705 0.1413210772569503 13.273165559850804
v -12.739742279052734 26.751502645908666 13.269918537751835
v -13.04765796661377 26.751502645908666 13.269918537751835
v 13.188976287841797 26.773866572075733 -13.183534268776205
v 13.188976287841797 26.773866742797008 -11.912897539522215
v 13.188976287841797 3.4786060445134646 -11.912894409598046
v 13.188976287841797 3.478605873792189 -13.183531138852036
v 12.73974323272705 26.773866561496302 -13.26227439928972
v 13.04765796661377 26.773866561496302 -13.26227439928972
v -13.188976287841797 26.77387011618728 13.194421851018934
v -13.188976287841797 26.773869682339445 9.965398437434771
v -13.188976287841797 3.4786089840559002 9.96540156735894
v -13.188976287841797 3.4786094179037357 13.194424980943102
v 12.598424911499023 26.773870010392955 12.407020545883789
v 7.744739055633545 26.773870010392955 12.407020545883789
v 7.744739055633545 3.478609312109411 12.407023675807958
v 12.598424911499023 3.478609312109411 12.407023675807958
v -13.04765796661377 26.773866561496302 -13.26227439928972
v -12.739742279052734 26.773866561496302 -13.26227439928972
v -12.598423957824707 26.773866572075733 -13.183534268776205
v -7.34438943862915 26.773866572075733 -13.183534268776205
v -7.34438943862915 3.478605873792189 -13.183531138852036
v -12.598423957824707 3.478605873792189 -13.183531138852036
v 13.04765796661377 26.751502645908666 13.269918537751835
v 12.73974323272705 26.751502645908666 13.269918537751835
v -13.04765796661377 66.49833930128392 8.961417096983007
v -12.739742279052734 66.49833930128392 8.961417096983007
v 13.188976287841797 68.11024450147174 -13.183539822683931
v 13.188976287841797 69.06851201285876 -11.912903222181628
v 13.188976287841797 66.49833649663454 -11.912902876855831
v 13.188976287841797 66.49833632591326 -13.183539606109822
v 12.73974323272705 68.1495129912302 -13.251789539583566
v 13.04765796661377 68.1495129912302 -13.251789539583566
v 13.04765796661377 66.49833631533382 -13.262279736623336
v 12.73974323272705 66.49833631533382 -13.262279736623336
v -13.188976287841797 68.11024746626296 8.882676749895383
v -13.188976287841797 69.46032997086287 8.330003154399547
v -13.188976287841797 66.49834677937412 7.8352882721231545
v -13.188976287841797 66.49833929070448 8.882676966469493
v 12.598424911499023 67.80768842088165 8.09520300615392
v 7.744739055633545 67.80768842088165 8.09520300615392
v 7.744738578796387 66.49833918491017 8.095275661334346
v 12.598424911499023 66.49833918491017 8.095275661334346
v -13.04765796661377 68.1495129912302 -13.251789539583566
v -12.739742279052734 68.1495129912302 -13.251789539583566
v -12.739742279052734 66.49833631533382 -13.262279736623336
v -13.04765796661377 66.49833631533382 -13.262279736623336
v 12.73974323272705 66.49833930128392 8.961417096983007
v 13.04765796661377 66.49833930128392 8.961417096983007
v -12.739742279052734 66.49833930128392 8.961417096983007
v -13.04765796661377 66.49833930128392 8.961417096983007
v -13.047657012939453 57.3614591063752 8.961396390091394
v -12.73974323272705 57.36127600088211 8.961398297464884
v 13.188976287841797 57.359640505586356 -11.912901648991252
v 13.188976287841797 57.35963652016731 -13.18353837824473
v 13.04765796661377 57.35963650958787 -13.262278508758245
v 12.73974323272705 57.35963650958787 -13.262278508758245
v -13.188976287841797 57.35964315893038 7.835289499988758
v -13.188976287841797 57.359639484958535 8.882678194334584
v 12.598424911499023 66.49833918491017 8.095275661334346
v 7.744738578796387 66.49833918491017 8.095275661334346
v 7.744738578796387 57.35946008836863 8.095276889223527
v 12.598424911499023 57.35945627367085 8.09527688922404
v -12.739742279052734 57.35963650958787 -13.262278508758245
v -13.04765796661377 57.35963650958787 -13.262278508758245
v -12.598424911499023 66.85050159539774 -13.183539653426338
v -7.344390392303467 66.85050159539774 -13.183539653426338
v -7.34438943862915 57.35963652016731 -13.18353837824473
v -12.598423957824707 57.35963652016731 -13.18353837824473
v 13.04765796661377 66.49833930128392 8.961417096983007
v 12.73974323272705 66.49833930128392 8.961417096983007
v 12.73974323272705 57.36127600088211 8.961398297464884
v 13.047657012939453 57.3614591063752 8.961396390091394
v -12.739742279052734 31.28857675433949 15.975053637073751
v -13.04765796661377 31.288586291083426 15.975049822374691
v -13.04765796661377 30.867916674831687 15.944780252025645
v -12.739742279052734 30.867914767482798 15.944780252025902
v 13.188976287841797 30.89300393582098 -13.183534822218716
v 13.188976287841797 31.273413227654984 -13.183534873330068
v 13.188976287841797 31.273413410213976 -11.824792930517171
v 13.188976287841797 30.893004120333508 -11.81025315882435
v 12.73974323272705 31.273413217075554 -13.262275003843582
v 13.04765796661377 31.273413217075554 -13.262275003843582
v 13.04765796661377 30.893003925241548 -13.26227495273223
v 12.73974323272705 30.893003925241548 -13.26227495273223
v -13.188976287841797 31.27341713498735 15.897785028264991
v -13.188976287841797 31.27341661161713 12.002468380932369
v -13.188976287841797 30.89300733350416 12.104590752588486
v -13.188976287841797 30.893007839439747 15.870145686624658
v 12.598424911499023 31.716275388182442 5.061391586985879
v 7.744738578796387 31.716275388182442 5.061391586985879
v 7.744738578796387 30.893006504488543 5.934430106830924
v 12.598424911499023 30.89300650448848 5.934429629993702
v -13.04765796661377 31.273413217075554 -13.262275003843582
v -12.739742279052734 31.273413217075554 -13.262275003843582
v -12.739742279052734 30.893003925241548 -13.26227495273223
v -13.04765796661377 30.893003925241548 -13.26227495273223
v -12.598423957824707 31.273413227654984 -13.183534873330068
v -7.34438943862915 31.273413227654984 -13.183534873330068
v -7.34438943862915 30.89300393582098 -13.183534822218716
v -12.598423957824707 30.89300393582098 -13.183534822218716
v 13.04765796661377 31.288586291083426 15.975049822374691
v 12.73974323272705 31.28857675433949 15.975053637073751
v 12.73974323272705 30.867914767482798 15.944780252025902
v 13.04765796661377 30.867916674831687 15.944780252025645
v -7.344390392303467 30.48347123033443 14.438262690986985
v -7.344390392303467 30.483470612074523 9.836705294772976
v -12.598424911499023 30.483470612074523 9.836705294772976
v -12.598424911499023 30.48347123033443 14.438262690986985
v 12.598424911499023 31.273411412940938 15.897786935614649
v 12.598424911499023 31.27341057636365 9.671346623024178
v 12.598424911499023 30.893007028793697 9.83670523974814
v 12.598424911499023 30.893007839439747 15.870145686624658
v 12.598424911499023 30.30000526193516 14.541662006263268
v 7.744738578796387 30.30000526193516 14.541662006263268
v 7.744739055633545 26.773870010392955 12.407020545883789
v 12.598424911499023 26.773870010392955 12.407020545883789
v -12.598423957824707 26.77387011618728 13.194421851018934
v -12.598423957824707 26.773870010392955 12.407020545883789
v 12.598424911499023 26.77387011618728 13.194421851018934
v 12.598424911499023 26.773870010392955 12.407020545883789
v -12.598423957824707 0.0000016140960625834147 12.013322536947625
v -12.598423957824707 3.4786092592121203 12.013322069565941
v 7.744739055633545 3.478609312109411 12.407023675807958
v 7.744738578796387 3.4786092592121203 12.013322069565941
v 12.598424911499023 3.4786092592121203 12.013322069565941
v 12.598424911499023 3.478609312109411 12.407023675807958
v 12.598424911499023 3.4786092592121203 12.013322069565941
v 12.598424911499023 0.0000016140960625834147 12.013322536947625
v 7.744738578796387 -0.0000016082469747882775 -11.969789205903224
v 7.744738578796387 -0.000001771323996475074 -13.183531625144797
v -12.598424911499023 46.937600185204346 -11.080103086328272
v -7.344390392303467 46.93760399990212 -11.080103086328785
v -7.344390392303467 57.35945496187735 -1.668081585045049
v -12.598424911499023 57.35945496187735 -1.668081585045049
v -12.598424911499023 30.89300650448848 5.934429629993702
v -12.598424911499023 31.716275388182442 5.061391586985879
v -12.598424911499023 31.27341057636365 9.671346623024178
v -12.598424911499023 30.893007028793697 9.83670523974814
v 12.598424911499023 30.483470087769305 5.934429685018539
v 7.744738578796387 30.483471995118258 5.934430161855506
v 7.744738578796387 30.48347251942341 9.83670529477272
v 12.598424911499023 30.483470612074523 9.836705294772976
v 12.598424911499023 46.937600185204346 -11.080103086328272
v 12.598424911499023 44.99979502516251 -9.02515278942927
v 12.598424911499023 54.16294058945083 -0.2785772514504498
v 12.598424911499023 57.35945496187735 -1.668081585045049
v 7.744738578796387 30.893006504488543 5.934430106830924
v 7.744738578796387 30.483471995118258 5.934430161855506
v 12.598424911499023 30.483470087769305 5.934429685018539
v 12.598424911499023 30.89300650448848 5.934429629993702
v -12.598424911499023 30.483470612074523 9.836705294772976
v -12.598424911499023 30.483470087769305 5.934429685018539
v 12.598424911499023 30.89300650448848 5.934429629993702
v 12.598424911499023 30.483470087769305 5.934429685018539
v 12.598424911499023 30.483470612074523 9.836705294772976
v -12.739741325378418 37.183943854114894 13.288065560740764
v -13.047656059265137 37.18398581578956 13.288058885014014
v -13.047656059265137 34.35999953974132 14.45542640279399
v -12.739742279052734 34.359976651555165 14.455430217494843
v 13.188976287841797 37.155429246227314 -13.183535663630908
v 13.188976287841797 37.15542941357442 -11.938012043525012
v 13.188976287841797 34.32744899163404 -11.941526907563423
v 13.188976287841797 34.327448824759244 -13.183535283666743
v 12.73974323272705 37.15542923564788 -13.262275794144422
v 13.04765796661377 37.15542923564788 -13.262275794144422
v 13.04765796661377 34.32744881417981 -13.262275414180257
v 12.73974323272705 34.32744881417981 -13.262275414180257
v -13.188976287841797 37.155432793061074 13.2146812697385
v -13.188976287841797 37.15543233096854 9.7754393983442
v -13.188976287841797 34.327451983337255 10.324988954928358
v -13.188976287841797 34.32745252866487 14.383729162426388
v 12.598424911499023 34.6894122658892 1.9085209433078332
v 7.744738578796387 34.68941226588923 1.9085211817264445
v 7.744738578796387 32.975033922880264 3.726537589371706
v 12.598424911499023 32.9750339228802 3.726537112534484
v -13.04765796661377 37.15542923564788 -13.262275794144422
v -12.73974323272705 37.15542923564788 -13.262275794144422
v -12.73974323272705 34.32744881417981 -13.262275414180257
v -13.04765796661377 34.32744881417981 -13.262275414180257
v -12.598424911499023 37.155429246227314 -13.183535663630908
v -7.344390392303467 37.155429246227314 -13.183535663630908
v -7.344390392303467 34.327448824759244 -13.183535283666743
v -12.598424911499023 34.327448824759244 -13.183535283666743
v 13.047656059265137 37.18398581578956 13.288058885014014
v 12.739741325378418 37.183943854114894 13.288065560740764
v 12.739742279052734 34.359976651555165 14.455430217494843
v 13.047656059265137 34.35999953974132 14.45542640279399
v -12.598424911499023 34.3274296404782 14.383729162429463
v -12.598423957824707 31.273411412940938 15.897786935614649
v -12.598424911499023 31.27341057636365 9.671346623024178
v -12.598424911499023 34.327428828958276 8.343784655841175
v 12.598424911499023 37.15539083138551 13.214681269744139
v 12.598424911499023 37.15539001177075 7.1144888569592055
v 12.598424911499023 34.327428828958276 8.343784655841175
v 12.598424911499023 34.3274296404782 14.383729162429463
v -12.598424911499023 32.9750339228802 3.726537112534484
v -12.598424911499023 34.6894122658892 1.9085209433078332
v -12.598424911499023 37.15539001177075 7.1144888569592055
v -12.598424911499023 34.327428828958276 8.343784655841175
v 12.598424911499023 31.716275388182442 5.061391586985879
v 12.598424911499023 32.9750339228802 3.726537112534484
v -13.188976287841797 9.153393789183888e-7 6.812647304346947
v -13.188976287841797 3.4786085604554366 6.812646836965264
v -13.188977241516113 3.4786081393908206 3.678765800666273
v -13.188977241516113 4.942747628858386e-7 3.678766268047956
v 13.188976287841797 4.94274826953134e-7 3.6787667448851784
v 13.188976287841797 9.153393789183888e-7 6.812647304346947
v 12.598424911499023 7.950409232033152e-7 5.917295297299224
v 12.598424911499023 3.9283003084270006e-7 2.923737918769972
v 13.188976287841797 26.77386925873898 6.812643707041094
v 13.188976287841797 3.4786085604554366 6.812646836965264
v 13.188976287841797 3.4786081393908845 3.6787662775034957
v 13.188976287841797 26.773868837674428 3.6787631475793257
v 13.188976287841797 70.3536480632862 6.812637851712632
v 13.188976287841797 66.49833901257651 6.812638369707478
v 13.188976287841797 66.49833859151195 3.6787578102457097
v 13.188977241516113 70.94950343517068 3.6787567353551487
v 13.188976287841797 66.49833901257651 6.812638369707478
v 13.188976287841797 57.35964302152833 6.812639597572057
v 13.188976287841797 57.35964260046378 3.678759038110288
v 13.188976287841797 66.49833859151195 3.6787578102457097
v 13.188976287841797 34.32745145088998 6.362114009944461
v 13.188976287841797 31.273416100608564 8.199156521962378
v 13.188976287841797 31.273415650347843 4.8479759951025345
v 13.188976287841797 34.327451039312386 3.2988425526820526
v 13.188976287841797 30.893006384439566 5.040934903926723
v 13.188976287841797 30.893006839518662 8.427977404599082
v 7.744738578796387 7.950409232033152e-7 5.917295297299224
v 7.744738578796387 3.9283003084270006e-7 2.923737918769972
v 13.188976287841797 54.163101751124145 6.75011283893653
v 13.188976287841797 54.16310133137624 3.626031761229641
v -13.18897819519043 1.7124776411355217e-7 1.2745552583373025
v -12.598423957824707 8.426699280041016e-8 0.6271786340335332
v -12.598423957824707 3.928300949099954e-7 2.9237383956071943
v -13.188977241516113 4.942747628858386e-7 3.678766268047956
v -12.73974323272705 71.0768606123121 1.2756371889346665
v -13.04765796661377 71.07686061231219 1.2756379041905
v -13.04765796661377 71.02781918165533 3.686935913706341
v -12.739742279052734 71.02781918165526 3.6869354368691183
v 13.188976287841797 1.7124782818084753e-7 1.274555735174525
v 13.188976287841797 3.478607816363886 1.2745552677928422
v 13.188976287841797 4.94274826953134e-7 3.6787667448851784
v 12.598424911499023 69.97197917700514 1.2738861526864647
v 7.744738578796387 69.97197917700517 1.273886391105076
v 7.744738578796387 69.96299206759754 3.6448337142349074
v 12.598424911499023 69.96299206759748 3.6448332373976853
v 13.047659873962402 71.0768606123121 1.2756371889346665
v 12.73974323272705 71.0768606123121 1.2756371889346665
v 12.73974323272705 71.02781918165526 3.6869354368691183
v 13.047658920288086 71.0278191816552 3.686934960031896
v -13.18897819519043 26.773868514647365 1.2745516610314498
v -13.18897819519043 3.4786078163638217 1.2745547909556199
v -13.188977241516113 3.4786081393908206 3.678765800666273
v -13.188977241516113 26.773868837674364 3.678762670742103
v -13.188976287841797 70.99812525002423 1.2745461959489037
v -13.18897819519043 66.49834589788044 1.2745463236968086
v -13.188977241516113 66.49833859151188 3.678757333408487
v -13.188976287841797 70.94950343517075 3.6787572121923713
v -13.18897819519043 66.49834589788044 1.2745463236968086
v -13.18897819519043 57.35964227743671 1.2745475515624125
v -13.188977241516113 57.359642600463715 3.6787585612730656
v -13.188977241516113 66.49833859151188 3.678757333408487
v -13.188977241516113 34.32745103931232 3.2988420758448305
v -13.18897819519043 34.32745072356333 0.9487995361654854
v -13.18897819519043 31.27341530492242 2.2770589969976696
v -13.188977241516113 31.27341565034778 4.847975518265312
v -13.18897819519043 30.89300603531765 2.442505828608521
v -13.18897819519043 26.773868514647365 1.2745516610314498
v -13.188977241516113 26.773868837674364 3.678762670742103
v -13.188977241516113 30.893008291788323 5.040933950252021
v -13.18897819519043 57.35964227743671 1.2745475515624125
v -13.18897819519043 54.163101009359266 1.2293380903280806
v -13.188977241516113 54.163101331376176 3.6260312843924187
v -13.188977241516113 57.359642600463715 3.6787585612730656
v -13.18897819519043 1.7124776411355217e-7 1.2745552583373025
v -13.18897819519043 3.4786078163638217 1.2745547909556199
v -13.18897819519043 3.4786074149686503 -1.712931376850379
v -13.18897819519043 -2.3014740742600145e-7 -1.7129309094686964
v 13.188976287841797 -2.3014731132505844e-7 -1.712930194212863
v 13.188976287841797 1.7124782818084753e-7 1.274555735174525
v 12.598424911499023 8.426692873311481e-8 0.627178157196311
v 12.598424911499023 -2.991553163108046e-7 -2.2265399109717223
v 13.188976287841797 26.77386851464743 1.2745521378686722
v 13.188976287841797 3.4786074149687463 -1.7129306615945457
v 13.188976287841797 26.77386811325229 -1.7129337915187157
v 13.18897819519043 70.99812525002416 1.2745457191116814
v 13.188976287841797 66.49833826848496 1.274546800535056
v 13.188976287841797 66.49833786708982 -1.712939128852332
v 13.18897819519043 71.02054764216903 -1.7129404517070181
v 13.188976287841797 66.49833826848496 1.274546800535056
v 13.188976287841797 57.35964227743678 1.2745480283996349
v 13.188976287841797 57.359641876041636 -1.712937900987753
v 13.188976287841797 66.49833786708982 -1.712939128852332
v 13.188976287841797 34.32745072356343 0.9488002514213189
v 13.188976287841797 31.273415304922548 2.277059950672114
v 13.188976287841797 31.27341487569507 -0.9175752737442676
v 13.188976287841797 34.327450331212 -1.9713755740889878
v 13.188976287841797 30.893005601497077 -0.786314690737566
v 13.188976287841797 30.89300603531778 2.442506782282966
v 7.744738578796387 8.426694474993865e-8 0.6271782764056166
v 7.744738578796387 -2.991553163108046e-7 -2.2265399109717223
v 13.188976287841797 54.163101009359394 1.2293390440025251
v 13.188976287841797 54.16310060921936 -1.748805405781974
v -13.18897819519043 -6.526662869954186e-7 -4.857635673876003
v -12.598423957824707 -7.02755379836224e-7 -5.230436550991463
v -12.598423957824707 -2.9915525224350924e-7 -2.2265394341345
v -13.18897819519043 -2.3014740742600145e-7 -1.7129309094686964
v -12.73974323272705 70.87421541180046 -4.865678473136943
v -13.04765796661377 70.87421541180059 -4.865677519462499
v -13.04765796661377 71.09924485699518 -1.715451367883855
v -12.73974323272705 71.099244856995 -1.7154527983955217
v 13.188976287841797 -6.52666158860828e-7 -4.857634720201559
v 13.188976287841797 3.478606992449899 -4.8576351875832415
v 13.188976287841797 -2.3014731132505844e-7 -1.712930194212863
v 12.598424911499023 69.74784961826019 -4.721154681776244
v 7.744738578796387 69.74784961826019 -4.721154681776244
v 7.744738578796387 69.96763765843946 -1.6473517079438749
v 12.598424911499023 69.96763765843947 -1.647351588734569
v 13.047659873962402 70.87421541180046 -4.865678473136943
v 12.73974323272705 70.87421541180046 -4.865678473136943
v 12.73974323272705 71.099244856995 -1.7154527983955217
v 13.047659873962402 71.099244856995 -1.7154527983955217
v -13.18897819519043 26.773867690733315 -4.857639271181856
v -13.18897819519043 3.478606992449771 -4.857636141257686
v -13.18897819519043 26.773868113252195 -1.7129345067745492
v -13.188976287841797 70.79588440870313 -4.857644232254446
v -13.18897819519043 66.49834507396639 -4.857644608516497
v -13.18897819519043 66.49834549648527 -1.7129398441091903
v -13.188976287841797 71.02054764216913 -1.7129397364511847
v -13.18897819519043 66.49834507396639 -4.857644608516497
v -13.18897819519043 57.35964145352266 -4.857643380650893
v -13.18897819519043 57.35964187604154 -1.7129386162435865
v -13.18897819519043 66.49834549648527 -1.7129398441091903
v -13.18897819519043 34.32745033121187 -1.9713765277634323
v -13.18897819519043 34.327449918212686 -5.0452285261508
v -13.18897819519043 31.273414423879032 -4.280331620221254
v -13.18897819519043 31.27341487569495 -0.9175761678140594
v -13.18897819519043 30.893005144846057 -4.1850566310769395
v -13.18897819519043 30.893007508845805 -0.7863158828308779
v -13.18897819519043 54.16310018802155 -4.883677786666065
v -13.18897819519043 54.16310060921926 -1.7488061210378074
v -13.18897819519043 -6.526662869954186e-7 -4.857635673876003
v -13.18897819519043 3.478606992449771 -4.857636141257686
v -13.188977241516113 3.478606583789416 -7.8991952924412345
v -13.188977241516113 -0.0000010613266417757794 -7.899194825059552
v 13.188976287841797 -0.0000010613265777084838 -7.899194348222329
v 13.188976287841797 -6.52666158860828e-7 -4.857634720201559
v 12.598424911499023 -7.027554439035193e-7 -5.230437027828685
v 12.598424911499023 -0.0000010931174743952262 -8.135806223122357
v 13.188976287841797 26.773867690733443 -4.857638317507412
v 13.188976287841797 3.47860658378948 -7.8991948156040115
v 13.188976287841797 26.773867282073024 -7.899197945528182
v 13.188977241516113 70.38870315920148 -7.899204282404094
v 13.18897819519043 70.795884408703 -4.857645185928891
v 13.188976287841797 66.49833744457096 -4.857643654841028
v 13.188976287841797 66.49833703591055 -7.899203282861798
v 13.188976287841797 66.49833744457096 -4.857643654841028
v 13.188976287841797 57.35964145352279 -4.857642426976449
v 13.188976287841797 57.35964104486237 -7.899202054997219
v 13.188976287841797 66.49833703591055 -7.899203282861798
v 13.188976287841797 34.32744991821275 -5.045228049313578
v 13.188976287841797 31.273414423879164 -4.28033066654681
v 13.188976287841797 31.27341398688274 -7.532788245419453
v 13.188976287841797 34.327449518759764 -8.018259015935755
v 13.188976287841797 30.893004703173364 -7.472318558803101
v 13.188976287841797 30.893005144846185 -4.185055677402495
v 7.744738578796387 -7.027554439035193e-7 -5.230437027828685
v 7.744738578796387 -0.0000010931174743952262 -8.135806223122357
v 13.188976287841797 54.16310018802168 -4.883676832991621
v 13.188976287841797 54.16309978063908 -7.915725942614207
v -13.188976287841797 -0.0000014262660006700013 -10.615349288509652
v -12.598423957824707 -0.0000014417163414790147 -10.730342399357943
v -12.598423957824707 -0.0000010931174743952262 -8.135806223122357
v -13.188977241516113 -0.0000010613266417757794 -7.899194825059552
v -12.739742279052734 69.67565185201303 -10.646314922519295
v -13.04765796661377 69.67565185201303 -10.646314922519295
v -13.04765796661377 70.46576005214312 -7.915409128919007
v -12.739742279052734 70.46576005214305 -7.9154096057562295
v 13.188976287841797 -0.0000014262660006700013 -10.615349288509652
v 13.188976287841797 3.478606218850057 -10.615349755891335
v 13.188976287841797 -0.0000010613265777084838 -7.899194348222329
v 12.598424911499023 68.56120318898432 -10.392735599003187
v 7.744738578796387 68.56121081837988 -10.392735599004212
v 7.744738578796387 69.32495944640715 -7.739649159699594
v 12.598424911499023 69.32495944640728 -7.73964820602515
v 13.04765796661377 69.67565185201303 -10.646314922519295
v 12.73974323272705 69.67565185201303 -10.646314922519295
v 12.73974323272705 70.46576005214305 -7.9154096057562295
v 13.047658920288086 70.46576005214305 -7.9154096057562295
v -13.188976287841797 26.773866917133603 -10.615352885815504
v -13.188976287841797 3.478606218850057 -10.615349755891335
v -13.188977241516113 3.478606583789416 -7.8991952924412345
v -13.188977241516113 26.77386728207296 -7.899198422365405
v -13.188976287841797 69.60324889234275 -10.61535864032152
v -13.188976287841797 66.49834430036668 -10.615358223150146
v -13.188977241516113 66.49834466530604 -7.899203759700046
v -13.188976287841797 70.38870315920155 -7.899203805566871
v -13.188976287841797 66.49834430036668 -10.615358223150146
v -13.188976287841797 57.35964067992295 -10.615356995284541
v -13.188977241516113 57.35964104486231 -7.899202531834442
v -13.188977241516113 66.49834466530604 -7.899203759700046
v -13.188977241516113 34.327449518759764 -8.018259015935755
v -13.188976287841797 34.3274491620428 -10.67321619027967
v -13.188976287841797 31.273413596638914 -10.437277676038034
v -13.188977241516113 31.273413986882677 -7.532788722256675
v -13.188976287841797 30.893004308753376 -10.407890146918158
v -13.188976287841797 26.773866917133603 -10.615352885815504
v -13.188977241516113 26.77386728207296 -7.899198422365405
v -13.188977241516113 30.8930047031733 -7.472319035640323
v -13.188976287841797 57.35964067992295 -10.615356995284541
v -13.188976287841797 54.16309941684083 -10.623387458298449
v -13.188977241516113 54.16309978063908 -7.915725942614207
v -13.188977241516113 57.35964104486231 -7.899202531834442
v -13.188977241516113 26.77386728207296 -7.899198422365405
v -13.18897819519043 26.773867690733315 -4.857639271181856
v -13.188976287841797 70.38870315920155 -7.899203805566871
v -13.188977241516113 66.49834466530604 -7.899203759700046
v -13.18897819519043 66.49834507396639 -4.857644608516497
v -13.188976287841797 70.79588440870313 -4.857644232254446
v -13.188977241516113 66.49834466530604 -7.899203759700046
v -13.188977241516113 57.35964104486231 -7.899202531834442
v -13.18897819519043 57.35964145352266 -4.857643380650893
v -13.18897819519043 66.49834507396639 -4.857644608516497
v -13.18897819519043 34.327449918212686 -5.0452285261508
v -13.188977241516113 34.327449518759764 -8.018259015935755
v -13.188977241516113 31.273413986882677 -7.532788722256675
v -13.18897819519043 31.273414423879032 -4.280331620221254
v -13.188977241516113 30.8930047031733 -7.472319035640323
v -13.188977241516113 26.77386728207296 -7.899198422365405
v -13.18897819519043 26.773867690733315 -4.857639271181856
v -13.18897819519043 30.893005144846057 -4.1850566310769395
v -13.188977241516113 57.35964104486231 -7.899202531834442
v -13.188977241516113 54.16309978063908 -7.915725942614207
v -13.18897819519043 54.16310018802155 -4.883677786666065
v -13.18897819519043 57.35964145352266 -4.857643380650893
v -13.18897819519043 -6.526662869954186e-7 -4.857635673876003
v 13.18897819519043 70.795884408703 -4.857645185928891
v 13.18897819519043 71.02054764216903 -1.7129404517070181
v 13.188976287841797 66.49833786708982 -1.712939128852332
v 13.188976287841797 66.49833744457096 -4.857643654841028
v -13.18897819519043 26.773868514647365 1.2745516610314498
v -13.188976287841797 71.02054764216913 -1.7129397364511847
v -13.18897819519043 66.49834549648527 -1.7129398441091903
v -13.18897819519043 66.49834589788044 1.2745463236968086
v -13.188976287841797 70.99812525002423 1.2745461959489037
v -13.18897819519043 57.35964227743671 1.2745475515624125
v -13.18897819519043 66.49834589788044 1.2745463236968086
v -13.18897819519043 34.32745072356333 0.9487995361654854
v -13.18897819519043 31.27341530492242 2.2770589969976696
v -13.18897819519043 30.89300603531765 2.442505828608521
v -13.18897819519043 54.163101009359266 1.2293380903280806
v -13.188977241516113 4.942747628858386e-7 3.678766268047956
v -13.18897819519043 1.7124776411355217e-7 1.2745552583373025
v 13.188977241516113 70.94950343517068 3.6787567353551487
v 13.188976287841797 66.49833859151195 3.6787578102457097
v 13.188976287841797 66.49833826848496 1.274546800535056
v 13.18897819519043 70.99812525002416 1.2745457191116814
v -13.188977241516113 -0.0000010613266417757794 -7.899194825059552
v -13.188976287841797 -0.0000014262660006700013 -10.615349288509652
v 13.188976287841797 -0.0000014262660006700013 -10.615349288509652
v 12.598424911499023 -0.0000014417163414790147 -10.730342399357943
v 13.188976287841797 26.773866917133603 -10.615352885815504
v 13.188976287841797 69.60324889234275 -10.61535864032152
v 13.188977241516113 70.38870315920148 -7.899204282404094
v 13.188976287841797 66.49833703591055 -7.899203282861798
v 13.188976287841797 66.49833667097113 -10.615358223149121
v 13.188976287841797 57.35964067992295 -10.615356995284541
v 13.188976287841797 66.49833667097113 -10.615358223149121
v 13.188976287841797 31.273413596638914 -10.437277676038034
v 13.188976287841797 34.3274491620428 -10.67321619027967
v 13.188976287841797 30.893004308753376 -10.407890146918158
v 7.744738578796387 -0.0000014417164696136055 -10.730343353032387
v 13.188976287841797 54.16309941684083 -10.623387458298449
v -13.188976287841797 -0.0000016006025932431914 -11.912893942216362
v -12.598423957824707 -0.0000016082468466536869 -11.96978825222878
v -12.739742279052734 69.12416844675136 -11.962701248130152
v -13.04765796661377 69.12416844675136 -11.962701248130152
v 13.188976287841797 -0.0000016006025932431914 -11.912893942216362
v 12.598424911499023 67.96085349260349 -11.802758443385668
v 7.744738578796387 67.96085349260336 -11.802759397060113
v 13.04765796661377 69.12416844675136 -11.962701248130152
v 12.73974323272705 69.12416844675136 -11.962701248130152
v -13.188976287841797 26.773866742797008 -11.912897539522215
v -13.188976287841797 3.478606218850057 -10.615349755891335
v -13.188976287841797 26.773866917133603 -10.615352885815504
v -13.188976287841797 69.06851201285876 -11.912903222181628
v -13.188976287841797 66.49834412603009 -11.912902876856856
v -13.188976287841797 66.49834430036668 -10.615358223150146
v -13.188976287841797 69.60324889234275 -10.61535864032152
v -13.188976287841797 57.359640505586356 -11.912901648991252
v -13.188976287841797 57.35964067992295 -10.615356995284541
v -13.188976287841797 34.3274491620428 -10.67321619027967
v -13.188976287841797 34.32744899163404 -11.941526907563423
v -13.188976287841797 31.273413410213976 -11.824792930517171
v -13.188976287841797 31.273413596638914 -10.437277676038034
v -13.188976287841797 30.893004120333508 -11.81025315882435
v -13.188976287841797 30.893004308753376 -10.407890146918158
v -13.188976287841797 54.16309924304932 -11.916875180918083
v -13.188976287841797 54.16309941684083 -10.623387458298449
v -12.598424911499023 7.950409872706107e-7 5.917295774136446
v -13.188976287841797 9.153393789183888e-7 6.812647304346947
v -13.04765796661377 70.4224957339209 6.8508520542923135
v -12.73974323272705 70.4224957339209 6.8508520542923135
v 13.188976287841797 9.153393789183888e-7 6.812647304346947
v 7.744738578796387 69.3527629086787 6.735500505580934
v 12.598424911499023 69.3527629086787 6.735500505580934
v 12.73974323272705 70.4224957339209 6.8508520542923135
v 13.04765796661377 70.4224957339209 6.8508520542923135
v -13.188977241516113 26.773868837674364 3.678762670742103
v -13.188976287841797 26.77386925873898 6.812643707041094
v -13.188976287841797 70.3536480632862 6.812637851712632
v -13.188976287841797 70.94950343517075 3.6787572121923713
v -13.188977241516113 66.49833859151188 3.678757333408487
v -13.188976287841797 66.49834664197206 6.812638369706453
v -13.188977241516113 66.49833859151188 3.678757333408487
v -13.188977241516113 57.359642600463715 3.6787585612730656
v -13.188976287841797 57.35964302152833 6.812639597572057
v -13.188976287841797 66.49834664197206 6.812638369706453
v -13.188976287841797 34.32745145088998 6.362114009944461
v -13.188977241516113 34.32745103931232 3.2988420758448305
v -13.188977241516113 31.27341565034778 4.847975518265312
v -13.188976287841797 31.273416100608564 8.199156521962378
v -13.188977241516113 30.893008291788323 5.040933950252021
v -13.188977241516113 26.773868837674364 3.678762670742103
v -13.188976287841797 26.77386925873898 6.812643707041094
v -13.188976287841797 30.89300874686742 8.42797645092438
v -13.188977241516113 57.359642600463715 3.6787585612730656
v -13.188977241516113 54.163101331376176 3.6260312843924187
v -13.188976287841797 54.163101751124145 6.75011283893653
v -13.188976287841797 57.35964302152833 6.812639597572057
v -13.188976287841797 0.0000013389398425676945 9.965402034740624
v -13.188976287841797 3.4786085604554366 6.812646836965264
v -13.188976287841797 9.153393789183888e-7 6.812647304346947
v 13.188976287841797 26.773869682339445 9.965398437434771
v 13.188976287841797 69.46032997086287 8.330003154399547
v 13.188976287841797 66.49833914997856 7.835288272124179
v 13.188976287841797 70.3536480632862 6.812637851712632
v 13.188976287841797 57.35964315893038 7.835289499988758
v 13.188976287841797 34.327451983337255 10.324988954928358
v 13.188976287841797 31.27341661161713 12.002468380932369
v 13.188976287841797 30.89300733350416 12.104590752588486
v 13.188976287841797 54.16310190248909 7.876685122412069
v -12.598423957824707 68.11024746626296 8.882676749895383
v -12.598423957824707 66.49833929070448 8.882676966469493
v -12.598423957824707 66.49833918491017 8.095275661334346
v -12.598423957824707 67.80768842088165 8.09520300615392
v -12.598423957824707 66.49833929070448 8.882676966469493
v -12.598424911499023 57.35945637946518 8.882678194359187
v -12.598424911499023 57.35945627367085 8.09527688922404
v -12.598423957824707 66.49833918491017 8.095275661334346
v 12.598424911499023 57.35945637946518 8.882678194359187
v 12.598424911499023 66.49833929070448 8.882676966469493
v 12.598424911499023 66.49833918491017 8.095275661334346
v 12.598424911499023 57.35945627367085 8.09527688922404
v 12.598424911499023 68.11024746626296 8.882676749895383
v 12.598424911499023 67.80768842088165 8.09520300615392
v 12.598424911499023 69.46032997086287 8.330003154399547
v 12.598424911499023 68.72431445902443 7.636903661416889
v 12.598424911499023 70.3536480632862 6.812637851712632
v 12.598424911499023 70.94950343517068 3.6787567353551487
v 12.598424911499023 69.96299206759748 3.6448332373976853
v 12.598424911499023 69.3527629086787 6.735500505580934
v 12.598424911499023 70.99812525002416 1.2745457191116814
v 12.598424911499023 69.97197917700514 1.2738861526864647
v 12.598424911499023 71.02054764216903 -1.7129404517070181
v 12.598424911499023 69.96763765843947 -1.647351588734569
v 12.598424911499023 70.795884408703 -4.857645185928891
v 12.598424911499023 69.74784961826019 -4.721154681776244
v 12.598424911499023 70.38870315920148 -7.899204282404094
v 12.598424911499023 69.32495944640728 -7.73964820602515
v 12.598424911499023 69.60324889234275 -10.61535864032152
v 12.598424911499023 68.56120318898432 -10.392735599003187
v 12.598424911499023 69.06851201285876 -11.912903222181628
v 12.598424911499023 67.96085349260349 -11.802758443385668
v -12.598423957824707 68.11024450147174 -13.183539822683931
v -12.598423957824707 69.06851201285876 -11.912903222181628
v -12.598424911499023 67.96085349260349 -11.802758443385668
v -12.598424911499023 66.85050159539774 -13.183539653426338
v -12.598423957824707 69.60324889234275 -10.61535864032152
v -12.598423957824707 70.38870315920148 -7.899204282404094
v -12.598424911499023 69.32495944640682 -7.739651543885706
v -12.598424911499023 68.56120318898432 -10.392735599003187
v -12.598423957824707 70.38870315920148 -7.899204282404094
v -12.598424911499023 70.795884408703 -4.857645185928891
v -12.598424911499023 69.74784961826019 -4.721154681776244
v -12.598424911499023 69.32495944640682 -7.739651543885706
v -12.598424911499023 70.795884408703 -4.857645185928891
v -12.598424911499023 71.02054764216903 -1.7129404517070181
v -12.598424911499023 69.96763765843947 -1.647351588734569
v -12.598424911499023 69.74784961826019 -4.721154681776244
v -12.598424911499023 70.99812525002416 1.2745457191116814
v -12.598424911499023 69.97197917700514 1.2738861526864647
v -12.598424911499023 70.99812525002416 1.2745457191116814
v -12.598423957824707 70.94950343517068 3.6787567353551487
v -12.598423957824707 69.96299206759748 3.6448332373976853
v -12.598424911499023 69.97197917700514 1.2738861526864647
v -12.598423957824707 70.94950343517068 3.6787567353551487
v -12.598424911499023 70.3536480632862 6.812637851712632
v -12.598424911499023 69.3527629086787 6.735500505580934
v -12.598423957824707 69.96299206759748 3.6448332373976853
v -12.598424911499023 69.46032997086287 8.330003154399547
v -12.598424911499023 68.72431445902443 7.636903661416889
v -12.598424911499023 69.3527629086787 6.735500505580934
v -12.598424911499023 70.3536480632862 6.812637851712632
v -12.598424911499023 37.15539083138551 13.214681269744139
v -12.598424911499023 34.3274296404782 14.383729162429463
v 12.598424911499023 34.6894122658892 1.9085209433078332
v -12.739740371704102 40.43112506976405 12.101994522894469
v -13.04765510559082 40.431189919625126 12.101985939815755
v 13.188976287841797 40.407985530404964 -13.183536100640593
v 13.188976287841797 40.40798569829536 -11.933968900889843
v 12.73974323272705 40.40798551982553 -13.262276231154107
v 13.04765796661377 40.40798551982553 -13.262276231154107
v -13.188976287841797 40.40798891762928 12.026746751305408
v -13.188976287841797 40.407988540620416 9.220761877226227
v 12.598424911499023 36.661175860713875 -0.18244022438895027
v 7.744738578796387 36.661175860713875 -0.18244022438895027
v 7.744738578796387 34.68941226588923 1.9085211817264445
v 12.598424911499023 34.6894122658892 1.9085209433078332
v -13.04765796661377 40.40798551982553 -13.262276231154107
v -12.739742279052734 40.40798551982553 -13.262276231154107
v -12.598423957824707 40.407985530404964 -13.183536100640593
v -7.34438943862915 40.407985530404964 -13.183536100640593
v 13.04765510559082 40.431189919625126 12.101985939815755
v 12.739740371704102 40.43112506976405 12.101994522894469
v 12.598424911499023 40.40792025306928 12.026746751314635
v 12.598424911499023 40.40791940310026 5.700635061501866
v -12.598424911499023 36.661175860713875 -0.18244022438895027
v -12.598424911499023 40.40791940310026 5.700635061501866
v 13.188976287841797 37.15543146704797 3.345489727660936
v 13.188976287841797 37.155431879790434 6.417431039298666
v -13.18897819519043 37.15543115040535 0.9887961431960579
v -13.18897819519043 34.32745072356333 0.9487995361654854
v -13.188977241516113 34.32745103931232 3.2988420758448305
v -13.188977241516113 37.15543146704797 3.345489727660936
v 13.188976287841797 37.15543075694359 -1.9396436290041115
v 13.188976287841797 37.155431150405434 0.9887967392425857
v -13.18897819519043 37.1554303427754 -5.022196237767636
v -13.18897819519043 37.15543075694346 -1.939644582678556
v 13.188976287841797 37.15542994219201 -8.003640520339552
v 13.188976287841797 37.15543034277546 -5.022195760930414
v -13.188976287841797 34.3274491620428 -10.67321619027967
v -13.188977241516113 34.327449518759764 -8.018259015935755
v -13.188977241516113 37.15542994219201 -8.003640520339552
v -13.188976287841797 37.15542958446547 -10.666111695632004
v -13.188977241516113 37.15542994219201 -8.003640520339552
v -13.188977241516113 34.327449518759764 -8.018259015935755
v -13.18897819519043 34.327449918212686 -5.0452285261508
v -13.18897819519043 37.1554303427754 -5.022196237767636
v -13.18897819519043 37.15543115040535 0.9887961431960579
v 13.188976287841797 37.15542958446547 -10.666111695632004
v -13.188976287841797 34.327448824759244 -13.183535283666743
v -13.188976287841797 37.15542941357442 -11.938012043525012
v -13.188976287841797 37.155429246227314 -13.183535663630908
v -13.188977241516113 37.15543146704797 3.345489727660936
v -13.188977241516113 34.32745103931232 3.2988420758448305
v -13.188976287841797 34.32745145088998 6.362114009944461
v -13.188976287841797 37.155431879790434 6.417431039298666
v 13.188976287841797 37.155432793061074 13.2146812697385
v 13.188976287841797 34.32745252866487 14.383729162426388
v 13.188976287841797 37.15543233096854 9.7754393983442
v -12.598424911499023 40.40792025306928 12.026746751314635
v 12.598424911499023 36.661175860713875 -0.18244022438895027
v 13.188976287841797 40.407987758434146 3.399140630715008
v 13.188976287841797 40.40798817251639 6.481053562344857
v -13.18897819519043 40.40798744076377 1.0347976235304677
v -13.18897819519043 37.15543115040535 0.9887961431960579
v -13.188977241516113 37.15543146704797 3.345489727660936
v -13.188977241516113 40.407987758434146 3.399140630715008
v 13.188976287841797 40.40798704602485 -1.9031476602770516
v 13.188976287841797 40.40798744076383 1.0347981003676898
v -13.18897819519043 40.407986630512305 -4.995705982894087
v -13.18897819519043 40.40798704602472 -1.9031486139514961
v 13.188976287841797 40.40798622862867 -7.9868276768919815
v 13.188976287841797 40.40798663051243 -4.995705029219643
v -13.188976287841797 37.15542958446547 -10.666111695632004
v -13.188977241516113 37.15542994219201 -8.003640520339552
v -13.188977241516113 40.40798622862867 -7.9868276768919815
v -13.188976287841797 40.40798586974098 -10.657941050000865
v -13.188977241516113 40.40798622862867 -7.9868276768919815
v -13.188977241516113 37.15542994219201 -8.003640520339552
v -13.18897819519043 37.1554303427754 -5.022196237767636
v -13.18897819519043 40.407986630512305 -4.995705982894087
v -13.18897819519043 40.40798744076377 1.0347976235304677
v 13.188976287841797 40.40798586974098 -10.657941050000865
v -13.188976287841797 40.40798569829536 -11.933968900889843
v -13.188976287841797 40.407985530404964 -13.183536100640593
v -13.188977241516113 40.407987758434146 3.399140630715008
v -13.188977241516113 37.15543146704797 3.345489727660936
v -13.188976287841797 37.155431879790434 6.417431039298666
v -13.188976287841797 40.40798817251639 6.481053562344857
v 13.188976287841797 40.40798891762928 12.026746751305408
v 13.188976287841797 40.407988540620416 9.220761877226227
v -12.739740371704102 44.43322736949316 11.088424017146407
v -13.04765510559082 44.43331510754077 11.088414480390174
v 13.188976287841797 44.41537132273891 -13.183536639068294
v 13.188976287841797 44.41537149129843 -11.928989351368152
v 12.73974323272705 44.41537131215948 -13.262276769581808
v 13.04765796661377 44.41537131215948 -13.262276769581808
v -13.188976287841797 44.41537457358959 11.011750501552891
v -13.188976287841797 44.41537808560925 8.758991219076895
v 12.598424911499023 39.09053146231951 -2.75865878671785
v 7.744738578796387 39.09053527701729 -2.7586587867183625
v 7.744738578796387 36.661175860713875 -0.18244022438895027
v 12.598424911499023 36.661175860713875 -0.18244022438895027
v -13.04765796661377 44.41537131215948 -13.262276769581808
v -12.739742279052734 44.41537131215948 -13.262276769581808
v -12.598423957824707 44.41537132273891 -13.183536639068294
v -7.34438943862915 44.41537132273891 -13.183536639068294
v 13.04765510559082 44.43331510754077 11.088414480390174
v 12.739740371704102 44.43322736949316 11.088424017146407
v 12.598424911499023 44.415283020842914 11.011750501565192
v 12.598424911499023 44.415282073198306 3.958663273097831
v -12.598424911499023 39.09053146231951 -2.75865878671785
v -12.598424911499023 44.415282073198306 3.958663273097831
v -12.598424911499023 44.415283020842914 11.011750501565192
v 12.598424911499023 39.09053146231951 -2.75865878671785
v 13.188976287841797 44.41537737434733 3.465242605898476
v 13.188976287841797 44.415377790080264 6.559441248560123
v -13.18897819519043 44.415377055410644 1.0914747918064558
v -13.18897819519043 40.40798744076377 1.0347976235304677
v -13.188977241516113 40.407987758434146 3.399140630715008
v -13.188977241516113 44.415377374347266 3.465242129061254
v 13.188976287841797 44.4153766590982 -1.858181852598636
v 13.188976287841797 44.41537705541071 1.0914752686436782
v -13.18897819519043 44.41537624192931 -4.963067967132335
v -13.18897819519043 44.415376659098094 -1.858182687063775
v 13.188976287841797 44.41537583844367 -7.966112975873101
v 13.188976287841797 44.41537624192944 -4.9630670134578905
v -13.188976287841797 40.40798586974098 -10.657941050000865
v -13.188977241516113 40.40798622862867 -7.9868276768919815
v -13.188977241516113 44.41537583844367 -7.966112975873101
v -13.188976287841797 44.41537547812529 -10.647874600992504
v -13.188977241516113 44.41537583844367 -7.966112975873101
v -13.188977241516113 40.40798622862867 -7.9868276768919815
v -13.18897819519043 40.407986630512305 -4.995705982894087
v -13.18897819519043 44.41537624192931 -4.963067967132335
v -13.18897819519043 44.415377055410644 1.0914747918064558
v 13.188976287841797 44.41537547812529 -10.647874600992504
v -13.188976287841797 44.41537149129843 -11.928989351368152
v -13.188976287841797 44.41537132273891 -13.183536639068294
v -13.188977241516113 44.415377374347266 3.465242129061254
v -13.188977241516113 40.407987758434146 3.399140630715008
v -13.188976287841797 40.40798817251639 6.481053562344857
v -13.188976287841797 44.415377790080264 6.559441248560123
v 13.188976287841797 44.41537457358959 11.011750501552891
v 13.188976287841797 44.41537427091147 8.758991219077407
v -12.739740371704102 48.21402763400334 10.275701193850312
v -13.047654151916504 48.21414588963292 10.275689749741087
v 13.188976287841797 48.19791119863236 -13.183537147285957
v 13.188976287841797 48.197915182521356 -11.924288244574742
v 12.73974323272705 48.19791118805293 -13.262277277799472
v 13.04765796661377 48.19791118805293 -13.262277277799472
v -13.188976287841797 48.19791434023536 10.198646208245261
v -13.188976287841797 48.19792172725946 8.394734756766344
v 12.598424911499023 41.38358411703467 -5.190331040941687
v 7.744738578796387 41.38358411703467 -5.190331040941687
v 7.744738578796387 39.09053527701729 -2.7586587867183625
v 12.598424911499023 39.09053146231951 -2.75865878671785
v -13.04765796661377 48.19791118805293 -13.262277277799472
v -12.739742279052734 48.19791118805293 -13.262277277799472
v -12.598423957824707 48.19791119863236 -13.183537147285957
v -7.34438943862915 48.19791119863236 -13.183537147285957
v 13.047654151916504 48.21414588963292 10.275689749741087
v 12.739740371704102 48.21402763400334 10.275701193850312
v 12.598424911499023 48.197796084604235 10.198646208261149
v 12.598424911499023 48.19779502529008 2.3144297940275576
v -12.598424911499023 41.38358411703467 -5.190331040941687
v -12.598424911499023 48.19779502529008 2.3144297940275576
v -12.598424911499023 48.197796084604235 10.198646208261149
v 12.598424911499023 41.38358411703467 -5.190331040941687
v 13.188976287841797 48.197921073321695 3.527635771377162
v 13.188976287841797 48.19792149061262 6.63343014160998
v -13.18897819519043 48.19792075318974 1.144971843647853
v -13.18897819519043 44.415377055410644 1.0914747918064558
v -13.188977241516113 44.415377374347266 3.465242129061254
v -13.188977241516113 48.19792107332163 3.5276352945399396
v 13.188976287841797 48.19792035539206 -1.8157390796625228
v 13.188976287841797 48.197920753189806 1.1449723204850755
v -13.18897819519043 48.197919936659794 -4.9322609760940646
v -13.18897819519043 48.19792035539194 -1.8157399141276618
v 13.188976287841797 48.197919531661974 -7.946560773792079
v 13.188976287841797 48.19791993665992 -4.932260022419619
v -13.188976287841797 44.41537547812529 -10.647874600992504
v -13.188977241516113 44.41537583844367 -7.966112975873101
v -13.188977241516113 48.197919531661974 -7.946560773792079
v -13.188976287841797 48.197919169993256 -10.638372697045275
v -13.188977241516113 48.197919531661974 -7.946560773792079
v -13.188977241516113 44.41537583844367 -7.966112975873101
v -13.18897819519043 44.41537624192931 -4.963067967132335
v -13.18897819519043 48.197919936659794 -4.9322609760940646
v -13.18897819519043 48.19792075318974 1.144971843647853
v 13.188976287841797 48.197919169993256 -10.638372697045275
v -13.188976287841797 48.197915182521356 -11.924288244574742
v -13.188976287841797 48.19791119863236 -13.183537147285957
v -13.188977241516113 48.19792107332163 3.5276352945399396
v -13.188977241516113 44.415377374347266 3.465242129061254
v -13.188976287841797 44.415377790080264 6.559441248560123
v -13.188976287841797 48.19792149061262 6.63343014160998
v 13.188976287841797 48.19791434023536 10.198646208245261
v 13.188976287841797 48.19791791256156 8.39473380309241
v -12.739740371704102 51.46258602482663 9.605236151608885
v -13.047654151916504 51.46272335394498 9.605223753822655
v 13.188976287841797 51.44766749464084 -13.183537583919438
v 13.188976287841797 51.44767147907261 -11.920248916261148
v 12.73974323272705 51.447667484061405 -13.262277714432953
v 13.04765796661377 51.447667484061405 -13.262277714432953
v -13.188976287841797 51.447670546128826 9.52794179355732
v -13.188976287841797 51.447677983070335 8.095553295438178
v 12.598424911499023 43.35365017158967 -7.2794939360359034
v 7.744738578796387 43.35365017158967 -7.2794939360359034
v 7.744738578796387 41.38358411703467 -5.190331040941687
v 12.598424911499023 41.38358411703467 -5.190331040941687
v -13.04765796661377 51.447667484061405 -13.262277714432953
v -12.73974323272705 51.447667484061405 -13.262277714432953
v -12.598424911499023 51.44766749464084 -13.183537583919438
v -7.344390392303467 51.44766749464084 -13.183537583919438
v 13.047654151916504 51.46272335394498 9.605223753822655
v 12.739740371704102 51.46258602482663 9.605236151608885
v 12.598424911499023 51.44753321700881 9.52794179357577
v 12.598424911499023 51.44753205800929 0.901791576234268
v -12.598424911499023 43.35365017158967 -7.2794939360359034
v -12.598424911499023 51.44753205800929 0.901791576234268
v -12.598424911499023 51.44753321700881 9.52794179357577
v 12.598424911499023 43.35365017158967 -7.2794939360359034
v 13.188976287841797 51.44767737653256 3.5812408984340993
v 13.188976287841797 51.44767779516198 6.696997351914591
v -13.18897819519043 51.44767705537364 1.1909335084504065
v -13.18897819519043 48.19792075318974 1.144971843647853
v -13.188977241516113 48.19792107332163 3.5276352945399396
v -13.188977241516113 51.447677376532496 3.5812404215968767
v 13.188976287841797 51.44767665629995 -1.779274462606624
v 13.188976287841797 51.44767705537374 1.1909342237062397
v -13.18897819519043 51.44767623622453 -4.905793132193759
v -13.18897819519043 51.44767665629985 -1.7792751778624574
v 13.188976287841797 51.447675829927555 -7.929762235084974
v 13.188976287841797 51.44767623622466 -4.905792178519315
v -13.188976287841797 48.197919169993256 -10.638372697045275
v -13.188977241516113 48.197919531661974 -7.946560773792079
v -13.188977241516113 51.447675829927555 -7.929762235084974
v -13.188976287841797 51.4476754670987 -10.630208726759042
v -13.188977241516113 51.447675829927555 -7.929762235084974
v -13.188977241516113 48.197919531661974 -7.946560773792079
v -13.18897819519043 48.197919936659794 -4.9322609760940646
v -13.18897819519043 51.44767623622453 -4.905793132193759
v -13.18897819519043 51.44767705537364 1.1909335084504065
v 13.188976287841797 51.4476754670987 -10.630208726759042
v -13.188976287841797 51.44767147907261 -11.920248916261148
v -13.188976287841797 51.44766749464084 -13.183537583919438
v -13.188977241516113 51.447677376532496 3.5812404215968767
v -13.188977241516113 48.19792107332163 3.5276352945399396
v -13.188976287841797 48.19792149061262 6.63343014160998
v -13.188976287841797 51.44767779516198 6.696997351914591
v 13.188976287841797 51.447670546128826 9.52794179355732
v 13.188976287841797 51.44767416837255 8.09555329543869
v -12.739741325378418 54.1718758729169 9.108744288693877
v -13.04765510559082 54.17202846082701 9.10873665927782
v 13.188976287841797 54.16309907286198 -13.183537948761671
v 13.188976287841797 54.16309924304932 -11.916875180918083
v 12.73974323272705 54.16309906228255 -13.262278079275186
v 13.04765796661377 54.16309906228255 -13.262278079275186
v -13.188976287841797 54.1630982428177 9.030508653140874
v -13.188976287841797 54.16310190248909 7.876685122412069
v 12.598424911499023 44.99979502516251 -9.02515278942927
v 7.744738578796387 44.99979502516251 -9.02515278942927
v 7.744738578796387 43.35365017158967 -7.2794939360359034
v 12.598424911499023 43.35365017158967 -7.2794939360359034
v -13.04765796661377 54.16309906228255 -13.262278079275186
v -12.73974323272705 54.16309906228255 -13.262278079275186
v -12.598424911499023 54.16309907286198 -13.183537948761671
v -7.344390392303467 54.16309907286198 -13.183537948761671
v 13.04765510559082 54.17203227552491 9.108737612951751
v 12.739741325378418 54.17187587291703 9.108745242368322
v -12.598424911499023 44.99979121046486 -9.025151835754315
v -12.598424911499023 54.162940589450805 -0.2785773706597554
v -13.18897819519043 54.163101009359266 1.2293380903280806
v -13.18897819519043 51.44767705537364 1.1909335084504065
v -13.188977241516113 51.447677376532496 3.5812404215968767
v -13.188977241516113 54.163101331376176 3.6260312843924187
v -13.188976287841797 51.4476754670987 -10.630208726759042
v -13.188977241516113 51.447675829927555 -7.929762235084974
v -13.188977241516113 54.16309978063908 -7.915725942614207
v -13.188976287841797 54.16309941684083 -10.623387458298449
v -13.188977241516113 54.16309978063908 -7.915725942614207
v -13.188977241516113 51.447675829927555 -7.929762235084974
v -13.18897819519043 51.44767623622453 -4.905793132193759
v -13.18897819519043 54.16310018802155 -4.883677786666065
v -13.188976287841797 54.16309907286198 -13.183537948761671
v -13.188977241516113 54.163101331376176 3.6260312843924187
v -13.188977241516113 51.447677376532496 3.5812404215968767
v -13.188976287841797 51.44767779516198 6.696997351914591
v -13.188976287841797 54.163101751124145 6.75011283893653
v 13.188976287841797 54.16310205751561 9.030509606814807
v 12.598424911499023 46.937600185204346 -11.080103086328272
v 7.744738578796387 46.93760399990212 -11.080103086328785
v 7.744738578796387 44.99979502516251 -9.02515278942927
v 12.598424911499023 44.99979502516251 -9.02515278942927
v -12.598424911499023 46.937600185204346 -11.080103086328272
v -12.598424911499023 57.35945496187735 -1.668081585045049
v 12.598424911499023 32.9750339228802 3.726537112534484
v 7.744738578796387 32.975033922880264 3.726537589371706
v 7.744738578796387 31.716275388182442 5.061391586985879
v 12.598424911499023 31.716275388182442 5.061391586985879
v -12.598423957824707 31.273411412940938 15.897786935614649
v -12.598423957824707 30.893007839439747 15.870145686624658
v -12.598424911499023 30.893007028793697 9.83670523974814
v -12.598424911499023 31.27341057636365 9.671346623024178
v -13.18897819519043 30.89300603531765 2.442505828608521
v -13.188977241516113 30.893008291788323 5.040933950252021
v -13.188977241516113 31.27341565034778 4.847975518265312
v -13.18897819519043 31.27341530492242 2.2770589969976696
v -13.188976287841797 30.893004308753376 -10.407890146918158
v -13.188977241516113 30.8930047031733 -7.472319035640323
v -13.188977241516113 31.273413986882677 -7.532788722256675
v -13.188976287841797 31.273413596638914 -10.437277676038034
v -13.188977241516113 30.8930047031733 -7.472319035640323
v -13.18897819519043 30.893005144846057 -4.1850566310769395
v -13.18897819519043 31.273414423879032 -4.280331620221254
v -13.188977241516113 31.273413986882677 -7.532788722256675
v -13.188976287841797 30.89300393582098 -13.183534822218716
v -13.188976287841797 31.273413227654984 -13.183534873330068
v -13.188977241516113 30.893008291788323 5.040933950252021
v -13.188976287841797 30.89300874686742 8.42797645092438
v -13.188976287841797 31.273416100608564 8.199156521962378
v -13.188977241516113 31.27341565034778 4.847975518265312
v 13.188976287841797 31.27341713498735 15.897785028264991
v 13.188976287841797 30.893007839439747 15.870145686624658
v -7.344390392303467 57.35945496187735 -1.668081585045049
v -7.344390392303467 57.35945627367085 8.09527688922404
v -12.598424911499023 57.35945627367085 8.09527688922404
v -12.598424911499023 57.35945496187735 -1.668081585045049
v -12.598423957824707 -0.0000017713238683404834 -13.183530671470352
v -13.188976287841797 -0.0000017713238683404834 -13.183530671470352
v -13.188976287841797 3.478605873792189 -13.183531138852036
v -13.188976287841797 26.773866572075733 -13.183534268776205
v -13.188976287841797 30.89300393582098 -13.183534822218716
v -13.188976287841797 31.273413227654984 -13.183534873330068
v -13.188976287841797 34.327448824759244 -13.183535283666743
v -13.188976287841797 37.155429246227314 -13.183535663630908
v -13.188976287841797 40.407985530404964 -13.183536100640593
v -13.188976287841797 44.41537132273891 -13.183536639068294
v -13.188976287841797 48.19791119863236 -13.183537147285957
v -13.188976287841797 51.44766749464084 -13.183537583919438
v -13.188976287841797 54.16309907286198 -13.183537948761671
v -13.188976287841797 57.35963652016731 -13.18353837824473
v -13.188976287841797 66.49833632591326 -13.183539606109822
v -13.188976287841797 68.11024450147174 -13.183539822683931
v -13.188976287841797 68.11024450147174 -13.183539822683931
v -13.188976287841797 69.06851201285876 -11.912903222181628
v -13.04765796661377 68.1495129912302 -13.251789539583566
v -13.188976287841797 69.60324889234275 -10.61535864032152
v -13.188976287841797 70.38870315920155 -7.899203805566871
v -13.188976287841797 70.79588440870313 -4.857644232254446
v -13.188976287841797 71.02054764216913 -1.7129397364511847
v -13.188976287841797 70.99812525002423 1.2745461959489037
v -13.188976287841797 70.94950343517075 3.6787572121923713
v -13.188976287841797 70.3536480632862 6.812637851712632
v -13.188976287841797 69.46032997086287 8.330003154399547
v -13.188976287841797 68.11024746626296 8.882676749895383
v -13.188976287841797 66.49833929070448 8.882676966469493
v -13.188976287841797 66.49833929070448 8.882676966469493
v -13.188976287841797 57.359639484958535 8.882678194334584
v -13.188976287841797 54.1630982428177 9.030508653140874
v -13.188976287841797 51.447670546128826 9.52794179355732
v -13.188976287841797 48.19791434023536 10.198646208245261
v -13.188976287841797 44.41537457358959 11.011750501552891
v -13.188976287841797 40.40798891762928 12.026746751305408
v -13.188976287841797 37.155432793061074 13.2146812697385
v -13.188976287841797 34.32745252866487 14.383729162426388
v -13.188976287841797 31.27341713498735 15.897785028264991
v -13.188976287841797 30.893007839439747 15.870145686624658
v -13.188976287841797 26.77387011618728 13.194421851018934
v -13.188976287841797 3.4786094179037357 13.194424980943102
v -13.188976287841797 0.0000017727876779043558 13.194425448324786
v -12.598423957824707 0.0000017727876779043558 13.194425448324786
v -12.598423957824707 3.4786094179037357 13.194424980943102
v -12.598423957824707 26.77387011618728 13.194421851018934
v -12.598423957824707 30.893007839439747 15.870145686624658
v -12.598423957824707 31.273411412940938 15.897786935614649
v -12.598424911499023 34.3274296404782 14.383729162429463
v -12.598424911499023 37.15539083138551 13.214681269744139
v -12.598424911499023 40.40792025306928 12.026746751314635
v -12.598424911499023 44.415283020842914 11.011750501565192
v -12.598424911499023 48.197796084604235 10.198646208261149
v -12.598424911499023 51.44753321700881 9.52794179357577
v -12.598424911499023 54.162941840208795 9.030508653161888
v -12.598424911499023 57.35945637946518 8.882678194359187
v -12.598423957824707 66.49833929070448 8.882676966469493
v -12.598423957824707 66.49833929070448 8.882676966469493
v -12.598423957824707 68.11024746626296 8.882676749895383
v -12.598424911499023 69.46032997086287 8.330003154399547
v -12.598424911499023 70.3536480632862 6.812637851712632
v -12.598423957824707 70.94950343517068 3.6787567353551487
v -12.598424911499023 70.99812525002416 1.2745457191116814
v -12.598424911499023 71.02054764216903 -1.7129404517070181
v -12.598424911499023 70.795884408703 -4.857645185928891
v -12.598423957824707 70.38870315920148 -7.899204282404094
v -12.598423957824707 69.60324889234275 -10.61535864032152
v -12.598423957824707 69.06851201285876 -11.912903222181628
v -12.598423957824707 68.11024450147174 -13.183539822683931
v -12.598424911499023 66.85050159539774 -13.183539653426338
v -12.598423957824707 57.35963652016731 -13.18353837824473
v -12.598424911499023 54.16309907286198 -13.183537948761671
v -12.598424911499023 51.44766749464084 -13.183537583919438
v -12.598423957824707 48.19791119863236 -13.183537147285957
v -12.598423957824707 44.41537132273891 -13.183536639068294
v -12.598423957824707 40.407985530404964 -13.183536100640593
v -12.598424911499023 37.155429246227314 -13.183535663630908
v -12.598424911499023 34.327448824759244 -13.183535283666743
v -12.598423957824707 31.273413227654984 -13.183534873330068
v -12.598423957824707 30.89300393582098 -13.183534822218716
v -12.598423957824707 26.773866572075733 -13.183534268776205
v -12.598423957824707 3.478605873792189 -13.183531138852036
v 12.598424911499023 0.0000017727875497697652 13.194424494650342
v 13.188976287841797 0.0000017727876779043558 13.194425448324786
v 13.188976287841797 3.4786094179037357 13.194424980943102
v 13.188976287841797 26.77387011618728 13.194421851018934
v 13.188976287841797 30.893007839439747 15.870145686624658
v 13.188976287841797 31.27341713498735 15.897785028264991
v 13.188976287841797 34.32745252866487 14.383729162426388
v 13.188976287841797 37.155432793061074 13.2146812697385
v 13.188976287841797 40.40798891762928 12.026746751305408
v 13.188976287841797 44.41537457358959 11.011750501552891
v 13.188976287841797 48.19791434023536 10.198646208245261
v 13.188976287841797 51.447670546128826 9.52794179355732
v 13.188976287841797 54.16310205751561 9.030509606814807
v 13.188976287841797 57.359639484958535 8.882678194334584
v 13.188976287841797 66.49833929070448 8.882676966469493
v 13.188976287841797 66.49833929070448 8.882676966469493
v 13.188976287841797 68.11024746626296 8.882676749895383
v 13.188976287841797 69.46032997086287 8.330003154399547
v 13.188976287841797 70.3536480632862 6.812637851712632
v 13.188977241516113 70.94950343517068 3.6787567353551487
v 13.18897819519043 70.99812525002416 1.2745457191116814
v 13.18897819519043 71.02054764216903 -1.7129404517070181
v 13.18897819519043 70.795884408703 -4.857645185928891
v 13.188977241516113 70.38870315920148 -7.899204282404094
v 13.188976287841797 69.60324889234275 -10.61535864032152
v 13.188976287841797 69.06851201285876 -11.912903222181628
v 13.188976287841797 68.11024450147174 -13.183539822683931
v 13.188976287841797 66.49833632591326 -13.183539606109822
v 13.188976287841797 57.35963652016731 -13.18353837824473
v 13.188976287841797 54.16309907286198 -13.183537948761671
v 13.188976287841797 51.44766749464084 -13.183537583919438
v 13.188976287841797 48.19791119863236 -13.183537147285957
v 13.188976287841797 44.41537132273891 -13.183536639068294
v 13.188976287841797 40.407985530404964 -13.183536100640593
v 13.188976287841797 37.155429246227314 -13.183535663630908
v 13.188976287841797 34.327448824759244 -13.183535283666743
v 13.188976287841797 31.273413227654984 -13.183534873330068
v 13.188976287841797 30.89300393582098 -13.183534822218716
v 13.188976287841797 26.773866572075733 -13.183534268776205
v 13.188976287841797 3.478605873792189 -13.183531138852036
v 13.188976287841797 -0.0000017713238683404834 -13.183530671470352
v 12.598424911499023 -0.0000017713238683404834 -13.183530671470352
v 12.598424911499023 3.478605873792189 -13.183531138852036
v 12.598424911499023 26.773866572075733 -13.183534268776205
v 12.598424911499023 30.89300393582098 -13.183534822218716
v 12.598424911499023 31.273413227654984 -13.183534873330068
v 12.598424911499023 34.327448824759244 -13.183535283666743
v 12.598424911499023 37.155429246227314 -13.183535663630908
v 12.598424911499023 40.407985530404964 -13.183536100640593
v 12.598424911499023 44.41537132273891 -13.183536639068294
v 12.598424911499023 48.19791119863236 -13.183537147285957
v 12.598424911499023 51.44766749464084 -13.183537583919438
v 12.598424911499023 54.16309907286198 -13.183537948761671
v 12.598424911499023 57.35963652016731 -13.18353837824473
v 12.598424911499023 66.85050159539774 -13.183539653426338
v 12.598424911499023 68.11024450147174 -13.183539822683931
v 12.598424911499023 68.11024450147174 -13.183539822683931
v 12.598424911499023 69.06851201285876 -11.912903222181628
v 12.73974323272705 68.1495129912302 -13.251789539583566
v 12.598424911499023 69.60324889234275 -10.61535864032152
v 12.598424911499023 70.38870315920148 -7.899204282404094
v 12.598424911499023 70.795884408703 -4.857645185928891
v 12.598424911499023 71.02054764216903 -1.7129404517070181
v 12.598424911499023 70.99812525002416 1.2745457191116814
v 12.598424911499023 70.94950343517068 3.6787567353551487
v 12.598424911499023 70.3536480632862 6.812637851712632
v 12.598424911499023 69.46032997086287 8.330003154399547
v 12.598424911499023 68.11024746626296 8.882676749895383
v 12.598424911499023 66.49833929070448 8.882676966469493
v 12.598424911499023 66.49833929070448 8.882676966469493
v 12.598424911499023 57.35945637946518 8.882678194359187
v 12.598424911499023 54.16294184020892 9.030509606836333
v 12.598424911499023 51.44753321700881 9.52794179357577
v 12.598424911499023 48.197796084604235 10.198646208261149
v 12.598424911499023 44.415283020842914 11.011750501565192
v 12.598424911499023 40.40792025306928 12.026746751314635
v 12.598424911499023 37.15539083138551 13.214681269744139
v 12.598424911499023 34.3274296404782 14.383729162429463
v 12.598424911499023 31.273411412940938 15.897786935614649
v 12.598424911499023 30.893007839439747 15.870145686624658
v 12.598424911499023 26.77387011618728 13.194421851018934
v 12.598424911499023 3.4786094179037357 13.194424980943102
v -12.598424911499023 30.30000526193516 14.541662006263268
v -7.344390392303467 30.30000526193516 14.541662006263268
v -3.4625625610351562 14.348572573587106 12.871566574012618
v -3.4625625610351562 16.078800276456438 12.871566341541234
v -5.254905700683594 16.07880027645695 12.871570156239011
v -4.571788787841797 14.348572573587619 12.871570388710396
v 5.673992156982422 21.789460070833666 12.871565574263617
v 3.9683151245117188 21.789460070834178 12.871569388961394
v 3.9683151245117188 17.926994647092652 12.871569907917761
v 5.673992156982422 17.926994647092652 12.871569907917761
v 5.673992156982422 17.926994647092652 12.871569907917761
v 3.9683151245117188 17.926994647092652 12.871569907917761
v 3.9683151245117188 16.07880027645695 12.871570156239011
v 5.673992156982422 16.07880027645695 12.871570156239011
v -1.1761322021484375 14.348572573587106 12.871566574012618
v -1.1761322021484375 16.078800276456438 12.871566341541234
v -3.4625625610351562 16.078800276456438 12.871566341541234
v -3.4625625610351562 14.348572573587106 12.871566574012618
v -5.254905700683594 23.23616703706263 12.871569194583525
v -5.254905700683594 23.02950578493063 12.871569222350292
v -3.4625625610351562 23.02950578493012 12.871565407652515
v -3.4625625610351562 23.91928594903561 12.871565288102685
v -5.254905700683594 17.926994647092652 12.871569907917761
v -5.254905700683594 16.07880027645695 12.871570156239011
v -3.4625625610351562 16.078800276456438 12.871566341541234
v -3.4625625610351562 17.92699464709214 12.871566093219984
v -3.4625625610351562 23.91928594903561 12.871565288102685
v -3.4625625610351562 23.02950578493012 12.871565407652515
v -1.1761322021484375 23.02950578493012 12.871565407652515
v -1.1761322021484375 23.91928594903561 12.871565288102685
v -3.352100372314453 17.816532388545262 12.46232914511797
v -3.352100372314453 16.189262425034112 12.462329363756071
v -1.2865943908691406 16.189262425034112 12.462329363756071
v -1.2865943908691406 17.816532388545262 12.46232914511797
v 1.662841796875 14.348572573587106 12.871566574012618
v 1.662841796875 16.078800276456438 12.871566341541234
v 1.662841796875 23.02950578493012 12.871565407652515
v 1.662841796875 23.91928594903561 12.871565288102685
v -1.1761322021484375 17.92699464709214 12.871566093219984
v 1.662841796875 17.92699464709214 12.871566093219984
v 3.9683189392089844 14.348574480935994 12.87156657401236
v 3.9683151245117188 16.07880027645695 12.871570156239011
v 1.662841796875 16.078800276456438 12.871566341541234
v 1.662841796875 14.348572573587106 12.871566574012618
v 1.662841796875 23.91928594903561 12.871565288102685
v 1.662841796875 23.02950578493012 12.871565407652515
v 3.9683151245117188 23.02950578493063 12.871569222350292
v 3.9683151245117188 23.919285949036123 12.871569102800462
v 1.7733039855957031 17.816532388545262 12.46232914511797
v 1.7733039855957031 16.189262425034112 12.462329363756071
v 3.8578529357910156 16.189262425034627 12.46233317845385
v 3.8578529357910156 17.816532388545777 12.462332959815749
v 4.990875244140625 14.348572573587619 12.871570388710396
v 5.631298065185547 14.732827080782014 12.871570337082405
v 5.673992156982422 15.031691485561112 12.871570296927331
v 3.9683189392089844 14.348574480935994 12.87156657401236
v -3.4625625610351562 17.92699467174011 13.05501490937186
v -3.4625625610351562 16.07880030110441 13.05501515769311
v -3.352100372314453 16.189262504666686 13.055015142851534
v -3.352100372314453 17.816532468177837 13.055014924213433
v -1.1761322021484375 16.07880030110441 13.05501515769311
v -1.2865943908691406 16.189262504666686 13.055015142851534
v -1.1761322021484375 17.92699467174011 13.05501490937186
v -1.2865943908691406 17.816532468177837 13.055014924213433
v 1.662841796875 17.92699467174011 13.05501490937186
v 1.662841796875 16.07880030110441 13.05501515769311
v 1.7733039855957031 16.189262504666686 13.055015142851534
v 1.7733039855957031 17.816532468177837 13.055014924213433
v 1.662841796875 16.07880030110441 13.05501515769311
v 3.9683151245117188 16.07880030110492 13.055018972390888
v 3.8578529357910156 16.189262504667198 13.055018957549313
v 1.7733039855957031 16.189262504666686 13.055015142851534
v 3.9683151245117188 16.07880030110492 13.055018972390888
v 3.9683151245117188 17.926994671740623 13.055018724069638
v 3.8578529357910156 17.816532468178348 13.055018738911212
v 3.8578529357910156 16.189262504667198 13.055018957549313
v 3.9683151245117188 17.926994671740623 13.055018724069638
v 1.662841796875 17.92699467174011 13.05501490937186
v 1.7733039855957031 17.816532468177837 13.055014924213433
v 3.8578529357910156 17.816532468178348 13.055018738911212
v -3.4625625610351562 17.92699464709214 12.871566093219984
v -3.4625625610351562 16.078800276456438 12.871566341541234
v -3.4625625610351562 16.07880030110441 13.05501515769311
v -3.4625625610351562 17.92699467174011 13.05501490937186
v -3.4625625610351562 16.078800276456438 12.871566341541234
v -1.1761322021484375 16.078800276456438 12.871566341541234
v -1.1761322021484375 16.07880030110441 13.05501515769311
v -3.4625625610351562 16.07880030110441 13.05501515769311
v -1.1761322021484375 16.078800276456438 12.871566341541234
v -1.1761322021484375 17.92699464709214 12.871566093219984
v -1.1761322021484375 17.92699467174011 13.05501490937186
v -1.1761322021484375 16.07880030110441 13.05501515769311
v -1.1761322021484375 17.92699464709214 12.871566093219984
v -3.4625625610351562 17.92699464709214 12.871566093219984
v -3.4625625610351562 17.92699467174011 13.05501490937186
v -1.1761322021484375 17.92699467174011 13.05501490937186
v -3.352100372314453 16.189262425034112 12.462329363756071
v -3.352100372314453 17.816532388545262 12.46232914511797
v -3.352100372314453 17.816532468177837 13.055014924213433
v -3.352100372314453 16.189262504666686 13.055015142851534
v -3.352100372314453 17.816532388545262 12.46232914511797
v -1.2865943908691406 17.816532388545262 12.46232914511797
v -1.2865943908691406 17.816532468177837 13.055014924213433
v -3.352100372314453 17.816532468177837 13.055014924213433
v -1.2865943908691406 17.816532388545262 12.46232914511797
v -1.2865943908691406 16.189262425034112 12.462329363756071
v -1.2865943908691406 16.189262504666686 13.055015142851534
v -1.2865943908691406 17.816532468177837 13.055014924213433
v -1.2865943908691406 16.189262425034112 12.462329363756071
v -3.352100372314453 16.189262425034112 12.462329363756071
v -3.352100372314453 16.189262504666686 13.055015142851534
v -1.2865943908691406 16.189262504666686 13.055015142851534
v 1.662841796875 17.92699464709214 12.871566093219984
v 1.662841796875 16.078800276456438 12.871566341541234
v 1.662841796875 16.07880030110441 13.05501515769311
v 1.662841796875 17.92699467174011 13.05501490937186
v 1.662841796875 16.078800276456438 12.871566341541234
v 3.9683151245117188 16.07880027645695 12.871570156239011
v 3.9683151245117188 16.07880030110492 13.055018972390888
v 1.662841796875 16.07880030110441 13.05501515769311
v 3.9683151245117188 16.07880027645695 12.871570156239011
v 3.9683151245117188 17.926994647092652 12.871569907917761
v 3.9683151245117188 17.926994671740623 13.055018724069638
v 3.9683151245117188 16.07880030110492 13.055018972390888
v 3.9683151245117188 17.926994647092652 12.871569907917761
v 1.662841796875 17.92699464709214 12.871566093219984
v 1.662841796875 17.92699467174011 13.05501490937186
v 3.9683151245117188 17.926994671740623 13.055018724069638
v 1.7733039855957031 16.189262425034112 12.462329363756071
v 1.7733039855957031 17.816532388545262 12.46232914511797
v 1.7733039855957031 17.816532468177837 13.055014924213433
v 1.7733039855957031 16.189262504666686 13.055015142851534
v 1.7733039855957031 17.816532388545262 12.46232914511797
v 3.8578529357910156 17.816532388545777 12.462332959815749
v 3.8578529357910156 17.816532468178348 13.055018738911212
v 1.7733039855957031 17.816532468177837 13.055014924213433
v 3.8578529357910156 17.816532388545777 12.462332959815749
v 3.8578529357910156 16.189262425034627 12.46233317845385
v 3.8578529357910156 16.189262504667198 13.055018957549313
v 3.8578529357910156 17.816532468178348 13.055018738911212
v 3.8578529357910156 16.189262425034627 12.46233317845385
v 1.7733039855957031 16.189262425034112 12.462329363756071
v 1.7733039855957031 16.189262504666686 13.055015142851534
v 3.8578529357910156 16.189262504667198 13.055018957549313
v 5.631298065185547 23.535031441841728 12.871569154428451
v 5.503211975097656 23.748505744205527 12.871569125746293
v 5.289737701416016 23.87659185150292 12.871569108536791
v 4.990875244140625 23.919285949036123 12.871569102800462
v -5.254905700683594 21.789460070834178 12.871569388961394
v -3.4625625610351562 21.789460070833666 12.871565574263617
v -3.352100372314453 21.899922264898095 12.800875394894899
v -1.2865943908691406 21.899922264898095 12.800875394894899
v -1.2865943908691406 22.919043571869995 12.800875257966943
v -3.352100372314453 22.919043571869995 12.800875257966943
v -1.1761322021484375 21.789460070833666 12.871565574263617
v 1.662841796875 21.789460070833666 12.871565574263617
v 1.7733039855957031 21.899922264898095 12.800875394894899
v 3.8578529357910156 21.899922264898606 12.800879209592676
v 3.8578529357910156 22.919043571870507 12.80087907266472
v 1.7733039855957031 22.919043571869995 12.800875257966943
v 5.673992156982422 23.02950578493063 12.871569222350292
v 3.9683151245117188 23.02950578493063 12.871569222350292
v 3.9683151245117188 21.789460070834178 12.871569388961394
v 5.673992156982422 21.789460070833666 12.871565574263617
v -2.38671875 20.159660920460382 12.557219437529758
v -2.2519760131835938 20.159660920460382 12.557219437529758
v -2.2519760131835938 21.3875892470645 12.557219272546734
v -2.38671875 21.3875892470645 12.557219272546734
v 2.738697052001953 20.159660920460382 12.557219437529758
v 2.8924827575683594 20.159660920460894 12.557223252227535
v 2.8924827575683594 21.387589247065012 12.55722308724451
v 2.738697052001953 21.3875892470645 12.557219272546734
v -3.4625625610351562 23.029505796750794 12.959543782510297
v -3.4625625610351562 21.78946008265434 12.959543949121398
v -3.352100372314453 21.899922286216615 12.959543934279825
v -3.352100372314453 22.919043593188515 12.95954379735187
v -1.1761322021484375 21.78946008265434 12.959543949121398
v -1.2865943908691406 21.899922286216615 12.959543934279825
v -1.1761322021484375 23.029505796750794 12.959543782510297
v -1.2865943908691406 22.919043593188515 12.95954379735187
v 1.662841796875 23.029505796750794 12.959543782510297
v 1.662841796875 21.78946008265434 12.959543949121398
v 1.7733039855957031 21.899922286216615 12.959543934279825
v 1.7733039855957031 22.919043593188515 12.95954379735187
v 1.662841796875 21.78946008265434 12.959543949121398
v 3.9683151245117188 21.789460082654852 12.959547763819176
v 3.8578529357910156 21.899922286217127 12.959547748977602
v 1.7733039855957031 21.899922286216615 12.959543934279825
v 3.9683151245117188 21.789460082654852 12.959547763819176
v 3.9683151245117188 23.029505796751305 12.959547597208074
v 3.8578529357910156 22.919043593189027 12.959547612049647
v 3.8578529357910156 21.899922286217127 12.959547748977602
v 3.9683151245117188 23.029505796751305 12.959547597208074
v 1.662841796875 23.029505796750794 12.959543782510297
v 1.7733039855957031 22.919043593188515 12.95954379735187
v 3.8578529357910156 22.919043593189027 12.959547612049647
v -3.4625625610351562 23.02950578493012 12.871565407652515
v -3.4625625610351562 21.789460070833666 12.871565574263617
v -3.4625625610351562 21.78946008265434 12.959543949121398
v -3.4625625610351562 23.029505796750794 12.959543782510297
v -3.4625625610351562 21.789460070833666 12.871565574263617
v -1.1761322021484375 21.789460070833666 12.871565574263617
v -1.1761322021484375 21.78946008265434 12.959543949121398
v -3.4625625610351562 21.78946008265434 12.959543949121398
v -1.1761322021484375 21.789460070833666 12.871565574263617
v -1.1761322021484375 23.02950578493012 12.871565407652515
v -1.1761322021484375 23.029505796750794 12.959543782510297
v -1.1761322021484375 21.78946008265434 12.959543949121398
v -1.1761322021484375 23.02950578493012 12.871565407652515
v -3.4625625610351562 23.02950578493012 12.871565407652515
v -3.4625625610351562 23.029505796750794 12.959543782510297
v -1.1761322021484375 23.029505796750794 12.959543782510297
v -3.352100372314453 21.899922264898095 12.800875394894899
v -3.352100372314453 22.919043571869995 12.800875257966943
v -3.352100372314453 22.919043593188515 12.95954379735187
v -3.352100372314453 21.899922286216615 12.959543934279825
v -3.352100372314453 22.919043571869995 12.800875257966943
v -1.2865943908691406 22.919043571869995 12.800875257966943
v -1.2865943908691406 22.919043593188515 12.95954379735187
v -3.352100372314453 22.919043593188515 12.95954379735187
v -1.2865943908691406 22.919043571869995 12.800875257966943
v -1.2865943908691406 21.899922264898095 12.800875394894899
v -1.2865943908691406 21.899922286216615 12.959543934279825
v -1.2865943908691406 22.919043593188515 12.95954379735187
v -1.2865943908691406 21.899922264898095 12.800875394894899
v -3.352100372314453 21.899922264898095 12.800875394894899
v -3.352100372314453 21.899922286216615 12.959543934279825
v -1.2865943908691406 21.899922286216615 12.959543934279825
v 1.662841796875 23.02950578493012 12.871565407652515
v 1.662841796875 21.789460070833666 12.871565574263617
v 1.662841796875 21.78946008265434 12.959543949121398
v 1.662841796875 23.029505796750794 12.959543782510297
v 1.662841796875 21.789460070833666 12.871565574263617
v 3.9683151245117188 21.789460070834178 12.871569388961394
v 3.9683151245117188 21.789460082654852 12.959547763819176
v 1.662841796875 21.78946008265434 12.959543949121398
v 3.9683151245117188 21.789460070834178 12.871569388961394
v 3.9683151245117188 23.02950578493063 12.871569222350292
v 3.9683151245117188 23.029505796751305 12.959547597208074
v 3.9683151245117188 21.789460082654852 12.959547763819176
v 3.9683151245117188 23.02950578493063 12.871569222350292
v 1.662841796875 23.02950578493012 12.871565407652515
v 1.662841796875 23.029505796750794 12.959543782510297
v 3.9683151245117188 23.029505796751305 12.959547597208074
v 1.7733039855957031 21.899922264898095 12.800875394894899
v 1.7733039855957031 22.919043571869995 12.800875257966943
v 1.7733039855957031 22.919043593188515 12.95954379735187
v 1.7733039855957031 21.899922286216615 12.959543934279825
v 1.7733039855957031 22.919043571869995 12.800875257966943
v 3.8578529357910156 22.919043571870507 12.80087907266472
v 3.8578529357910156 22.919043593189027 12.959547612049647
v 1.7733039855957031 22.919043593188515 12.95954379735187
v 3.8578529357910156 22.919043571870507 12.80087907266472
v 3.8578529357910156 21.899922264898606 12.800879209592676
v 3.8578529357910156 21.899922286217127 12.959547748977602
v 3.8578529357910156 22.919043593189027 12.959547612049647
v 3.8578529357910156 21.899922264898606 12.800879209592676
v 1.7733039855957031 21.899922264898095 12.800875394894899
v 1.7733039855957031 21.899922286216615 12.959543934279825
v 3.8578529357910156 21.899922286217127 12.959547748977602
v -1.2080307006835938 19.549652638456525 12.852713638781857
v -1.2387847900390625 19.704264246754377 12.852713618008423
v -1.2387847900390625 19.70426427028245 13.02782731951501
v -1.2080307006835938 19.5496526619846 13.027827340288445
v -1.3263626098632812 19.835337262412068 12.852713600397603
v -1.3263626098632812 19.835337285940142 13.02782730190419
v -1.4574356079101562 19.92291890870092 12.852713588630236
v -1.4574356079101562 19.922918932228995 13.027827290136823
v -1.6120491027832031 19.953673002188477 12.85271358449815
v -1.6120491027832031 19.95367302571655 13.027827286004738
v -1.76666259765625 19.92291890870092 12.852713588630236
v -1.76666259765625 19.922918932228995 13.027827290136823
v -1.897735595703125 19.835337262412068 12.852713600397603
v -1.897735595703125 19.835337285940142 13.02782730190419
v -1.9853134155273438 19.704264246754377 12.852713618008423
v -1.9853134155273438 19.70426427028245 13.02782731951501
v -2.0160675048828125 19.549652638456525 12.852713638781857
v -2.0160675048828125 19.5496526619846 13.027827340288445
v -1.9853134155273438 19.395041030158676 12.852713659555294
v -1.9853134155273438 19.39504105368675 13.027827361061881
v -1.897735595703125 19.263968014500982 12.852713677166113
v -1.897735595703125 19.263968038029056 13.0278273786727
v -1.76666259765625 19.176386368212132 12.85271368893348
v -1.76666259765625 19.176386391740206 13.027827390440068
v -1.6120491027832031 19.145632274724576 12.852713693065565
v -1.6120491027832031 19.14563229825265 13.027827394572153
v -1.4574356079101562 19.176386368212132 12.85271368893348
v -1.4574356079101562 19.176386391740206 13.027827390440068
v -1.3263626098632812 19.263968014500982 12.852713677166113
v -1.3263626098632812 19.263968038029056 13.0278273786727
v -1.2387847900390625 19.395041030158676 12.852713659555294
v -1.2387847900390625 19.39504105368675 13.027827361061881
v -1.6120491027832031 19.77637933869863 13.878302735373916
v -1.6988143920898438 19.759119738601328 13.878302737692897
v -1.772369384765625 19.709971172427473 13.878302744296441
v -1.5252838134765625 19.759119738601328 13.878302737692897
v -1.2080307006835938 19.5496526619846 13.027827340288445
v -1.2387847900390625 19.70426427028245 13.02782731951501
v -1.4025802612304688 19.636416055600037 13.027827328631016
v -1.3853225708007812 19.5496526619846 13.027827340288445
v -1.3263626098632812 19.835337285940142 13.02782730190419
v -1.4517288208007812 19.709971058158583 13.027827318748253
v -1.4574356079101562 19.922918932228995 13.027827290136823
v -1.5252838134765625 19.75911962433244 13.027827312144709
v -1.6120491027832031 19.95367302571655 13.027827286004738
v -1.6120491027832031 19.77637922442974 13.027827309825728
v -1.76666259765625 19.922918932228995 13.027827290136823
v -1.6988143920898438 19.75911962433244 13.027827312144709
v -1.897735595703125 19.835337285940142 13.02782730190419
v -1.772369384765625 19.709971058158583 13.027827318748253
v -1.9853134155273438 19.70426427028245 13.02782731951501
v -1.8215179443359375 19.636416055600037 13.027827328631016
v -2.0160675048828125 19.5496526619846 13.027827340288445
v -1.838775634765625 19.5496526619846 13.027827340288445
v -1.9853134155273438 19.39504105368675 13.027827361061881
v -1.8215179443359375 19.462889268369164 13.027827351945874
v -1.897735595703125 19.263968038029056 13.0278273786727
v -1.772369384765625 19.389334265810618 13.027827361828638
v -1.76666259765625 19.176386391740206 13.027827390440068
v -1.6988143920898438 19.34018569963676 13.027827368432183
v -1.6120491027832031 19.14563229825265 13.027827394572153
v -1.6120491027832031 19.322926099539462 13.027827370751163
v -1.4574356079101562 19.176386391740206 13.027827390440068
v -1.5252838134765625 19.34018569963676 13.027827368432183
v -1.3263626098632812 19.263968038029056 13.0278273786727
v -1.4517288208007812 19.389334265810618 13.027827361828638
v -1.2387847900390625 19.39504105368675 13.027827361061881
v -1.4025802612304688 19.462889268369164 13.027827351945874
v -1.3853225708007812 19.5496526619846 13.027827340288445
v -1.4025802612304688 19.636416055600037 13.027827328631016
v -1.4025802612304688 19.636416169868927 13.878302754179204
v -1.3853225708007812 19.549652776253488 13.878302765836633
v -1.4517288208007812 19.709971058158583 13.027827318748253
v -1.4517288208007812 19.709971172427473 13.878302744296441
v -1.5252838134765625 19.75911962433244 13.027827312144709
v -1.5252838134765625 19.759119738601328 13.878302737692897
v -1.6120491027832031 19.77637922442974 13.027827309825728
v -1.6120491027832031 19.77637933869863 13.878302735373916
v -1.6988143920898438 19.75911962433244 13.027827312144709
v -1.6988143920898438 19.759119738601328 13.878302737692897
v -1.772369384765625 19.709971058158583 13.027827318748253
v -1.772369384765625 19.709971172427473 13.878302744296441
v -1.8215179443359375 19.636416055600037 13.027827328631016
v -1.8215179443359375 19.636416169868927 13.878302754179204
v -1.8215179443359375 19.636416055600037 13.027827328631016
v -1.838775634765625 19.5496526619846 13.027827340288445
v -1.838775634765625 19.549652776253488 13.878302765836633
v -1.8215179443359375 19.636416169868927 13.878302754179204
v -1.8215179443359375 19.462889268369164 13.027827351945874
v -1.8215179443359375 19.462889382638053 13.878302777494062
v -1.772369384765625 19.389334265810618 13.027827361828638
v -1.772369384765625 19.389334380079507 13.878302787376827
v -1.6988143920898438 19.34018569963676 13.027827368432183
v -1.6988143920898438 19.34018581390565 13.878302793980371
v -1.6120491027832031 19.322926099539462 13.027827370751163
v -1.6120491027832031 19.32292621380835 13.878302796299351
v -1.5252838134765625 19.34018569963676 13.027827368432183
v -1.5252838134765625 19.34018581390565 13.878302793980371
v -1.4517288208007812 19.389334265810618 13.027827361828638
v -1.4517288208007812 19.389334380079507 13.878302787376827
v -1.4025802612304688 19.462889268369164 13.027827351945874
v -1.4025802612304688 19.462889382638053 13.878302777494062
v 2.4547653198242188 19.549652638456525 12.852713638781857
v 2.42401123046875 19.704264246754377 12.852713618008423
v 2.42401123046875 19.70426427028245 13.02782731951501
v 2.4547653198242188 19.5496526619846 13.027827340288445
v 2.3364295959472656 19.835337262412068 12.852713600397603
v 2.3364295959472656 19.835337285940142 13.02782730190419
v 2.2053565979003906 19.92291890870092 12.852713588630236
v 2.2053565979003906 19.922918932228995 13.027827290136823
v 2.0507431030273438 19.953673002188477 12.85271358449815
v 2.0507431030273438 19.95367302571655 13.027827286004738
v 1.8961334228515625 19.92291890870092 12.852713588630236
v 1.8961334228515625 19.922918932228995 13.027827290136823
v 1.7650604248046875 19.835337262412068 12.852713600397603
v 1.7650604248046875 19.835337285940142 13.02782730190419
v 1.6774787902832031 19.704264246754377 12.852713618008423
v 1.6774787902832031 19.70426427028245 13.02782731951501
v 1.6467247009277344 19.549652638456525 12.852713638781857
v 1.6467247009277344 19.5496526619846 13.027827340288445
v 1.6774787902832031 19.395041030158676 12.852713659555294
v 1.6774787902832031 19.39504105368675 13.027827361061881
v 1.7650604248046875 19.263968014500982 12.852713677166113
v 1.7650604248046875 19.263968038029056 13.0278273786727
v 1.8961334228515625 19.176386368212132 12.85271368893348
v 1.8961334228515625 19.176386391740206 13.027827390440068
v 2.0507431030273438 19.145632274724576 12.852713693065565
v 2.0507431030273438 19.14563229825265 13.027827394572153
v 2.2053565979003906 19.176386368212132 12.85271368893348
v 2.2053565979003906 19.176386391740206 13.027827390440068
v 2.3364295959472656 19.263968014500982 12.852713677166113
v 2.3364295959472656 19.263968038029056 13.0278273786727
v 2.42401123046875 19.395041030158676 12.852713659555294
v 2.42401123046875 19.39504105368675 13.027827361061881
v 2.0507431030273438 19.77637933869863 13.878302735373916
v 1.9639816284179688 19.759119738601328 13.878302737692897
v 1.8904266357421875 19.709971172427473 13.878302744296441
v 2.1375083923339844 19.759119738601328 13.878302737692897
v 2.4547653198242188 19.5496526619846 13.027827340288445
v 2.42401123046875 19.70426427028245 13.02782731951501
v 2.260211944580078 19.636416055600037 13.027827328631016
v 2.2774696350097656 19.5496526619846 13.027827340288445
v 2.3364295959472656 19.835337285940142 13.02782730190419
v 2.2110633850097656 19.709971058158583 13.027827318748253
v 2.2053565979003906 19.922918932228995 13.027827290136823
v 2.1375083923339844 19.75911962433244 13.027827312144709
v 2.0507431030273438 19.95367302571655 13.027827286004738
v 2.0507431030273438 19.77637922442974 13.027827309825728
v 1.8961334228515625 19.922918932228995 13.027827290136823
v 1.9639816284179688 19.75911962433244 13.027827312144709
v 1.7650604248046875 19.835337285940142 13.02782730190419
v 1.8904266357421875 19.709971058158583 13.027827318748253
v 1.6774787902832031 19.70426427028245 13.02782731951501
v 1.841278076171875 19.636416055600037 13.027827328631016
v 1.6467247009277344 19.5496526619846 13.027827340288445
v 1.8240203857421875 19.5496526619846 13.027827340288445
v 1.6774787902832031 19.39504105368675 13.027827361061881
v 1.841278076171875 19.462889268369164 13.027827351945874
v 1.7650604248046875 19.263968038029056 13.0278273786727
v 1.8904266357421875 19.389334265810618 13.027827361828638
v 1.8961334228515625 19.176386391740206 13.027827390440068
v 1.9639816284179688 19.34018569963676 13.027827368432183
v 2.0507431030273438 19.14563229825265 13.027827394572153
v 2.0507431030273438 19.322926099539462 13.027827370751163
v 2.2053565979003906 19.176386391740206 13.027827390440068
v 2.1375083923339844 19.34018569963676 13.027827368432183
v 2.3364295959472656 19.263968038029056 13.0278273786727
v 2.2110633850097656 19.389334265810618 13.027827361828638
v 2.42401123046875 19.39504105368675 13.027827361061881
v 2.260211944580078 19.462889268369164 13.027827351945874
v 2.2774696350097656 19.5496526619846 13.027827340288445
v 2.260211944580078 19.636416055600037 13.027827328631016
v 2.260211944580078 19.636416169868927 13.878302754179204
v 2.2774696350097656 19.549652776253488 13.878302765836633
v 2.2110633850097656 19.709971058158583 13.027827318748253
v 2.2110633850097656 19.709971172427473 13.878302744296441
v 2.1375083923339844 19.75911962433244 13.027827312144709
v 2.1375083923339844 19.759119738601328 13.878302737692897
v 2.0507431030273438 19.77637922442974 13.027827309825728
v 2.0507431030273438 19.77637933869863 13.878302735373916
v 1.9639816284179688 19.75911962433244 13.027827312144709
v 1.9639816284179688 19.759119738601328 13.878302737692897
v 1.8904266357421875 19.709971058158583 13.027827318748253
v 1.8904266357421875 19.709971172427473 13.878302744296441
v 1.8904266357421875 19.709971058158583 13.027827318748253
v 1.841278076171875 19.636416055600037 13.027827328631016
v 1.841278076171875 19.636416169868927 13.878302754179204
v 1.8904266357421875 19.709971172427473 13.878302744296441
v 1.8240203857421875 19.5496526619846 13.027827340288445
v 1.8240203857421875 19.549652776253488 13.878302765836633
v 1.841278076171875 19.462889268369164 13.027827351945874
v 1.841278076171875 19.462889382638053 13.878302777494062
v 1.8904266357421875 19.389334265810618 13.027827361828638
v 1.8904266357421875 19.389334380079507 13.878302787376827
v 1.9639816284179688 19.34018569963676 13.027827368432183
v 1.9639816284179688 19.34018581390565 13.878302793980371
v 2.0507431030273438 19.322926099539462 13.027827370751163
v 2.0507431030273438 19.32292621380835 13.878302796299351
v 2.1375083923339844 19.34018569963676 13.027827368432183
v 2.1375083923339844 19.34018581390565 13.878302793980371
v 2.2110633850097656 19.389334265810618 13.027827361828638
v 2.2110633850097656 19.389334380079507 13.878302787376827
v 2.260211944580078 19.462889268369164 13.027827351945874
v 2.260211944580078 19.462889382638053 13.878302777494062
v 4.839744567871094 19.412619153959337 12.826209137030837
v 4.801067352294922 19.607052392363435 12.826209110907014
v 4.801067352294922 19.607052447706813 13.238116362295315
v 4.839744567871094 19.412619209302715 13.238116388419138
v 4.6909332275390625 19.771885483357874 12.82620908876023
v 4.6909332275390625 19.77188553870125 13.238116340148531
v 4.526100158691406 19.882023437609007 12.826209073962223
v 4.526100158691406 19.882023492952385 13.238116325350525
v 4.3316650390625 19.920698751032916 12.826209068765852
v 4.3316650390625 19.920698806376294 13.238116320154154
v 4.137229919433594 19.882023437609007 12.826209073962223
v 4.137229919433594 19.882023492952385 13.238116325350525
v 3.9723968505859375 19.771885483357874 12.82620908876023
v 3.9723968505859375 19.77188553870125 13.238116340148531
v 3.9723968505859375 19.771885483357874 12.82620908876023
v 3.862262725830078 19.607052392363435 12.826209110907014
v 3.862262725830078 19.607052447706813 13.238116362295315
v 3.9723968505859375 19.77188553870125 13.238116340148531
v 3.8235855102539062 19.412619153959337 12.826209137030837
v 3.8235855102539062 19.412619209302715 13.238116388419138
v 3.862262725830078 19.21818591555524 12.826209163154662
v 3.862262725830078 19.218185970898617 13.238116414542963
v 3.9723968505859375 19.0533528245608 12.826209185301444
v 3.9723968505859375 19.05335287990418 13.238116436689745
v 4.137229919433594 18.943214870309667 12.826209200099452
v 4.137229919433594 18.943214925653045 13.238116451487754
v 4.3316650390625 18.90453955688576 12.826209205295822
v 4.3316650390625 18.904539612229136 13.238116456684123
v 4.526100158691406 18.943214870309667 12.826209200099452
v 4.526100158691406 18.943214925653045 13.238116451487754
v 4.6909332275390625 19.0533528245608 12.826209185301444
v 4.6909332275390625 19.05335287990418 13.238116436689745
v 4.801067352294922 19.21818591555524 12.826209163154662
v 4.801067352294922 19.218185970898617 13.238116414542963
v 4.839744567871094 19.412619209302715 13.238116388419138
v 4.801067352294922 19.607052447706813 13.238116362295315
v 4.654308319091797 19.546261423914 13.238116370463127
v 4.680889129638672 19.412619209302715 13.238116388419138
v 4.6909332275390625 19.77188553870125 13.238116340148531
v 4.578605651855469 19.659557947925453 13.238116355240736
v 4.526100158691406 19.882023492952385 13.238116325350525
v 4.465309143066406 19.735260625333105 13.238116345069413
v 4.3316650390625 19.920698806376294 13.238116320154154
v 4.3316650390625 19.761843346800237 13.23811634149779
v 4.137229919433594 19.882023492952385 13.238116325350525
v 4.198020935058594 19.735260625333105 13.238116345069413
v 3.9723968505859375 19.77188553870125 13.238116340148531
v 4.084724426269531 19.659557947925453 13.238116355240736
v 3.9723968505859375 19.77188553870125 13.238116340148531
v 3.862262725830078 19.607052447706813 13.238116362295315
v 4.009021759033203 19.546261423914 13.238116370463127
v 4.084724426269531 19.659557947925453 13.238116355240736
v 3.8235855102539062 19.412619209302715 13.238116388419138
v 3.982440948486328 19.412619209302715 13.238116388419138
v 3.862262725830078 19.218185970898617 13.238116414542963
v 4.009021759033203 19.27897699469143 13.238116406375152
v 3.9723968505859375 19.05335287990418 13.238116436689745
v 4.084724426269531 19.165680470679977 13.23811642159754
v 4.137229919433594 18.943214925653045 13.238116451487754
v 4.198020935058594 19.089977793272325 13.238116431768864
v 4.3316650390625 18.904539612229136 13.238116456684123
v 4.3316650390625 19.063395071805193 13.238116435340489
v 4.526100158691406 18.943214925653045 13.238116451487754
v 4.465309143066406 19.089977793272325 13.238116431768864
v 4.6909332275390625 19.05335287990418 13.238116436689745
v 4.578605651855469 19.165680470679977 13.23811642159754
v 4.801067352294922 19.218185970898617 13.238116414542963
v 4.654308319091797 19.27897699469143 13.238116406375152
v 4.654308319091797 19.546261423914 13.238116370463127
v 4.654308319091797 19.546261394066843 13.015971260049563
v 4.680889129638672 19.412619179455557 13.015971278005575
v 4.680889129638672 19.412619209302715 13.238116388419138
v 4.578605651855469 19.659557947925453 13.238116355240736
v 4.578605651855469 19.659557918078296 13.015971244827172
v 4.465309143066406 19.735260625333105 13.238116345069413
v 4.465309143066406 19.735260595485947 13.015971234655849
v 4.3316650390625 19.761843346800237 13.23811634149779
v 4.3316650390625 19.76184331695308 13.015971231084226
v 4.198020935058594 19.735260625333105 13.238116345069413
v 4.198020935058594 19.735260595485947 13.015971234655849
v 4.084724426269531 19.659557947925453 13.238116355240736
v 4.084724426269531 19.659557918078296 13.015971244827172
v 4.084724426269531 19.659557947925453 13.238116355240736
v 4.009021759033203 19.546261423914 13.238116370463127
v 4.009021759033203 19.546261394066843 13.015971260049563
v 4.084724426269531 19.659557918078296 13.015971244827172
v 3.982440948486328 19.412619209302715 13.238116388419138
v 3.982440948486328 19.412619179455557 13.015971278005575
v 4.009021759033203 19.27897699469143 13.238116406375152
v 4.009021759033203 19.278976964844272 13.015971295961588
v 4.084724426269531 19.165680470679977 13.23811642159754
v 4.084724426269531 19.16568044083282 13.015971311183977
v 4.198020935058594 19.089977793272325 13.238116431768864
v 4.198020935058594 19.089977763425168 13.0159713213553
v 4.3316650390625 19.063395071805193 13.238116435340489
v 4.3316650390625 19.063395041958035 13.015971324926925
v 4.465309143066406 19.089977793272325 13.238116431768864
v 4.465309143066406 19.089977763425168 13.0159713213553
v 4.578605651855469 19.165680470679977 13.23811642159754
v 4.578605651855469 19.16568044083282 13.015971311183977
v 4.654308319091797 19.27897699469143 13.238116406375152
v 4.654308319091797 19.278976964844272 13.015971295961588
v 4.084724426269531 19.659557918078296 13.015971244827172
v 4.578605651855469 19.659557918078296 13.015971244827172
v 4.009021759033203 19.546261394066843 13.015971260049563
v 4.654308319091797 19.546261394066843 13.015971260049563
v 3.982440948486328 19.412619179455557 13.015971278005575
v 4.680889129638672 19.412619179455557 13.015971278005575
v 4.578605651855469 19.16568044083282 13.015971311183977
v 4.084724426269531 19.16568044083282 13.015971311183977
v 4.654308319091797 19.278976964844272 13.015971295961588
v 4.009021759033203 19.278976964844272 13.015971295961588
v -1.8215179443359375 19.636416169868927 13.878302754179204
v -1.4517288208007812 19.709971172427473 13.878302744296441
v -1.838775634765625 19.549652776253488 13.878302765836633
v -1.4025802612304688 19.636416169868927 13.878302754179204
v -1.772369384765625 19.389334380079507 13.878302787376827
v -1.4025802612304688 19.462889382638053 13.878302777494062
v -1.3853225708007812 19.549652776253488 13.878302765836633
v -1.8215179443359375 19.462889382638053 13.878302777494062
v -1.6988143920898438 19.34018581390565 13.878302793980371
v -1.4517288208007812 19.389334380079507 13.878302787376827
v -1.6120491027832031 19.32292621380835 13.878302796299351
v -1.5252838134765625 19.34018581390565 13.878302793980371
v 1.8240203857421875 19.549652776253488 13.878302765836633
v 2.260211944580078 19.636416169868927 13.878302754179204
v 2.2110633850097656 19.709971172427473 13.878302744296441
v 1.841278076171875 19.636416169868927 13.878302754179204
v 1.841278076171875 19.462889382638053 13.878302777494062
v 1.8904266357421875 19.389334380079507 13.878302787376827
v 2.260211944580078 19.462889382638053 13.878302777494062
v 2.2774696350097656 19.549652776253488 13.878302765836633
v 2.0507431030273438 19.32292621380835 13.878302796299351
v 2.1375083923339844 19.34018581390565 13.878302793980371
v 2.2110633850097656 19.389334380079507 13.878302787376827
v 1.9639816284179688 19.34018581390565 13.878302793980371
v -4.8706512451171875 23.87659185150292 12.871569108536791
v -5.084125518798828 23.748505744205527 12.871569125746293
v -5.212211608886719 23.535031441841728 12.871569154428451
v -4.571788787841797 23.919285949036123 12.871569102800462
v -5.254905700683594 23.23616703706263 12.871569194583525
v -3.4625625610351562 23.91928594903561 12.871565288102685
v -4.571788787841797 23.919285949036123 12.871569102800462
v -5.212211608886719 23.535031441841728 12.871569154428451
v 3.9683151245117188 23.02950578493063 12.871569222350292
v 5.673992156982422 23.02950578493063 12.871569222350292
v 5.673992156982422 23.23616703706263 12.871569194583525
v 3.9683151245117188 23.919285949036123 12.871569102800462
v 5.673992156982422 15.031691485561112 12.871570296927331
v 5.673992156982422 16.07880027645695 12.871570156239011
v 3.9683151245117188 16.07880027645695 12.871570156239011
v 3.9683189392089844 14.348574480935994 12.87156657401236
v 5.289737701416016 14.391267624795267 12.871570382973937
v 5.503211975097656 14.51935182474377 12.871570365764693
v 5.631298065185547 14.732827080782014 12.871570337082405
v 4.990875244140625 14.348572573587619 12.871570388710396
v -5.254905700683594 15.031691485561112 12.871570296927331
v -4.8706512451171875 14.391267624795267 12.871570382973937
v -4.571788787841797 14.348572573587619 12.871570388710396
v -5.254905700683594 16.07880027645695 12.871570156239011
v -5.212211608886719 14.732827080782014 12.871570337082405
v -5.084125518798828 14.51935182474377 12.871570365764693
v -5.254905700683594 23.236166946902006 12.20052570842681
v -5.254905700683594 23.02950569477001 12.200525736193576
v -5.477474212646484 23.02950569477001 12.200525736193576
v -5.4769134521484375 23.251944536912493 12.200525706306951
v -5.254905700683594 23.02950569477001 12.200525736193576
v -5.254905700683594 21.789459980674067 12.200529717502455
v -5.477474212646484 21.789459980674067 12.200529717502455
v -5.477474212646484 23.02950569477001 12.200525736193576
v -5.254905700683594 21.789459980674067 12.200529717502455
v -5.254905700683594 17.92699455693203 12.200526421761046
v -5.477474212646484 17.92699455693203 12.200526421761046
v -5.477474212646484 21.789459980674067 12.200529717502455
v -5.254905700683594 17.92699455693203 12.200526421761046
v -5.254905700683594 16.078800186296327 12.200526670082295
v -5.477474212646484 16.078800186296327 12.200526670082295
v -5.477474212646484 17.92699455693203 12.200526421761046
v -5.254905700683594 15.031691395400488 12.200526810770615
v -5.4769134521484375 15.015913805390005 12.200526812890475
v -5.212211608886719 14.73282699062139 12.200526850925689
v -5.4219512939453125 14.658360275293864 12.200526860930951
v -5.084125518798828 14.519351734583147 12.200526879607978
v -5.241504669189453 14.361971609372794 12.200526900753388
v -4.8706512451171875 14.391267534634643 12.200526896817221
v -4.945117950439453 14.181525914046777 12.200526924997861
v -4.571788787841797 14.348572483426995 12.20052690255368
v -4.587566375732422 14.126563748458999 12.200526932382514
v -3.4625625610351562 14.348572483426995 12.20052690255368
v -3.4625625610351562 14.126003941560054 12.20052693245773
v -1.1761322021484375 14.348572483426995 12.20052690255368
v -1.1761322021484375 14.126003941560054 12.20052693245773
v 1.662841796875 14.348572483426995 12.20052690255368
v 1.662841796875 14.126003941560054 12.20052693245773
v 3.9683189392089844 14.348572483426995 12.20052690255368
v 3.9683189392089844 14.126003941560054 12.20052693245773
v 4.990875244140625 14.348572483426995 12.20052690255368
v 5.00665283203125 14.126563748458999 12.200526932382514
v 5.289737701416016 14.391267534634643 12.200526896817221
v 5.364204406738281 14.181525914046777 12.200526924997861
v 5.503211975097656 14.519351734583147 12.200526879607978
v 5.660591125488281 14.361971609372794 12.200526900753388
v 5.631298065185547 14.73282699062139 12.200526850925689
v 5.841037750244141 14.658360275293864 12.200526860930951
v 5.673992156982422 15.031691395400488 12.200526810770615
v 5.895999908447266 15.015913805390005 12.200526812890475
v 5.673992156982422 16.078800186296327 12.200526670082295
v 5.8965606689453125 16.078800186296327 12.200526670082295
v 5.673992156982422 17.92699455693203 12.200526421761046
v 5.8965606689453125 17.92699455693203 12.200526421761046
v 5.673992156982422 17.92699455693203 12.200526421761046
v 5.673992156982422 21.789459980674067 12.200529717502455
v 5.8965606689453125 21.789459980674067 12.200529717502455
v 5.8965606689453125 17.92699455693203 12.200526421761046
v 5.673992156982422 21.789459980674067 12.200529717502455
v 5.673992156982422 23.02950569477001 12.200525736193576
v 5.8965606689453125 23.02950569477001 12.200525736193576
v 5.8965606689453125 21.789459980674067 12.200529717502455
v 5.673992156982422 23.02950569477001 12.200525736193576
v 5.673992156982422 23.236166946902006 12.20052570842681
v 5.895999908447266 23.251944536912493 12.200525706306951
v 5.8965606689453125 23.02950569477001 12.200525736193576
v 5.631298065185547 23.535031351681106 12.200525668271736
v 5.841037750244141 23.609498067008634 12.200525658266475
v 5.503211975097656 23.748505654044905 12.200525639589577
v 5.660591125488281 23.905884825580813 12.200525618444294
v 5.289737701416016 23.876591761342297 12.200525622380075
v 5.364204406738281 24.086333381930164 12.200525594199435
v 4.990875244140625 23.9192858588755 12.200525616643747
v 5.00665283203125 24.141293640169053 12.200525586815038
v 4.990875244140625 23.9192858588755 12.200525616643747
v 3.9683151245117188 23.919285858876012 12.200529431341524
v 3.9683151245117188 24.141854400742954 12.200529401437473
v 5.00665283203125 24.141293640169053 12.200525586815038
v 3.9683151245117188 23.919285858876012 12.200529431341524
v 1.662841796875 23.9192858588755 12.200525616643747
v 1.662841796875 24.141854400742442 12.200525586739696
v 3.9683151245117188 24.141854400742954 12.200529401437473
v 1.662841796875 23.9192858588755 12.200525616643747
v -1.1761322021484375 23.9192858588755 12.200525616643747
v -1.1761322021484375 24.141854400742442 12.200525586739696
v 1.662841796875 24.141854400742442 12.200525586739696
v -3.4625625610351562 23.9192858588755 12.200525616643747
v -3.4625625610351562 24.141854400742442 12.200525586739696
v -4.571788787841797 23.9192858588755 12.200525616643747
v -4.587566375732422 24.141293640169053 12.200525586815038
v -4.8706512451171875 23.876591761342297 12.200525622380075
v -4.945117950439453 24.086333381930164 12.200525594199435
v -5.084125518798828 23.748505654044905 12.200525639589577
v -5.241504669189453 23.905884825580813 12.200525618444294
v -5.212211608886719 23.535031351681106 12.200525668271736
v -5.4219512939453125 23.609498067008634 12.200525658266475
v -3.4625625610351562 14.348572597423216 13.048972908883883
v -4.571788787841797 14.348572597423727 13.048976723581662
v -4.587566375732422 14.12656386245573 13.048976753410496
v -3.4625625610351562 14.126004055556274 13.048972938787934
v -4.571788787841797 14.348572597423727 13.048976723581662
v -4.8706512451171875 14.391267648631375 13.048976717845203
v -4.945117950439453 14.181526028043509 13.048976746025843
v -4.587566375732422 14.12656386245573 13.048976753410496
v -5.084125518798828 14.519351848579879 13.04897670063596
v -5.241504669189453 14.361971723369527 13.04897672178137
v -5.212211608886719 14.732827104618123 13.048976671953671
v -5.4219512939453125 14.658360389290596 13.048976681958933
v -5.254905700683594 15.03169150939722 13.048976631798597
v -5.4769134521484375 15.015913919386737 13.048976633918457
v -5.254905700683594 16.07880030029306 13.048976491110277
v -5.477474212646484 16.07880030029306 13.048976491110277
v -5.254905700683594 17.926994670928764 13.048976242789028
v -5.477474212646484 17.926994670928764 13.048976242789028
v -5.254905700683594 21.78946009467029 13.04897572383266
v -5.477474212646484 21.78946009467029 13.04897572383266
v -5.254905700683594 23.029505808766743 13.048975557221558
v -5.477474212646484 23.029505808766743 13.048975557221558
v -5.254905700683594 23.23616706089874 13.048975529454792
v -5.4769134521484375 23.251944650909227 13.048975527334933
v -5.212211608886719 23.53503146567784 13.048975489299718
v -5.4219512939453125 23.609498181005367 13.048975479294457
v -5.084125518798828 23.74850576804164 13.048975460617559
v -5.241504669189453 23.905884939577547 13.048975439472276
v -4.8706512451171875 23.87659187533903 13.048975443408057
v -4.945117950439453 24.086333495926898 13.048975415227417
v -4.571788787841797 23.919285972872235 13.048975437671729
v -4.587566375732422 24.141293754165787 13.04897540784302
v -4.571788787841797 23.919285972872235 13.048975437671729
v -3.4625625610351562 23.91928597287172 13.04897162297395
v -3.4625625610351562 24.14185451473866 13.048971593069899
v -4.587566375732422 24.141293754165787 13.04897540784302
v -3.4625625610351562 23.91928597287172 13.04897162297395
v -1.1761322021484375 23.91928597287172 13.04897162297395
v -1.1761322021484375 24.14185451473866 13.048971593069899
v -3.4625625610351562 24.14185451473866 13.048971593069899
v 1.662841796875 23.91928597287172 13.04897162297395
v 1.662841796875 24.14185451473866 13.048971593069899
v 1.662841796875 23.91928597287172 13.04897162297395
v 3.9683151245117188 23.919285972872235 13.048975437671729
v 3.9683151245117188 24.141854514739176 13.048975407767678
v 1.662841796875 24.14185451473866 13.048971593069899
v 3.9683151245117188 23.919285972872235 13.048975437671729
v 4.990875244140625 23.919285972872235 13.048975437671729
v 5.00665283203125 24.141293754165787 13.04897540784302
v 3.9683151245117188 24.141854514739176 13.048975407767678
v 5.289737701416016 23.87659187533903 13.048975443408057
v 5.364204406738281 24.086333495926898 13.048975415227417
v 5.503211975097656 23.74850576804164 13.048975460617559
v 5.660591125488281 23.905884939577547 13.048975439472276
v 5.631298065185547 23.53503146567784 13.048975489299718
v 5.841037750244141 23.609498181005367 13.048975479294457
v 5.673992156982422 23.23616706089874 13.048975529454792
v 5.895999908447266 23.251944650909227 13.048975527334933
v 5.673992156982422 23.029505808766743 13.048975557221558
v 5.8965606689453125 23.029505808766743 13.048975557221558
v 5.673992156982422 23.029505808766743 13.048975557221558
v 5.673992156982422 21.789460094669774 13.048971909134881
v 5.8965606689453125 21.789460094669774 13.048971909134881
v 5.8965606689453125 23.029505808766743 13.048975557221558
v 5.673992156982422 21.789460094669774 13.048971909134881
v 5.673992156982422 17.926994670928764 13.048976242789028
v 5.8965606689453125 17.926994670928764 13.048976242789028
v 5.8965606689453125 21.789460094669774 13.048971909134881
v 5.673992156982422 17.926994670928764 13.048976242789028
v 5.673992156982422 16.07880030029306 13.048976491110277
v 5.8965606689453125 16.07880030029306 13.048976491110277
v 5.8965606689453125 17.926994670928764 13.048976242789028
v 5.673992156982422 15.03169150939722 13.048976631798597
v 5.895999908447266 15.015913919386737 13.048976633918457
v 5.631298065185547 14.732827104618123 13.048976671953671
v 5.841037750244141 14.658360389290596 13.048976681958933
v 5.503211975097656 14.519351848579879 13.04897670063596
v 5.660591125488281 14.361971723369527 13.04897672178137
v 5.289737701416016 14.391267648631375 13.048976717845203
v 5.364204406738281 14.181526028043509 13.048976746025843
v 4.990875244140625 14.348572597423727 13.048976723581662
v 5.00665283203125 14.12656386245573 13.048976753410496
v 4.990875244140625 14.348572597423727 13.048976723581662
v 3.9683189392089844 14.348572597423216 13.048972908883883
v 3.9683189392089844 14.126004055556274 13.048972938787934
v 5.00665283203125 14.12656386245573 13.048976753410496
v 3.9683189392089844 14.348572597423216 13.048972908883883
v 1.662841796875 14.348572597423216 13.048972908883883
v 1.662841796875 14.126004055556274 13.048972938787934
v 3.9683189392089844 14.126004055556274 13.048972938787934
v -1.1761322021484375 14.348572597423216 13.048972908883883
v -1.1761322021484375 14.126004055556274 13.048972938787934
v -3.4625625610351562 14.348572597423216 13.048972908883883
v -3.4625625610351562 14.126004055556274 13.048972938787934
v -3.4625625610351562 14.348572573587106 12.871566574012618
v -4.571788787841797 14.348572573587619 12.871570388710396
v -4.571788787841797 14.348572597423727 13.048976723581662
v -3.4625625610351562 14.348572597423216 13.048972908883883
v -4.8706512451171875 14.391267624795267 12.871570382973937
v -4.8706512451171875 14.391267648631375 13.048976717845203
v -5.084125518798828 14.51935182474377 12.871570365764693
v -5.084125518798828 14.519351848579879 13.04897670063596
v -5.212211608886719 14.732827080782014 12.871570337082405
v -5.212211608886719 14.732827104618123 13.048976671953671
v -5.254905700683594 15.031691485561112 12.871570296927331
v -5.254905700683594 15.03169150939722 13.048976631798597
v -5.254905700683594 16.07880027645695 12.871570156239011
v -5.254905700683594 16.07880030029306 13.048976491110277
v -5.254905700683594 17.926994647092652 12.871569907917761
v -5.254905700683594 17.926994670928764 13.048976242789028
v -5.254905700683594 21.789460070834178 12.871569388961394
v -5.254905700683594 21.78946009467029 13.04897572383266
v -5.254905700683594 23.02950578493063 12.871569222350292
v -5.254905700683594 23.029505808766743 13.048975557221558
v -5.254905700683594 23.23616703706263 12.871569194583525
v -5.254905700683594 23.23616706089874 13.048975529454792
v -5.212211608886719 23.535031441841728 12.871569154428451
v -5.212211608886719 23.53503146567784 13.048975489299718
v -5.084125518798828 23.748505744205527 12.871569125746293
v -5.084125518798828 23.74850576804164 13.048975460617559
v -4.8706512451171875 23.87659185150292 12.871569108536791
v -4.8706512451171875 23.87659187533903 13.048975443408057
v -4.571788787841797 23.919285949036123 12.871569102800462
v -4.571788787841797 23.919285972872235 13.048975437671729
v -3.4625625610351562 23.91928594903561 12.871565288102685
v -3.4625625610351562 23.91928597287172 13.04897162297395
v -1.1761322021484375 23.91928594903561 12.871565288102685
v -1.1761322021484375 23.91928597287172 13.04897162297395
v 1.662841796875 23.91928594903561 12.871565288102685
v 1.662841796875 23.91928597287172 13.04897162297395
v 3.9683151245117188 23.919285949036123 12.871569102800462
v 3.9683151245117188 23.919285972872235 13.048975437671729
v 4.990875244140625 23.919285949036123 12.871569102800462
v 4.990875244140625 23.919285972872235 13.048975437671729
v 5.289737701416016 23.87659185150292 12.871569108536791
v 5.289737701416016 23.87659187533903 13.048975443408057
v 5.503211975097656 23.748505744205527 12.871569125746293
v 5.503211975097656 23.74850576804164 13.048975460617559
v 5.631298065185547 23.535031441841728 12.871569154428451
v 5.631298065185547 23.53503146567784 13.048975489299718
v 5.673992156982422 23.23616703706263 12.871569194583525
v 5.673992156982422 23.23616706089874 13.048975529454792
v 5.673992156982422 23.02950578493063 12.871569222350292
v 5.673992156982422 23.029505808766743 13.048975557221558
v 5.673992156982422 21.789460070833666 12.871565574263617
v 5.673992156982422 21.789460094669774 13.048971909134881
v 5.673992156982422 17.926994647092652 12.871569907917761
v 5.673992156982422 17.926994670928764 13.048976242789028
v 5.673992156982422 16.07880027645695 12.871570156239011
v 5.673992156982422 16.07880030029306 13.048976491110277
v 5.673992156982422 15.031691485561112 12.871570296927331
v 5.673992156982422 15.03169150939722 13.048976631798597
v 5.631298065185547 14.732827080782014 12.871570337082405
v 5.631298065185547 14.732827104618123 13.048976671953671
v 5.503211975097656 14.51935182474377 12.871570365764693
v 5.503211975097656 14.519351848579879 13.04897670063596
v 5.289737701416016 14.391267624795267 12.871570382973937
v 5.289737701416016 14.391267648631375 13.048976717845203
v 4.990875244140625 14.348572573587619 12.871570388710396
v 4.990875244140625 14.348572597423727 13.048976723581662
v 3.9683189392089844 14.348574480935994 12.87156657401236
v 3.9683189392089844 14.348572597423216 13.048972908883883
v 1.662841796875 14.348572573587106 12.871566574012618
v 1.662841796875 14.348572597423216 13.048972908883883
v -1.1761322021484375 14.348572573587106 12.871566574012618
v -1.1761322021484375 14.348572597423216 13.048972908883883
v -3.4625625610351562 14.126003941560054 12.20052693245773
v -3.4625625610351562 14.126004055556274 13.048972938787934
v -4.587566375732422 14.12656386245573 13.048976753410496
v -4.587566375732422 14.126563748458999 12.200526932382514
v -1.1761322021484375 14.126003941560054 12.20052693245773
v -1.1761322021484375 14.126004055556274 13.048972938787934
v 1.662841796875 14.126003941560054 12.20052693245773
v 1.662841796875 14.126004055556274 13.048972938787934
v 3.9683189392089844 14.126003941560054 12.20052693245773
v 3.9683189392089844 14.126004055556274 13.048972938787934
v 5.00665283203125 14.126563748458999 12.200526932382514
v 5.00665283203125 14.12656386245573 13.048976753410496
v 5.364204406738281 14.181525914046777 12.200526924997861
v 5.364204406738281 14.181526028043509 13.048976746025843
v 5.660591125488281 14.361971609372794 12.200526900753388
v 5.660591125488281 14.361971723369527 13.04897672178137
v 5.841037750244141 14.658360275293864 12.200526860930951
v 5.841037750244141 14.658360389290596 13.048976681958933
v 5.895999908447266 15.015913805390005 12.200526812890475
v 5.895999908447266 15.015913919386737 13.048976633918457
v 5.8965606689453125 16.078800186296327 12.200526670082295
v 5.8965606689453125 16.07880030029306 13.048976491110277
v 5.8965606689453125 17.92699455693203 12.200526421761046
v 5.8965606689453125 17.926994670928764 13.048976242789028
v 5.8965606689453125 21.789459980674067 12.200529717502455
v 5.8965606689453125 21.789460094669774 13.048971909134881
v 5.8965606689453125 23.02950569477001 12.200525736193576
v 5.8965606689453125 23.029505808766743 13.048975557221558
v 5.895999908447266 23.251944536912493 12.200525706306951
v 5.895999908447266 23.251944650909227 13.048975527334933
v 5.841037750244141 23.609498067008634 12.200525658266475
v 5.841037750244141 23.609498181005367 13.048975479294457
v 5.660591125488281 23.905884825580813 12.200525618444294
v 5.660591125488281 23.905884939577547 13.048975439472276
v 5.364204406738281 24.086333381930164 12.200525594199435
v 5.364204406738281 24.086333495926898 13.048975415227417
v 5.00665283203125 24.141293640169053 12.200525586815038
v 5.00665283203125 24.141293754165787 13.04897540784302
v 3.9683151245117188 24.141854400742954 12.200529401437473
v 3.9683151245117188 24.141854514739176 13.048975407767678
v 1.662841796875 24.141854400742442 12.200525586739696
v 1.662841796875 24.14185451473866 13.048971593069899
v -1.1761322021484375 24.141854400742442 12.200525586739696
v -1.1761322021484375 24.14185451473866 13.048971593069899
v -3.4625625610351562 24.141854400742442 12.200525586739696
v -3.4625625610351562 24.14185451473866 13.048971593069899
v -4.587566375732422 24.141293640169053 12.200525586815038
v -4.587566375732422 24.141293754165787 13.04897540784302
v -4.945117950439453 24.086333381930164 12.200525594199435
v -4.945117950439453 24.086333495926898 13.048975415227417
v -5.241504669189453 23.905884825580813 12.200525618444294
v -5.241504669189453 23.905884939577547 13.048975439472276
v -5.4219512939453125 23.609498067008634 12.200525658266475
v -5.4219512939453125 23.609498181005367 13.048975479294457
v -5.4769134521484375 23.251944536912493 12.200525706306951
v -5.4769134521484375 23.251944650909227 13.048975527334933
v -5.477474212646484 23.02950569477001 12.200525736193576
v -5.477474212646484 23.029505808766743 13.048975557221558
v -5.477474212646484 21.789459980674067 12.200529717502455
v -5.477474212646484 21.78946009467029 13.04897572383266
v -5.477474212646484 17.92699455693203 12.200526421761046
v -5.477474212646484 17.926994670928764 13.048976242789028
v -5.477474212646484 16.078800186296327 12.200526670082295
v -5.477474212646484 16.07880030029306 13.048976491110277
v -5.4769134521484375 15.015913805390005 12.200526812890475
v -5.4769134521484375 15.015913919386737 13.048976633918457
v -5.4219512939453125 14.658360275293864 12.200526860930951
v -5.4219512939453125 14.658360389290596 13.048976681958933
v -5.241504669189453 14.361971609372794 12.200526900753388
v -5.241504669189453 14.361971723369527 13.04897672178137
v -4.945117950439453 14.181525914046777 12.200526924997861
v -4.945117950439453 14.181526028043509 13.048976746025843
v -3.4625625610351562 17.92699464709214 12.871566093219984
v -2.2519760131835938 20.159660962695593 12.871565793241531
v -2.38671875 20.159660962695593 12.871565793241531
v -2.2519760131835938 21.38758928929971 12.871565628258507
v -3.4625625610351562 21.789460070833666 12.871565574263617
v -2.38671875 21.38758928929971 12.871565628258507
v 1.662841796875 17.92699464709214 12.871566093219984
v 3.9683151245117188 17.926994647092652 12.871569907917761
v 2.8924713134765625 20.159660962696105 12.871569607939309
v 2.7386856079101562 20.159660962695593 12.871565793241531
v 3.9683151245117188 21.789460070834178 12.871569388961394
v 2.8924713134765625 21.387589289300223 12.871569442956284
v 2.8924713134765625 20.159660962696105 12.871569607939309
v 3.9683151245117188 21.789460070834178 12.871569388961394
v 1.662841796875 21.789460070833666 12.871565574263617
v 2.7386856079101562 21.38758928929971 12.871565628258507
v 2.8924713134765625 21.387589289300223 12.871569442956284
v 2.7386856079101562 20.159660962695593 12.871565793241531
v 2.7386856079101562 21.38758928929971 12.871565628258507
v -2.38671875 20.159660962695593 12.871565793241531
v -2.2519760131835938 20.159660962695593 12.871565793241531
v -2.2519760131835938 20.159660920460382 12.557219437529758
v -2.38671875 20.159660920460382 12.557219437529758
v -2.2519760131835938 20.159660962695593 12.871565793241531
v -2.2519760131835938 21.38758928929971 12.871565628258507
v -2.2519760131835938 21.3875892470645 12.557219272546734
v -2.2519760131835938 20.159660920460382 12.557219437529758
v -2.2519760131835938 21.38758928929971 12.871565628258507
v -2.38671875 21.38758928929971 12.871565628258507
v -2.38671875 21.3875892470645 12.557219272546734
v -2.2519760131835938 21.3875892470645 12.557219272546734
v -2.38671875 21.38758928929971 12.871565628258507
v -2.38671875 20.159660962695593 12.871565793241531
v -2.38671875 20.159660920460382 12.557219437529758
v -2.38671875 21.3875892470645 12.557219272546734
v 2.7386856079101562 20.159660962695593 12.871565793241531
v 2.8924713134765625 20.159660962696105 12.871569607939309
v 2.8924827575683594 20.159660920460894 12.557223252227535
v 2.738697052001953 20.159660920460382 12.557219437529758
v 2.8924713134765625 20.159660962696105 12.871569607939309
v 2.8924713134765625 21.387589289300223 12.871569442956284
v 2.8924827575683594 21.387589247065012 12.55722308724451
v 2.8924827575683594 20.159660920460894 12.557223252227535
v 2.8924713134765625 21.387589289300223 12.871569442956284
v 2.7386856079101562 21.38758928929971 12.871565628258507
v 2.738697052001953 21.3875892470645 12.557219272546734
v 2.8924827575683594 21.387589247065012 12.55722308724451
v 2.7386856079101562 21.38758928929971 12.871565628258507
v 2.7386856079101562 20.159660962695593 12.871565793241531
v 2.738697052001953 20.159660920460382 12.557219437529758
v 2.738697052001953 21.3875892470645 12.557219272546734
v 0.229278564453125 32.623636355299304 10.779665873053679
v 0.053466796875 32.62363635946445 10.810666014547923
v -0.10113525390625 32.62363637145759 10.899928035208056
v -0.21588897705078125 32.62363638983184 11.036683043206324
v -0.276947021484375 32.623636412371475 11.204440100047725
v -0.276947021484375 32.62363643635751 11.382962234019104
v -0.276947021484375 32.62363643635751 11.382962234019104
v -0.21588897705078125 32.623636458897145 11.550719290860505
v -0.10113525390625 32.623636477271646 11.687476206207661
v 0.053466796875 32.62363648926479 11.776738226867794
v 0.229278564453125 32.623636493429935 11.80773836836204
v 0.40509033203125 32.62363648926479 11.776738226867794
v 0.5596961975097656 32.623636477271646 11.687476206207661
v 0.6744461059570312 32.623636458897145 11.550719290860505
v 0.7355079650878906 32.62363643635751 11.382962234019104
v 0.7355079650878906 32.62363643635751 11.382962234019104
v 0.7355079650878906 32.623636412371475 11.204440100047725
v 0.6744461059570312 32.62363638983184 11.036683043206324
v 0.5596961975097656 32.62363637145759 10.899928035208056
v 0.40509033203125 32.62363635946445 10.810666014547923
v 0.229278564453125 32.410883006829295 10.601141860318702
v -0.00759124755859375 32.410883012441076 10.642908986291813
v -0.21588897705078125 32.410883028599365 10.76317114844619
v -0.3704872131347656 32.41088305335522 10.94742295848037
v -0.4527587890625 32.41088308372261 11.17343998713877
v -0.4527587890625 32.41088311603892 11.413962404098639
v -0.4527587890625 32.41088311603892 11.413962404098639
v -0.3704872131347656 32.41088314640656 11.639981340105928
v -0.21588897705078125 32.41088317116216 11.82423124279122
v -0.00759124755859375 32.41088318732045 11.944493404945597
v 0.229278564453125 32.41088319293223 11.986260530918708
v 0.46614837646484375 32.41088318732071 11.944495312294487
v 0.6744461059570312 32.41088317116242 11.824233150140108
v 0.8290519714355469 32.41088314640656 11.639981340105928
v 0.9113197326660156 32.41088311603892 11.413962404098639
v 0.9113197326660156 32.41088311603892 11.413962404098639
v 0.9113197326660156 32.41088308372261 11.17343998713877
v 0.8290557861328125 32.41088305335522 10.94742295848037
v 0.6744461059570312 32.410883028599365 10.76317114844619
v 0.46614837646484375 32.410883012441076 10.642908986291813
v 0.229278564453125 32.149904260271306 10.506152106009456
v -0.04007720947265625 32.14990426665267 10.553647000696477
v -0.276947021484375 32.14990428502717 10.690403916043634
v -0.4527587890625 32.149904313178595 10.899928098858146
v -0.5463027954101562 32.14990434771112 11.156945269010793
v -0.5463027954101562 32.149904384459866 11.430457192356217
v -0.5463027954101562 32.149904384459866 11.430457192356217
v -0.4527587890625 32.14990441899265 11.68747626985775
v -0.276947021484375 32.14990444714382 11.896998545323374
v -0.04007720947265625 32.14990446551832 12.03375546067053
v 0.229278564453125 32.14990447189968 12.081250355357552
v 0.49863433837890625 32.14990446551832 12.03375546067053
v 0.7355079650878906 32.14990444714382 11.896998545323374
v 0.9113197326660156 32.14990441899265 11.68747626985775
v 1.0048637390136719 32.14990438446012 11.430459099705105
v 1.0048637390136719 32.14990438446012 11.430459099705105
v 1.0048637390136719 32.14990434771112 11.156945269010793
v 0.9113197326660156 32.149904313178595 10.899928098858146
v 0.7355079650878906 32.14990428502717 10.690403916043634
v 0.49863433837890625 32.14990426665267 10.553647000696477
v 0.229278564453125 31.872165651787682 10.506152143326092
v -0.04007720947265625 31.87216565816904 10.553647038013114
v -0.276947021484375 31.87216567654354 10.69040395336027
v -0.4527587890625 31.872165704694964 10.899928136174783
v -0.5463027954101562 31.872165739227494 11.15694530632743
v -0.5463027954101562 31.87216577597624 11.430457229672854
v -0.5463027954101562 31.87216577597624 11.430457229672854
v -0.4527587890625 31.872165810509024 11.687476307174387
v -0.276947021484375 31.872165838660194 11.89699858264001
v -0.04007720947265625 31.872165857034695 12.033755497987167
v 0.229278564453125 31.87216586341605 12.081250392674189
v 0.49863433837890625 31.872165857034695 12.033755497987167
v 0.7355079650878906 31.872165838660194 11.89699858264001
v 0.9113197326660156 31.872165810509024 11.687476307174387
v 1.0048637390136719 31.872165775976494 11.430459137021742
v 1.0048637390136719 31.872165775976494 11.430459137021742
v 1.0048637390136719 31.872165739227494 11.15694530632743
v 0.9113197326660156 31.872165704694964 10.899928136174783
v 0.7355079650878906 31.87216567654354 10.69040395336027
v 0.49863433837890625 31.87216565816904 10.553647038013114
v 0.229278564453125 31.61118693075513 10.601141967764937
v -0.00759124755859375 31.611186936366916 10.642909093738048
v -0.21588897705078125 31.6111869525252 10.763171255892425
v -0.3704872131347656 31.611186977281058 10.947423065926605
v -0.4527587890625 31.611187007648443 11.173440094585006
v -0.4527587890625 31.611187039964758 11.413962511544874
v -0.4527587890625 31.611187039964758 11.413962511544874
v -0.3704872131347656 31.6111870703324 11.639981447552163
v -0.21588897705078125 31.611187095088003 11.824231350237454
v -0.00759124755859375 31.611187111246284 11.944493512391832
v 0.229278564453125 31.61118711685807 11.986260638364943
v 0.46614837646484375 31.611187111246284 11.944493512391832
v 0.6744461059570312 31.61118709508826 11.824233257586343
v 0.8290519714355469 31.6111870703324 11.639981447552163
v 0.9113197326660156 31.611187039964758 11.413962511544874
v 0.9113197326660156 31.611187039964758 11.413962511544874
v 0.9113197326660156 31.611187007648443 11.173440094585006
v 0.8290557861328125 31.611186977281058 10.947423065926605
v 0.6744461059570312 31.6111869525252 10.763171255892425
v 0.46614837646484375 31.611186936366916 10.642909093738048
v 0.229278564453125 31.398426000862134 10.77966603767152
v 0.053466796875 31.398426005027275 10.810666179165764
v -0.10113525390625 31.398426017020416 10.899928199825897
v -0.21588897705078125 31.39842603539466 11.036683207824165
v -0.276947021484375 31.398426057934305 11.204440264665566
v -0.276947021484375 31.39842608192033 11.382962398636945
v -0.276947021484375 31.39842608192033 11.382962398636945
v -0.21588897705078125 31.398426104459976 11.550719455478346
v -0.10113525390625 31.398426122834476 11.687476370825502
v 0.053466796875 31.398426134827616 11.776738391485635
v 0.229278564453125 31.398426138992757 11.807738532979881
v 0.40509033203125 31.398426134827616 11.776738391485635
v 0.5596961975097656 31.398426122834476 11.687476370825502
v 0.6744461059570312 31.398426104459976 11.550719455478346
v 0.7355079650878906 31.39842608192033 11.382962398636945
v 0.7355079650878906 31.39842608192033 11.382962398636945
v 0.7355079650878906 31.398426057934305 11.204440264665566
v 0.6744461059570312 31.39842603539466 11.036683207824165
v 0.5596961975097656 31.398426017020416 10.899928199825897
v 0.40509033203125 31.398426005027275 10.810666179165764
v 0.229278564453125 31.2595634105281 11.063880114291
v 0.15067291259765625 31.259563412390406 11.077740818667959
v 0.08155059814453125 31.25956341775258 11.117650186823104
v 0.030242919921875 31.25956342596755 11.178792162811506
v 0.00295257568359375 31.25956343604482 11.253794843176864
v 0.00295257568359375 31.259563446769175 11.333613579487155
v 0.00295257568359375 31.259563446769175 11.333613579487155
v 0.030242919921875 31.259563456846447 11.408616259852513
v 0.08155059814453125 31.259563465061923 11.469762050538694
v 0.15067291259765625 31.259563470423842 11.509669511344951
v 0.229278564453125 31.259563472285897 11.523528308373018
v 0.30788421630859375 31.259563470423842 11.509669511344951
v 0.37700653076171875 31.259563465061923 11.469762050538694
v 0.428314208984375 31.259563456846703 11.408618167201404
v 0.4556121826171875 31.259563446769175 11.333613579487155
v 0.4556121826171875 31.259563446769175 11.333613579487155
v 0.4556121826171875 31.259563436045333 11.253798657874643
v 0.428314208984375 31.25956342596755 11.178792162811506
v 0.37700653076171875 31.25956341775258 11.117650186823104
v 0.30788421630859375 31.259563412390406 11.077740818667959
v 0.15067291259765625 31.259563412390406 11.077740818667959
v 0.229278564453125 31.2595634105281 11.063880114291
v 0.229278564453125 30.486116269865477 11.06388021821046
v 0.15067291259765625 30.486116271727784 11.077740922587418
v 0.30788421630859375 31.259563412390406 11.077740818667959
v 0.30788421630859375 30.486116271727784 11.077740922587418
v 0.37700653076171875 31.25956341775258 11.117650186823104
v 0.37700653076171875 30.48611627708996 11.117650290742564
v 0.428314208984375 31.25956342596755 11.178792162811506
v 0.428314208984375 30.486116285304927 11.178792266730966
v 0.4556121826171875 31.259563436045333 11.253798657874643
v 0.4556121826171875 30.48611629538271 11.253798761794103
v 0.4556121826171875 31.259563446769175 11.333613579487155
v 0.4556121826171875 30.486116306106553 11.333613683406615
v 0.428314208984375 31.259563456846703 11.408618167201404
v 0.428314208984375 30.48611631618408 11.408618271120863
v 0.37700653076171875 31.259563465061923 11.469762050538694
v 0.37700653076171875 30.4861163243993 11.469762154458154
v 0.30788421630859375 31.259563470423842 11.509669511344951
v 0.30788421630859375 30.48611632976122 11.50966961526441
v 0.229278564453125 31.259563472285897 11.523528308373018
v 0.229278564453125 30.486116331623275 11.523528412292478
v 0.15067291259765625 31.259563470423842 11.509669511344951
v 0.15067291259765625 30.48611632976122 11.50966961526441
v 0.08155059814453125 31.259563465061923 11.469762050538694
v 0.08155059814453125 30.4861163243993 11.469762154458154
v 0.030242919921875 31.259563456846447 11.408616259852513
v 0.030242919921875 30.486116316183825 11.408616363771973
v 0.00295257568359375 31.259563446769175 11.333613579487155
v 0.00295257568359375 30.486116306106553 11.333613683406615
v 0.00295257568359375 31.259563446769175 11.333613579487155
v 0.00295257568359375 31.25956343604482 11.253794843176864
v 0.00295257568359375 30.4861162953822 11.253794947096324
v 0.00295257568359375 30.486116306106553 11.333613683406615
v 0.030242919921875 31.25956342596755 11.178792162811506
v 0.030242919921875 30.486116285304927 11.178792266730966
v 0.08155059814453125 31.25956341775258 11.117650186823104
v 0.08155059814453125 30.48611627708996 11.117650290742564
v 10.900289535522461 30.46968030150784 8.511160761227373
v 10.868083953857422 30.46968027696827 8.328518753655578
v 10.868083953857422 30.536767459443936 8.328518744641823
v 10.900289535522461 30.536767483983507 8.511160752213618
v 10.77535629272461 30.469680255388354 8.167904718403788
v 10.77535629272461 30.53676743786402 8.167904709390033
v 10.633285522460938 30.469680239371275 8.048693505487295
v 10.633285522460938 30.536767421846942 8.04869349647354
v 10.459007263183594 30.469680230848788 7.985262710831995
v 10.459007263183594 30.536767413324455 7.985262701818239
v 10.273548126220703 30.469680230848788 7.985262710831995
v 10.273548126220703 30.536767413324455 7.985262701818239
v 10.099273681640625 30.469680239371275 8.048693505487295
v 10.099273681640625 30.536767421846942 8.04869349647354
v 9.957202911376953 30.469680255388354 8.167904718403788
v 9.957202911376953 30.53676743786402 8.167904709390033
v 9.864471435546875 30.46968027696827 8.328518753655578
v 9.864471435546875 30.536767459443936 8.328518744641823
v 9.832267761230469 30.46968030150784 8.511160761227373
v 9.832267761230469 30.536767483983507 8.511160752213618
v 9.864471435546875 30.469680326047406 8.693802768799168
v 9.864471435546875 30.536767508523074 8.693802759785413
v 9.957202911376953 30.46968034762732 8.854416804050958
v 9.957202911376953 30.53676753010299 8.854416795037203
v 10.099273681640625 30.4696803636444 8.973628016967453
v 10.099273681640625 30.536767546120068 8.973628007953698
v 10.273548126220703 30.46968037216689 9.037058811622753
v 10.273548126220703 30.53676755464256 9.037058802608998
v 10.459007263183594 30.46968037216689 9.037058811622753
v 10.459007263183594 30.53676755464256 9.037058802608998
v 10.633283615112305 30.4696803636444 8.973628016967453
v 10.633283615112305 30.536767546120068 8.973628007953698
v 10.775354385375977 30.46968034762732 8.854416804050958
v 10.775354385375977 30.53676753010299 8.854416795037203
v 10.868083953857422 30.469680326047534 8.693803722473612
v 10.868083953857422 30.5367675085232 8.693803713459857
v 10.83027458190918 30.60678244700392 8.511160742806489
v 10.802291870117188 30.606782425681683 8.35246454686267
v 10.778770446777344 30.606782426831945 8.361025682351313
v 10.805244445800781 30.60678244700392 8.511160742806489
v 10.721721649169922 30.606782406931362 8.212910504369676
v 10.702545166015625 30.606782409092993 8.22899899224908
v 10.598278045654297 30.606782393014154 8.109328108250317
v 10.585762023925781 30.60678239592665 8.13100512837473
v 10.44685173034668 30.606782385609126 8.054214308425857
v 10.4425048828125 30.606782388921022 8.078863931793904
v 10.285707473754883 30.606782385609126 8.054214308425857
v 10.29005241394043 30.606782388921022 8.078863931793904
v 10.134281158447266 30.606782393014154 8.109328108250317
v 10.146795272827148 30.60678239592665 8.13100512837473
v 10.01083755493164 30.606782406931362 8.212910504369676
v 10.030010223388672 30.606782409092993 8.22899899224908
v 9.930265426635742 30.606782425681683 8.35246454686267
v 9.953784942626953 30.606782426831945 8.361025682351313
v 9.90228271484375 30.60678244700392 8.511160742806489
v 9.927314758300781 30.60678244700392 8.511160742806489
v 9.930265426635742 30.606782468326028 8.669855985075863
v 9.953784942626953 30.60678246717589 8.661295803261664
v 10.01083755493164 30.606782487076472 8.809410981243301
v 10.030010223388672 30.60678248491484 8.793322493363899
v 10.134281158447266 30.606782500993685 8.91299337736266
v 10.146795272827148 30.606782498081184 8.891316357238248
v 10.285707473754883 30.60678250839871 8.968107177187122
v 10.29005241394043 30.606782505086816 8.943457553819075
v 10.446849822998047 30.60678250839871 8.968107177187122
v 10.4425048828125 30.606782505086816 8.943457553819075
v 10.598276138305664 30.606782500993685 8.91299337736266
v 10.585762023925781 30.606782498081184 8.891316357238248
v 10.721719741821289 30.6067824870766 8.809411934917748
v 10.702545166015625 30.60678248491484 8.793322493363899
v 10.802291870117188 30.606782468326156 8.669856938750307
v 10.778770446777344 30.60678246717589 8.661295803261664
v 10.805244445800781 30.60678244700392 8.511160742806489
v 10.778770446777344 30.606782426831945 8.361025682351313
v 10.778770446777344 30.664000986155507 8.361025674663495
v 10.805244445800781 30.66400100632748 8.51116073511867
v 10.702545166015625 30.606782409092993 8.22899899224908
v 10.702545166015625 30.664000968416556 8.228998984561262
v 10.585762023925781 30.60678239592665 8.13100512837473
v 10.585762023925781 30.664000955250213 8.131005120686911
v 10.4425048828125 30.606782388921022 8.078863931793904
v 10.4425048828125 30.664000948244585 8.078863924106086
v 10.29005241394043 30.606782388921022 8.078863931793904
v 10.29005241394043 30.664000948244585 8.078863924106086
v 10.146795272827148 30.60678239592665 8.13100512837473
v 10.146795272827148 30.664000955250213 8.131005120686911
v 10.030010223388672 30.606782409092993 8.22899899224908
v 10.030010223388672 30.664000968416556 8.228998984561262
v 9.953784942626953 30.606782426831945 8.361025682351313
v 9.953784942626953 30.664000986155507 8.361025674663495
v 9.927314758300781 30.60678244700392 8.511160742806489
v 9.927314758300781 30.66400100632748 8.51116073511867
v 9.953784942626953 30.60678246717589 8.661295803261664
v 9.953784942626953 30.664001026499452 8.661295795573846
v 10.030010223388672 30.60678248491484 8.793322493363899
v 10.030010223388672 30.664001044238404 8.79332248567608
v 10.146795272827148 30.606782498081184 8.891316357238248
v 10.146795272827148 30.664001057404747 8.89131634955043
v 10.29005241394043 30.606782505086816 8.943457553819075
v 10.29005241394043 30.664001064410378 8.943457546131256
v 10.4425048828125 30.606782505086816 8.943457553819075
v 10.4425048828125 30.664001064410378 8.943457546131256
v 10.585762023925781 30.606782498081184 8.891316357238248
v 10.585762023925781 30.664001057404747 8.89131634955043
v 10.702545166015625 30.60678248491484 8.793322493363899
v 10.702545166015625 30.664001044238404 8.79332248567608
v 10.778770446777344 30.60678246717589 8.661295803261664
v 10.778770446777344 30.664001026499452 8.661295795573846
v 10.869171142578125 30.599002370885355 8.51116074385181
v 10.838844299316406 30.59900234777577 8.339161743081092
v 10.751518249511719 30.599002327453366 8.187907068828025
v 10.617725372314453 30.599002312369617 8.075642420565567
v 10.453605651855469 30.59900230434378 8.015908068057307
v 10.278953552246094 30.59900230434378 8.015908068057307
v 10.11483383178711 30.599002312369617 8.075642420565567
v 9.981040954589844 30.599002327453366 8.187907068828025
v 9.893714904785156 30.599002347775638 8.339160789406648
v 9.863386154174805 30.599002370885355 8.51116074385181
v 9.893714904785156 30.59900239399494 8.683159744622529
v 9.981040954589844 30.599002414317344 8.834414418875596
v 10.11483383178711 30.59900242940109 8.946679067138055
v 10.278953552246094 30.59900243742693 9.006413419646314
v 10.453605651855469 30.59900243742693 9.006413419646314
v 10.617725372314453 30.59900242940109 8.946679067138055
v 10.751516342163086 30.599002414317344 8.834414418875596
v 10.838844299316406 30.599002393995068 8.683160698296975
v 10.892509460449219 30.57566404987855 8.511160746987521
v 10.860774993896484 30.575664025696476 8.331179491115996
v 10.769393920898438 30.575664004431005 8.17290577295111
v 10.62939453125 30.57566398864713 8.05543024752368
v 10.457656860351562 30.575663980248805 7.992923563405138
v 10.274898529052734 30.575663980248805 7.992923563405138
v 10.103164672851562 30.57566398864713 8.05543024752368
v 9.96316146850586 30.575664004431005 8.17290577295111
v 9.871782302856445 30.575664025696348 8.33117853744155
v 9.840045928955078 30.57566404987855 8.511160746987521
v 9.871782302856445 30.575664074060622 8.691142002859047
v 9.96316146850586 30.575664095326097 8.849415721023934
v 10.103164672851562 30.57566411110984 8.966890292776919
v 10.274898529052734 30.575664119508296 9.029397930569903
v 10.457656860351562 30.575664119508296 9.029397930569903
v 10.62939453125 30.57566411110997 8.966891246451363
v 10.769393920898438 30.575664095326097 8.849415721023934
v 10.860774993896484 30.57566407406075 8.691142956533492
v 10.756114959716797 30.70919754560316 8.511160729046114
v 10.73260498046875 30.709197527688918 8.377829412303749
v 10.689458847045898 30.70536375853173 8.393532616222661
v 10.710199356079102 30.705363774336107 8.511160729561217
v 10.664909362792969 30.709197511935283 8.260578954045231
v 10.629737854003906 30.70536374463374 8.290093271269983
v 10.561195373535156 30.709197500242617 8.173553299957545
v 10.538238525390625 30.705363734318134 8.213316756437779
v 10.43397331237793 30.709197494021044 8.127247637302865
v 10.42599868774414 30.70536372882936 8.172465157931427
v 10.298583984375 30.709197494021044 8.127247637302865
v 10.306556701660156 30.70536372882936 8.172465157931427
v 10.17136001586914 30.709197500242617 8.173553299957545
v 10.194318771362305 30.705363734318134 8.213316756437779
v 10.067646026611328 30.709197511935283 8.260578954045231
v 10.102819442749023 30.70536374463374 8.290093271269983
v 9.999954223632812 30.709197527688918 8.377829412303749
v 10.043098449707031 30.70536375853173 8.393532616222661
v 9.976444244384766 30.70919754560316 8.511160729046114
v 10.022357940673828 30.705363774336107 8.511160729561217
v 9.999954223632812 30.7091975635174 8.64449204578848
v 10.043098449707031 30.70536379014048 8.628788842899773
v 10.067646026611328 30.709197579271034 8.761742504046998
v 10.102819442749023 30.705363804038473 8.732228187852451
v 10.17136001586914 30.7091975909637 8.848768158134684
v 10.194318771362305 30.705363814354076 8.809004702684657
v 10.298583984375 30.709197597185277 8.895073820789365
v 10.306556701660156 30.705363819842848 8.849856301191007
v 10.433971405029297 30.709197597185277 8.895073820789365
v 10.42599868774414 30.705363819842848 8.849856301191007
v 10.561195373535156 30.7091975909637 8.848768158134684
v 10.538238525390625 30.705363814354076 8.809004702684657
v 10.664909362792969 30.709197579271034 8.761742504046998
v 10.629737854003906 30.7053638040386 8.732229141526895
v 10.73260498046875 30.7091975635174 8.64449204578848
v 10.689458847045898 30.70536379014048 8.628788842899773
v 10.783409118652344 30.706000828865058 8.511160729475622
v 10.75825309753418 30.706000809696505 8.368493893595646
v 10.685819625854492 30.706000792840015 8.243035159392964
v 10.574844360351562 30.70600078032857 8.149915525604664
v 10.438713073730469 30.706000773671338 8.100367369838544
v 10.293844223022461 30.706000773671338 8.100367369838544
v 10.157712936401367 30.70600078032857 8.149915525604664
v 10.046737670898438 30.706000792840015 8.243035159392964
v 9.97430419921875 30.706000809696505 8.368493893595646
v 9.949148178100586 30.706000828865058 8.511160729475622
v 9.97430419921875 30.706000848033607 8.653827565355598
v 10.046737670898438 30.706000864890097 8.77928629955828
v 10.157712936401367 30.706000877401543 8.872405933346581
v 10.293844223022461 30.706000884058774 8.921954089112699
v 10.438713073730469 30.706000884058774 8.921954089112699
v 10.574844360351562 30.706000877401543 8.872405933346581
v 10.685819625854492 30.706000864890225 8.779287253232724
v 10.75825309753418 30.706000848033735 8.653828519030043
v 10.799785614013672 30.690934679990203 8.511160731499892
v 10.773643493652344 30.690934660069118 8.362892965607127
v 10.6983642578125 30.690934642550683 8.232507549223948
v 10.583032608032227 30.6909346295481 8.135732481289722
v 10.44155502319336 30.690934622629598 8.084239783331185
v 10.291000366210938 30.690934622629598 8.084239783331185
v 10.149524688720703 30.6909346295481 8.135732481289722
v 10.03419303894043 30.690934642550683 8.232507549223948
v 9.958915710449219 30.690934660069118 8.362892965607127
v 9.93277359008789 30.690934679990203 8.511160731499892
v 9.958915710449219 30.69093469991129 8.659428497392657
v 10.03419303894043 30.69093471742972 8.789813913775836
v 10.149524688720703 30.690934730432307 8.886588981710062
v 10.291000366210938 30.690934737350805 8.938081679668601
v 10.44155502319336 30.690934737350805 8.938081679668601
v 10.583030700683594 30.690934730432307 8.886588981710062
v 10.6983642578125 30.69093471742972 8.789813913775836
v 10.773643493652344 30.690934699911416 8.659429451067101
v 10.900289535522461 30.469680770267225 12.000022313971133
v 10.868083953857422 30.469680745727658 11.81738030639934
v 10.868083953857422 30.536767928203325 11.817380297385585
v 10.900289535522461 30.536767952742892 12.000022304957378
v 10.77535629272461 30.46968072414774 11.65676627114755
v 10.77535629272461 30.536767906623407 11.656766262133795
v 10.633285522460938 30.46968070813066 11.537555058231055
v 10.633285522460938 30.536767890606328 11.5375550492173
v 10.459007263183594 30.469680699608173 11.474124263575755
v 10.459007263183594 30.53676788208384 11.474124254562
v 10.273548126220703 30.469680699608173 11.474124263575755
v 10.273548126220703 30.53676788208384 11.474124254562
v 10.099273681640625 30.46968070813066 11.537555058231055
v 10.099273681640625 30.536767890606328 11.5375550492173
v 9.957202911376953 30.46968072414774 11.65676627114755
v 9.957202911376953 30.536767906623407 11.656766262133795
v 9.864471435546875 30.469680745727658 11.81738030639934
v 9.864471435546875 30.536767928203325 11.817380297385585
v 9.832267761230469 30.469680770267225 12.000022313971133
v 9.832267761230469 30.536767952742892 12.000022304957378
v 9.864471435546875 30.46968079480679 12.182664321542928
v 9.864471435546875 30.53676797728246 12.182664312529173
v 9.957202911376953 30.469680816386706 12.343278356794718
v 9.957202911376953 30.536767998862373 12.343278347780963
v 10.099273681640625 30.46968083240379 12.462489569711213
v 10.099273681640625 30.536768014879456 12.462489560697458
v 10.273548126220703 30.469680840926276 12.525920364366513
v 10.273548126220703 30.536768023401944 12.525920355352758
v 10.459007263183594 30.469680840926276 12.525920364366513
v 10.459007263183594 30.536768023401944 12.525920355352758
v 10.633283615112305 30.46968083240379 12.462489569711213
v 10.633283615112305 30.536768014879456 12.462489560697458
v 10.775354385375977 30.469680816386706 12.343278356794718
v 10.775354385375977 30.536767998862373 12.343278347780963
v 10.868083953857422 30.46968079480692 12.182665275217373
v 10.868083953857422 30.536767977282587 12.182665266203617
v 10.83027458190918 30.606782915763304 12.000022295550249
v 10.802291870117188 30.606782894441068 11.84132609960643
v 10.778770446777344 30.606782895591333 11.849887235095075
v 10.805244445800781 30.606782915763304 12.000022295550249
v 10.721721649169922 30.606782875690747 11.701772057113436
v 10.702545166015625 30.60678287785238 11.71786054499284
v 10.598278045654297 30.60678286177354 11.598189660994077
v 10.585762023925781 30.606782864686036 11.619866681118491
v 10.44685173034668 30.60678285436851 11.543075861169617
v 10.4425048828125 30.606782857680408 11.567725484537664
v 10.285707473754883 30.60678285436851 11.543075861169617
v 10.29005241394043 30.606782857680408 11.567725484537664
v 10.134281158447266 30.60678286177354 11.598189660994077
v 10.146795272827148 30.606782864686036 11.619866681118491
v 10.01083755493164 30.606782875690747 11.701772057113436
v 10.030010223388672 30.60678287785238 11.71786054499284
v 9.930265426635742 30.606782894441068 11.84132609960643
v 9.953784942626953 30.606782895591333 11.849887235095075
v 9.90228271484375 30.606782915763304 12.000022295550249
v 9.927314758300781 30.606782915763304 12.000022295550249
v 9.930265426635742 30.606782937085413 12.158717537819623
v 9.953784942626953 30.606782935935275 12.150157356005424
v 10.01083755493164 30.60678295583586 12.298272533987063
v 10.030010223388672 30.60678295367423 12.282184046107659
v 10.134281158447266 30.60678296975307 12.401854930106422
v 10.146795272827148 30.60678296684057 12.380177909982008
v 10.285707473754883 30.606782977158097 12.456968729930882
v 10.29005241394043 30.6067829738462 12.432319106562835
v 10.446849822998047 30.606782977158097 12.456968729930882
v 10.4425048828125 30.6067829738462 12.432319106562835
v 10.598276138305664 30.60678296975307 12.401854930106422
v 10.585762023925781 30.60678296684057 12.380177909982008
v 10.721719741821289 30.60678295583599 12.298273487661508
v 10.702545166015625 30.60678295367423 12.282184046107659
v 10.802291870117188 30.60678293708554 12.158718491494069
v 10.778770446777344 30.606782935935275 12.150157356005424
v 10.805244445800781 30.606782915763304 12.000022295550249
v 10.778770446777344 30.606782895591333 11.849887235095075
v 10.778770446777344 30.664001454914896 11.849887227407256
v 10.805244445800781 30.664001475086867 12.00002228786243
v 10.702545166015625 30.60678287785238 11.71786054499284
v 10.702545166015625 30.66400143717594 11.717860537305022
v 10.585762023925781 30.606782864686036 11.619866681118491
v 10.585762023925781 30.664001424009598 11.619866673430673
v 10.4425048828125 30.606782857680408 11.567725484537664
v 10.4425048828125 30.66400141700397 11.567725476849846
v 10.29005241394043 30.606782857680408 11.567725484537664
v 10.29005241394043 30.66400141700397 11.567725476849846
v 10.146795272827148 30.606782864686036 11.619866681118491
v 10.146795272827148 30.664001424009598 11.619866673430673
v 10.030010223388672 30.60678287785238 11.71786054499284
v 10.030010223388672 30.66400143717594 11.717860537305022
v 9.953784942626953 30.606782895591333 11.849887235095075
v 9.953784942626953 30.664001454914896 11.849887227407256
v 9.927314758300781 30.606782915763304 12.000022295550249
v 9.927314758300781 30.664001475086867 12.00002228786243
v 9.953784942626953 30.606782935935275 12.150157356005424
v 9.953784942626953 30.664001495258837 12.150157348317606
v 10.030010223388672 30.60678295367423 12.282184046107659
v 10.030010223388672 30.664001512997793 12.28218403841984
v 10.146795272827148 30.60678296684057 12.380177909982008
v 10.146795272827148 30.66400152616413 12.38017790229419
v 10.29005241394043 30.6067829738462 12.432319106562835
v 10.29005241394043 30.664001533169763 12.432319098875016
v 10.4425048828125 30.6067829738462 12.432319106562835
v 10.4425048828125 30.664001533169763 12.432319098875016
v 10.585762023925781 30.60678296684057 12.380177909982008
v 10.585762023925781 30.66400152616413 12.38017790229419
v 10.702545166015625 30.60678295367423 12.282184046107659
v 10.702545166015625 30.664001512997793 12.28218403841984
v 10.778770446777344 30.606782935935275 12.150157356005424
v 10.778770446777344 30.664001495258837 12.150157348317606
v 10.869171142578125 30.59900283964474 12.00002229659557
v 10.838844299316406 30.599002816535155 11.828023295824853
v 10.751518249511719 30.59900279621275 11.676768621571787
v 10.617725372314453 30.599002781129006 11.564503973309328
v 10.453605651855469 30.599002773103166 11.504769620801067
v 10.278953552246094 30.599002773103166 11.504769620801067
v 10.11483383178711 30.599002781129006 11.564503973309328
v 9.981040954589844 30.59900279621275 11.676768621571787
v 9.893714904785156 30.599002816535027 11.828022342150408
v 9.863386154174805 30.59900283964474 12.00002229659557
v 9.893714904785156 30.599002862754325 12.17202129736629
v 9.981040954589844 30.59900288307673 12.323275971619356
v 10.11483383178711 30.599002898160474 12.435540619881815
v 10.278953552246094 30.599002906186314 12.495274972390076
v 10.453605651855469 30.599002906186314 12.495274972390076
v 10.617725372314453 30.599002898160474 12.435540619881815
v 10.751516342163086 30.59900288307673 12.323275971619356
v 10.838844299316406 30.599002862754453 12.172022251040735
v 10.892509460449219 30.575664518637936 12.000022299731281
v 10.860774993896484 30.575664494455864 11.820041043859757
v 10.769393920898438 30.57566447319039 11.66176732569487
v 10.62939453125 30.575664457406514 11.54429180026744
v 10.457656860351562 30.57566444900819 11.481785116148899
v 10.274898529052734 30.57566444900819 11.481785116148899
v 10.103164672851562 30.575664457406514 11.54429180026744
v 9.96316146850586 30.57566447319039 11.66176732569487
v 9.871782302856445 30.575664494455737 11.820040090185312
v 9.840045928955078 30.575664518637936 12.000022299731281
v 9.871782302856445 30.575664542820007 12.180003555602807
v 9.96316146850586 30.575664564085482 12.338277273767694
v 10.103164672851562 30.57566457986923 12.45575184552068
v 10.274898529052734 30.57566458826768 12.518259483313665
v 10.457656860351562 30.57566458826768 12.518259483313665
v 10.62939453125 30.575664579869358 12.455752799195125
v 10.769393920898438 30.575664564085482 12.338277273767694
v 10.860774993896484 30.575664542820135 12.180004509277252
v 10.756114959716797 30.709198014362546 12.000022281789875
v 10.73260498046875 30.709197996448303 11.866690965047509
v 10.689458847045898 30.705364227291113 11.882394168966421
v 10.710199356079102 30.70536424309549 12.000022282304977
v 10.664909362792969 30.709197980694668 11.749440506788991
v 10.629737854003906 30.705364213393125 11.778954824013743
v 10.561195373535156 30.709197969002002 11.662414852701305
v 10.538238525390625 30.705364203077522 11.702178309181539
v 10.43397331237793 30.70919796278043 11.616109190046625
v 10.42599868774414 30.705364197588747 11.661326710675187
v 10.298583984375 30.70919796278043 11.616109190046625
v 10.306556701660156 30.705364197588747 11.661326710675187
v 10.17136001586914 30.709197969002002 11.662414852701305
v 10.194318771362305 30.705364203077522 11.702178309181539
v 10.067646026611328 30.709197980694668 11.749440506788991
v 10.102819442749023 30.705364213393125 11.778954824013743
v 9.999954223632812 30.709197996448303 11.866690965047509
v 10.043098449707031 30.705364227291113 11.882394168966421
v 9.976444244384766 30.709198014362546 12.000022281789875
v 10.022357940673828 30.70536424309549 12.000022282304977
v 9.999954223632812 30.709198032276785 12.133353598532242
v 10.043098449707031 30.70536425889987 12.117650395643535
v 10.067646026611328 30.709198048030423 12.25060405679076
v 10.102819442749023 30.70536427279786 12.221089740596213
v 10.17136001586914 30.709198059723086 12.337629710878444
v 10.194318771362305 30.70536428311346 12.297866255428417
v 10.298583984375 30.709198065944662 12.383935373533125
v 10.306556701660156 30.705364288602237 12.338717853934769
v 10.433971405029297 30.709198065944662 12.383935373533125
v 10.42599868774414 30.705364288602237 12.338717853934769
v 10.561195373535156 30.709198059723086 12.337629710878444
v 10.538238525390625 30.70536428311346 12.297866255428417
v 10.664909362792969 30.709198048030423 12.25060405679076
v 10.629737854003906 30.705364272797986 12.221090694270657
v 10.73260498046875 30.709198032276785 12.133353598532242
v 10.689458847045898 30.70536425889987 12.117650395643535
v 10.783409118652344 30.706001297624443 12.000022282219382
v 10.75825309753418 30.706001278455894 11.857355446339406
v 10.685819625854492 30.706001261599404 11.731896712136725
v 10.574844360351562 30.706001249087958 11.638777078348424
v 10.438713073730469 30.706001242430723 11.589228922582304
v 10.293844223022461 30.706001242430723 11.589228922582304
v 10.157712936401367 30.706001249087958 11.638777078348424
v 10.046737670898438 30.706001261599404 11.731896712136725
v 9.97430419921875 30.706001278455894 11.857355446339406
v 9.949148178100586 30.706001297624443 12.000022282219382
v 9.97430419921875 30.706001316792992 12.142689118099359
v 10.046737670898438 30.706001333649482 12.26814785230204
v 10.157712936401367 30.706001346160928 12.361267486090341
v 10.293844223022461 30.706001352818163 12.41081564185646
v 10.438713073730469 30.706001352818163 12.41081564185646
v 10.574844360351562 30.706001346160928 12.361267486090341
v 10.685819625854492 30.70600133364961 12.268148805976484
v 10.75825309753418 30.70600131679312 12.142690071773803
v 10.799785614013672 30.69093514874959 12.000022284243652
v 10.773643493652344 30.690935128828503 11.851754518350889
v 10.6983642578125 30.690935111310072 11.72136910196771
v 10.583032608032227 30.690935098307484 11.624594034033484
v 10.44155502319336 30.690935091388987 11.573101336074945
v 10.291000366210938 30.690935091388987 11.573101336074945
v 10.149524688720703 30.690935098307484 11.624594034033484
v 10.03419303894043 30.690935111310072 11.72136910196771
v 9.958915710449219 30.690935128828503 11.851754518350889
v 9.93277359008789 30.69093514874959 12.000022284243652
v 9.958915710449219 30.690935168670674 12.148290050136417
v 10.03419303894043 30.690935186189105 12.278675466519596
v 10.149524688720703 30.690935199191692 12.375450534453822
v 10.291000366210938 30.69093520611019 12.426943232412361
v 10.44155502319336 30.69093520611019 12.426943232412361
v 10.583030700683594 30.690935199191692 12.375450534453822
v 10.6983642578125 30.690935186189105 12.278675466519596
v 10.773643493652344 30.6909351686708 12.148291003810861
v 7.744739055633545 0.0000016140960625834147 12.013322536947625
v 7.744738578796387 0.0000011996742000006433 8.92888189120252
v 12.598424911499023 0.0000011996742000006433 8.92888189120252
v 13.188976287841797 0.0000013389398425676945 9.965402034740624
v -13.188976287841797 -0.0000014262660006700013 -10.615349288509652
v 13.188976287841797 69.60324889234275 -10.61535864032152
v -13.188976287841797 -0.0000017713238683404834 -13.183530671470352
v -12.598423957824707 -0.0000017713238683404834 -13.183530671470352
v -12.739742279052734 68.1495129912302 -13.251789539583566
v 13.188976287841797 -0.0000017713238683404834 -13.183530671470352
v 12.598424911499023 66.85050159539774 -13.183539653426338
v 7.744738578796387 66.85050159539762 -13.183540607100783
v 13.04765796661377 68.1495129912302 -13.251789539583566
v -13.188976287841797 26.773866572075733 -13.183534268776205
v -13.188976287841797 68.11024450147174 -13.183539822683931
v -13.188976287841797 66.49833632591326 -13.183539606109822
v -13.188976287841797 57.35963652016731 -13.18353837824473
v 12.598424911499023 68.11024450147174 -13.183539822683931
v 12.598424911499023 66.85050159539774 -13.183539653426338
v -12.598423957824707 69.06851201285876 -11.912903222181628
v -12.598423957824707 69.60324889234275 -10.61535864032152
v -12.598424911499023 68.56120318898432 -10.392735599003187
v -12.598424911499023 67.96085349260349 -11.802758443385668
v -13.188976287841797 37.15542958446547 -10.666111695632004
v -13.188976287841797 40.40798586974098 -10.657941050000865
v -13.188976287841797 44.41537547812529 -10.647874600992504
v -13.188976287841797 48.197919169993256 -10.638372697045275
v -13.188976287841797 51.4476754670987 -10.630208726759042
v -12.598423957824707 68.11024450147174 -13.183539822683931
v 13.188976287841797 68.11024450147174 -13.183539822683931
v 7.744738578796387 68.72431445902443 7.636903661416889
v 12.598424911499023 68.72431445902443 7.636903661416889
v -13.188976287841797 26.77386925873898 6.812643707041094
v -13.188976287841797 70.3536480632862 6.812637851712632
v -13.188976287841797 66.49834664197206 6.812638369706453
v -13.188976287841797 57.35964302152833 6.812639597572057
v -13.188976287841797 31.273416100608564 8.199156521962378
v -13.188976287841797 30.89300874686742 8.42797645092438
v -13.188976287841797 37.155431879790434 6.417431039298666
v -13.188976287841797 34.32745145088998 6.362114009944461
v -13.188976287841797 0.0000017727876779043558 13.194425448324786
v 13.188976287841797 26.77387011618728 13.194421851018934
v 13.188976287841797 68.11024746626296 8.882676749895383
v 13.188976287841797 66.49833929070448 8.882676966469493
v 13.188976287841797 57.359639484958535 8.882678194334584
v -12.598424911499023 69.46032997086287 8.330003154399547
v -12.598423957824707 68.11024746626296 8.882676749895383
v -12.598423957824707 67.80768842088165 8.09520300615392
v -12.598424911499023 68.72431445902443 7.636903661416889
v -13.188976287841797 40.40798817251639 6.481053562344857
v -13.188976287841797 44.415377790080264 6.559441248560123
v -13.188976287841797 48.19792149061262 6.63343014160998
v -13.188976287841797 51.44767779516198 6.696997351914591
v -13.188976287841797 54.163101751124145 6.75011283893653
v -7.344390392303467 7.950409872706107e-7 5.917295774136446
v -7.344390392303467 0.000001199674328135234 8.928882844876965
v 7.744739055633545 67.80768842088165 8.09520300615392
v 7.744739055633545 0.0000016140960625834147 12.013322536947625
v 7.744738578796387 3.4786092592121203 12.013322069565941
v -12.598423957824707 -0.0000017713238683404834 -13.183530671470352
v -7.34438943862915 -0.0000017713238683404834 -13.183530671470352
v -12.598423957824707 26.773870010392955 12.407020545883789
v -12.598423957824707 3.4786093121095387 12.407024629482402
v -7.34438943862915 3.478609312109411 12.407023675807958
v -7.34438943862915 26.773870010392955 12.407020545883789
v 7.744739055633545 26.773866572075733 -13.183534268776205
v 7.744739055633545 3.478605873792189 -13.183531138852036
v -12.598423957824707 67.80768842088165 8.09520300615392
v -12.598423957824707 66.49833918491017 8.095275661334346
v -7.34438943862915 66.49833918491017 8.095275661334346
v -7.34438943862915 67.80768842088165 8.09520300615392
v -12.598423957824707 66.49833918491017 8.095275661334346
v -12.598424911499023 57.35945627367085 8.09527688922404
v -7.344390392303467 57.35945627367085 8.09527688922404
v -7.34438943862915 66.49833918491017 8.095275661334346
v 7.744738578796387 66.85050159539762 -13.183540607100783
v 7.744739055633545 57.35963652016731 -13.18353837824473
v -7.34438943862915 57.35963652016731 -13.18353837824473
v -7.344390392303467 66.85050159539774 -13.183539653426338
v -12.598424911499023 31.716275388182442 5.061391586985879
v -12.598424911499023 30.89300650448848 5.934429629993702
v -7.344390392303467 30.89300650448848 5.934429629993702
v -7.344390392303467 31.716275388182506 5.061392063823101
v 7.744739055633545 31.273413227654984 -13.183534873330068
v 7.744739055633545 30.89300393582098 -13.183534822218716
v 7.744738578796387 30.48347123033443 14.438262690986985
v -12.598423957824707 26.773870010392955 12.407020545883789
v -7.34438943862915 26.773870010392955 12.407020545883789
v -12.598423957824707 3.4786093121095387 12.407024629482402
v -12.598423957824707 3.4786092592121203 12.013322069565941
v -7.34438943862915 3.4786092592121203 12.013322069565941
v -7.34438943862915 3.478609312109411 12.407023675807958
v -7.34438943862915 -0.0000017713238683404834 -13.183530671470352
v -7.34438943862915 -0.0000016082468466536869 -11.96978825222878
v 7.744738578796387 46.93760399990212 -11.080103086328785
v 7.744738578796387 57.359458776575124 -1.6680815850455617
v -7.344390392303467 57.35945496187735 -1.668081585045049
v -7.344390392303467 46.93760399990212 -11.080103086328785
v -12.598424911499023 30.483470087769305 5.934429685018539
v -7.344390392303467 30.483470087769305 5.934429685018539
v -12.598424911499023 30.89300650448848 5.934429629993702
v -12.598424911499023 30.483470087769305 5.934429685018539
v -7.344390392303467 30.483470087769305 5.934429685018539
v -7.344390392303467 30.89300650448848 5.934429629993702
v -12.598424911499023 34.6894122658892 1.9085209433078332
v -12.598424911499023 32.9750339228802 3.726537112534484
v -7.344390392303467 32.9750339228802 3.726537112534484
v -7.344390392303467 34.6894122658892 1.9085209433078332
v 7.744738578796387 37.155429246227314 -13.183535663630908
v 7.744738578796387 34.327448824759244 -13.183535283666743
v -7.34438943862915 3.9283003084270006e-7 2.923737918769972
v -12.598424911499023 69.97197917700514 1.2738861526864647
v -12.598423957824707 69.96299206759748 3.6448332373976853
v -7.34438943862915 69.96299206759748 3.6448332373976853
v -7.344390392303467 69.97197917700514 1.2738861526864647
v -7.34438943862915 -2.9915525224350924e-7 -2.2265394341345
v -7.34438943862915 8.426697678358632e-8 0.6271785148242277
v -12.598424911499023 69.74784961826019 -4.721154681776244
v -12.598424911499023 69.96763765843947 -1.647351588734569
v -7.344390392303467 69.96763765843947 -1.647351588734569
v -7.344390392303467 69.74784961826019 -4.721154681776244
v -7.34438943862915 -0.0000010931174743952262 -8.135806223122357
v -7.34438943862915 -7.02755379836224e-7 -5.230436550991463
v -12.598424911499023 68.56120318898432 -10.392735599003187
v -12.598424911499023 69.32495944640682 -7.739651543885706
v -7.344390392303467 69.32495944640695 -7.739650590211261
v -7.344390392303467 68.56120318898432 -10.392735599003187
v -7.34438943862915 -0.0000014417163414790147 -10.730342399357943
v -12.598424911499023 67.96085349260349 -11.802758443385668
v -7.344390392303467 67.96085349260349 -11.802758443385668
v -12.598424911499023 69.3527629086787 6.735500505580934
v -7.344390392303467 69.3527629086787 6.735500505580934
v -12.598424911499023 36.661175860713875 -0.18244022438895027
v -12.598424911499023 34.6894122658892 1.9085209433078332
v -7.344390392303467 34.6894122658892 1.9085209433078332
v -7.344390392303467 36.661175860713875 -0.18244022438895027
v 7.744739055633545 40.407985530404964 -13.183536100640593
v -12.598424911499023 39.09053146231951 -2.75865878671785
v -12.598424911499023 36.661175860713875 -0.18244022438895027
v -7.344390392303467 36.661175860713875 -0.18244022438895027
v -7.344390392303467 39.09053146231951 -2.75865878671785
v 7.744739055633545 44.41537132273891 -13.183536639068294
v -12.598424911499023 41.38358411703467 -5.190331040941687
v -12.598424911499023 39.09053146231951 -2.75865878671785
v -7.344390392303467 39.09053146231951 -2.75865878671785
v -7.344390392303467 41.38358411703467 -5.190331040941687
v 7.744739055633545 48.19791119863236 -13.183537147285957
v -12.598424911499023 43.35365017158967 -7.2794939360359034
v -12.598424911499023 41.38358411703467 -5.190331040941687
v -7.344390392303467 41.38358411703467 -5.190331040941687
v -7.344390392303467 43.35365017158967 -7.2794939360359034
v 7.744738578796387 51.44766749464084 -13.183537583919438
v -12.598424911499023 44.99979121046486 -9.025151835754315
v -12.598424911499023 43.35365017158967 -7.2794939360359034
v -7.344390392303467 43.35365017158967 -7.2794939360359034
v -7.344390392303467 44.99979121046486 -9.025151835754315
v 7.744738578796387 54.16309907286198 -13.183537948761671
v -12.598424911499023 46.937600185204346 -11.080103086328272
v -12.598424911499023 44.99979121046486 -9.025151835754315
v -7.344390392303467 44.99979121046486 -9.025151835754315
v -7.344390392303467 46.93760399990212 -11.080103086328785
v 7.744739055633545 57.35963652016731 -13.18353837824473
v -12.598424911499023 32.9750339228802 3.726537112534484
v -12.598424911499023 31.716275388182442 5.061391586985879
v -7.344390392303467 31.716275388182506 5.061392063823101
v -7.344390392303467 32.9750339228802 3.726537112534484
v 7.744738578796387 57.359458776575124 -1.6680815850455617
v 7.744738578796387 57.35946008836863 8.095276889223527
v -7.344390392303467 57.35945627367085 8.09527688922404
v -7.344390392303467 57.35945496187735 -1.668081585045049
v -7.34438943862915 0.0000016140960625834147 12.013322536947625
v -12.598424911499023 66.85050159539774 -13.183539653426338
v -7.344390392303467 66.85050159539774 -13.183539653426338
v -7.34438943862915 -0.0000017713238683404834 -13.183530671470352
v -7.34438943862915 3.478605873792189 -13.183531138852036
v 7.744739055633545 3.478605873792189 -13.183531138852036
v 7.744738578796387 -0.000001771323996475074 -13.183531625144797
v -7.34438943862915 26.773870010392955 12.407020545883789
v -7.34438943862915 3.478609312109411 12.407023675807958
v 7.744738578796387 66.49833918491017 8.095275661334346
v 7.744739055633545 67.80768842088165 8.09520300615392
v -7.344390392303467 31.716275388182506 5.061392063823101
v -7.344390392303467 30.89300650448848 5.934429629993702
v 7.744738578796387 30.893006504488543 5.934430106830924
v 7.744738578796387 31.716275388182442 5.061391586985879
v -7.344390392303467 30.89300650448848 5.934429629993702
v -7.344390392303467 30.483470087769305 5.934429685018539
v 7.744738578796387 30.483471995118258 5.934430161855506
v 7.744738578796387 30.893006504488543 5.934430106830924
v -7.344390392303467 46.93760399990212 -11.080103086328785
v -7.344390392303467 44.99979121046486 -9.025151835754315
v 7.744738578796387 44.99979502516251 -9.02515278942927
v 7.744738578796387 46.93760399990212 -11.080103086328785
v 12.598424911499023 67.80768842088165 8.09520300615392
v 12.598424911499023 0.0000016140960625834147 12.013322536947625
v 12.598424911499023 3.4786092592121203 12.013322069565941
v 12.598424911499023 26.773866572075733 -13.183534268776205
v 12.598424911499023 3.478605873792189 -13.183531138852036
v 12.598424911499023 66.85050159539774 -13.183539653426338
v 12.598424911499023 57.35963652016731 -13.18353837824473
v 7.744739055633545 57.35963652016731 -13.18353837824473
v 7.744738578796387 66.85050159539762 -13.183540607100783
v 12.598424911499023 31.273413227654984 -13.183534873330068
v 12.598424911499023 30.89300393582098 -13.183534822218716
v 12.598424911499023 30.48347123033443 14.438262690986985
v 12.598424911499023 46.937600185204346 -11.080103086328272
v 12.598424911499023 57.35945496187735 -1.668081585045049
v 7.744738578796387 57.359458776575124 -1.6680815850455617
v 7.744738578796387 46.93760399990212 -11.080103086328785
v 12.598424911499023 37.155429246227314 -13.183535663630908
v 12.598424911499023 34.327448824759244 -13.183535283666743
v 12.598424911499023 40.407985530404964 -13.183536100640593
v 12.598424911499023 44.41537132273891 -13.183536639068294
v 12.598424911499023 48.19791119863236 -13.183537147285957
v 12.598424911499023 51.44766749464084 -13.183537583919438
v 12.598424911499023 54.16309907286198 -13.183537948761671
v 12.598424911499023 57.35963652016731 -13.18353837824473
v 12.598424911499023 57.35945496187735 -1.668081585045049
v 12.598424911499023 57.35945627367085 8.09527688922404
v 7.744738578796387 57.35946008836863 8.095276889223527
v 7.744738578796387 57.359458776575124 -1.6680815850455617
v -7.344390392303467 32.688599674520326 3.4564327064643723
v 7.744738578796387 32.68859967452036 3.456432944882984
v 7.744738578796387 34.40297801752934 1.6384166564470273
v -7.344390392303467 34.402978017529314 1.6384164180284162
v 7.744738578796387 44.71336077680264 -9.295257195499383
v -7.344390392303467 44.71335696210499 -9.295256241824427
v -7.344390392303467 43.0672159232298 -7.549598342106015
v 7.744738578796387 43.0672159232298 -7.549598342106015
v 7.744738578796387 43.0672159232298 -7.549598342106015
v -7.344390392303467 43.0672159232298 -7.549598342106015
v -7.344390392303467 41.0971498686748 -5.460435447011799
v 7.744738578796387 41.0971498686748 -5.460435447011799
v 7.744738578796387 41.0971498686748 -5.460435447011799
v -7.344390392303467 41.0971498686748 -5.460435447011799
v -7.344390392303467 38.80409721395964 -3.0287631927879617
v 7.744738578796387 38.80410102865742 -3.028763192788474
v 7.744738578796387 38.80410102865742 -3.028763192788474
v -7.344390392303467 38.80409721395964 -3.0287631927879617
v -7.344390392303467 36.374741612353986 -0.452544719866041
v 7.744738578796387 36.37474161235397 -0.4525448092730202
v 7.744738578796387 36.37474161235397 -0.4525448092730202
v -7.344390392303467 36.374741612353986 -0.452544719866041
v -7.344390392303467 34.402978017529314 1.6384164180284162
v 7.744738578796387 34.40297801752934 1.6384166564470273
v -7.344390392303467 32.688599674520326 3.4564327064643723
v -7.344390392303467 31.42984304717152 4.791287657752733
v 7.744738578796387 31.429843047171456 4.791287180915511
v 7.744738578796387 32.68859967452036 3.456432944882984
v -7.344390392303467 34.6894122658892 1.9085209433078332
v -7.344390392303467 32.9750339228802 3.726537112534484
v -7.344390392303467 32.688599674520326 3.4564327064643723
v -7.344390392303467 34.402978017529314 1.6384164180284162
v -7.344390392303467 31.716275388182506 5.061392063823101
v -7.344390392303467 31.42984304717152 4.791287657752733
v -7.344390392303467 31.716275388182506 5.061392063823101
v 7.744738578796387 31.716275388182442 5.061391586985879
v 7.744738578796387 31.429843047171456 4.791287180915511
v -7.344390392303467 31.42984304717152 4.791287657752733
v 7.744738578796387 31.716275388182442 5.061391586985879
v 7.744738578796387 32.975033922880264 3.726537589371706
v 7.744738578796387 32.68859967452036 3.456432944882984
v 7.744738578796387 31.429843047171456 4.791287180915511
v 7.744738578796387 34.68941226588923 1.9085211817264445
v 7.744738578796387 34.40297801752934 1.6384166564470273
v 7.744738578796387 36.661175860713875 -0.18244022438895027
v 7.744738578796387 36.37474161235397 -0.4525448092730202
v 7.744738578796387 39.09053527701729 -2.7586587867183625
v 7.744738578796387 38.80410102865742 -3.028763192788474
v 7.744738578796387 41.38358411703467 -5.190331040941687
v 7.744738578796387 41.0971498686748 -5.460435447011799
v 7.744738578796387 43.35365017158967 -7.2794939360359034
v 7.744738578796387 43.0672159232298 -7.549598342106015
v 7.744738578796387 44.99979502516251 -9.02515278942927
v 7.744738578796387 44.71336077680264 -9.295257195499383
v 7.744738578796387 44.99979502516251 -9.02515278942927
v -7.344390392303467 44.99979121046486 -9.025151835754315
v -7.344390392303467 44.71335696210499 -9.295256241824427
v 7.744738578796387 44.71336077680264 -9.295257195499383
v -7.344390392303467 44.99979121046486 -9.025151835754315
v -7.344390392303467 43.35365017158967 -7.2794939360359034
v -7.344390392303467 43.0672159232298 -7.549598342106015
v -7.344390392303467 44.71335696210499 -9.295256241824427
v -7.344390392303467 41.38358411703467 -5.190331040941687
v -7.344390392303467 41.0971498686748 -5.460435447011799
v -7.344390392303467 39.09053146231951 -2.75865878671785
v -7.344390392303467 38.80409721395964 -3.0287631927879617
v -7.344390392303467 36.661175860713875 -0.18244022438895027
v -7.344390392303467 36.374741612353986 -0.452544719866041
v 0.22927667200565338 30.465930727719968 10.551428980195205
v -0.024597227573394775 30.465930733734606 10.596194458621952
v -0.024596840143203735 30.60516338793992 10.596195393589259
v 0.2292768508195877 30.605163381925156 10.551428961488067
v 0.4831508696079254 30.465930733734606 10.596194458621952
v 0.4831511974334717 30.60516338793992 10.596195393589259
v 0.7063961029052734 30.46593075105315 10.725092142871647
v 0.7063962817192078 30.605163405258338 10.72509212416451
v 0.8721059560775757 30.465930777584955 10.922561880707162
v 0.8721060156822205 30.605163431790142 10.922561862000025
v 0.9602705836296082 30.465930810133575 11.164813309434983
v 0.9602708220481873 30.60516346433889 11.16481424440229
v 0.9602705836296082 30.46593084476861 11.422593419143261
v 0.9602707624435425 30.605163498973926 11.422594354110569
v 0.8721058368682861 30.46593087731608 11.66483626480108
v 0.8721059560775757 30.605163531521395 11.664837199768387
v 0.7063962817192078 30.465930903849163 11.862315539381042
v 0.7063963413238525 30.605163558054482 11.862316474348349
v 0.48315170407295227 30.46593092116604 11.991200825862958
v 0.4831518828868866 30.605163575371357 11.991201760830265
v 0.22927750647068024 30.46593092718004 12.035961535917481
v 0.22927738726139069 30.605163581385227 12.035961517210344
v -0.024596691131591797 30.46593092116617 11.991201779537402
v -0.024596333503723145 30.605163575371485 11.991202714504709
v -0.2478431761264801 30.465930903849035 11.862314585706596
v -0.2478429079055786 30.60516355805435 11.862315520673905
v -0.41355234384536743 30.465930877315564 11.664832450103303
v -0.41355234384536743 30.605163531520752 11.664832431396166
v -0.5016926527023315 30.46593084476874 11.422594372817706
v -0.5016924142837524 30.605163498973926 11.422594354110569
v -0.5016928911209106 30.465930810132036 11.164801865341648
v -0.5016928315162659 30.605163464337224 11.16480184663451
v -0.4135519862174988 30.465930777585083 10.922562834381608
v -0.41355204582214355 30.60516343179027 10.922562815674471
v -0.2478429079055786 30.46593075105315 10.725092142871647
v -0.2478427290916443 30.605163405258338 10.72509212416451
v -0.024596840143203735 30.60516338793992 10.596195393589259
v 0.12973523139953613 30.605161537560186 11.020202866330152
v 0.22927692532539368 30.60516153520187 11.002650488178377
v 0.2292768508195877 30.605163381925156 10.551428961488067
v 0.2292768508195877 30.605163381925156 10.551428961488067
v 0.22927692532539368 30.60516153520187 11.002650488178377
v 0.3288189470767975 30.605161537560186 11.020202866330152
v 0.4831511974334717 30.60516338793992 10.596195393589259
v 0.4831511974334717 30.60516338793992 10.596195393589259
v 0.3288189470767975 30.605161537560186 11.020202866330152
v 0.4163597822189331 30.60516345170059 11.070750472913893
v 0.7063962817192078 30.605163405258338 10.72509212416451
v 0.7063962817192078 30.605163405258338 10.72509212416451
v 0.4163597822189331 30.60516345170059 11.070750472913893
v 0.48133817315101624 30.6051634621032 11.148174532693941
v 0.8721060156822205 30.605163431790142 10.922561862000025
v 0.5159035325050354 30.60516347486553 11.243161461044654
v 0.9602708220481873 30.60516346433889 11.16481424440229
v 0.9602708220481873 30.60516346433889 11.16481424440229
v 0.5159035325050354 30.60516347486553 11.243161461044654
v 0.5159039497375488 30.60516539579579 11.344244276444613
v 0.9602707624435425 30.605163498973926 11.422594354110569
v 0.9602707624435425 30.605163498973926 11.422594354110569
v 0.5159039497375488 30.60516539579579 11.344244276444613
v 0.48133671283721924 30.605165408557482 11.439226436423104
v 0.8721059560775757 30.605163531521395 11.664837199768387
v 0.8721059560775757 30.605163531521395 11.664837199768387
v 0.48133671283721924 30.605165408557482 11.439226436423104
v 0.41636228561401367 30.60516541896086 11.51665621824982
v 0.7063963413238525 30.605163558054482 11.862316474348349
v 0.7063963413238525 30.605163558054482 11.862316474348349
v 0.41636228561401367 30.60516541896086 11.51665621824982
v 0.3288324773311615 30.605165425750453 11.567189519717148
v 0.4831518828868866 30.605163575371357 11.991201760830265
v 0.4831518828868866 30.605163575371357 11.991201760830265
v 0.3288324773311615 30.605165425750453 11.567189519717148
v 0.2292766273021698 30.605165428108513 11.584739990520033
v 0.22927738726139069 30.605163581385227 12.035961517210344
v 0.22927738726139069 30.605163581385227 12.035961517210344
v 0.2292766273021698 30.605165428108513 11.584739990520033
v 0.12972287833690643 30.60516542575058 11.567190473391593
v -0.024596333503723145 30.605163575371485 11.991202714504709
v -0.024596333503723145 30.605163575371485 11.991202714504709
v 0.12972287833690643 30.60516542575058 11.567190473391593
v 0.04219311475753784 30.605165418960986 11.516657171924264
v -0.2478429079055786 30.60516355805435 11.862315520673905
v -0.2478429079055786 30.60516355805435 11.862315520673905
v 0.04219311475753784 30.605165418960986 11.516657171924264
v -0.022772669792175293 30.605163501210388 11.439239787865585
v -0.41355234384536743 30.605163531520752 11.664832431396166
v -0.41355234384536743 30.605163531520752 11.664832431396166
v -0.022772669792175293 30.605163501210388 11.439239787865585
v -0.057322412729263306 30.605163488449335 11.344262396259317
v -0.5016924142837524 30.605163498973926 11.422594354110569
v -0.05732277035713196 30.605163474861815 11.243133804485762
v -0.5016928315162659 30.605163464337224 11.16480184663451
v -0.02277582883834839 30.605163462101405 11.148161181251718
v -0.41355204582214355 30.60516343179027 10.922562815674471
v -0.41355204582214355 30.60516343179027 10.922562815674471
v -0.02277582883834839 30.605163462101405 11.148161181251718
v 0.04219430685043335 30.605161544351574 11.070749519239705
v -0.2478427290916443 30.605163405258338 10.72509212416451
v -0.2478427290916443 30.605163405258338 10.72509212416451
v 0.04219430685043335 30.605161544351574 11.070749519239705
v 0.12973523139953613 30.605161537560186 11.020202866330152
v -0.024596840143203735 30.60516338793992 10.596195393589259
v -12.598424911499023 30.48347123033443 14.438262690986985
v -12.598424911499023 30.483470612074523 9.836705294772976
v -12.598424911499023 30.893007028793697 9.83670523974814
v -12.598423957824707 30.893007839439747 15.870145686624658
v -12.598424911499023 30.55185165148382 14.856001652416149
v -12.598423957824707 26.773870010392955 12.407020545883789
v -12.598424911499023 30.30000526193516 14.541662006263268
v -12.598424911499023 30.55185165148382 14.856001652416149
v -12.598423957824707 30.893007839439747 15.870145686624658
v -12.598423957824707 26.77387011618728 13.194421851018934
vt 0.5933759808540344 0.26959753036499023
vt 0.5925696492195129 0.28701359033584595
vt 0.5976653695106506 0.2695973515510559
vt 0.8400145769119263 0.589409351348877
vt 0.8357259035110474 0.5894095003604889
vt 0.8400164842605591 0.6083583235740662
vt 0.5679669976234436 0.5660905838012695
vt 0.5636776089668274 0.5660907328128815
vt 0.5636757016181946 0.5850439965724945
vt 0.02881413698196411 0.6265241503715515
vt 0.02881477028131485 0.6198887526988983
vt 0.025496087968349457 0.6198883950710297
vt 0.8110400438308716 0.3103446960449219
vt 0.8102360963821411 0.2929321527481079
vt 0.8059464693069458 0.29293227195739746
vt 0.5605939030647278 0.41607844829559326
vt 0.5619319081306458 0.4178800582885742
vt 0.5628922581672668 0.4164542555809021
vt 0.8430253267288208 0.4394148588180542
vt 0.8407274484634399 0.4397902488708496
vt 0.8416920900344849 0.44122064113616943
vt 0.5038940906524658 0.7554300427436829
vt 0.4854028522968292 0.7517509162425995
vt 0.46691015362739563 0.7554255127906799
vt 0.46691158413887024 0.8446723222732544
vt 0.4854028522968292 0.8483536243438721
vt 0.5038959980010986 0.8446804881095886
vt 0.697201669216156 0.5136978030204773
vt 0.69720059633255 0.5099724233150482
vt 0.695317804813385 0.5101757645606995
vt 0.6935749650001526 0.5107352137565613
vt 0.6920419335365295 0.5116022825241089
vt 0.6907792687416077 0.5127825140953064
vt 0.689890444278717 0.5143918693065643
vt 0.6910420656204224 0.5160816609859467
vt 0.6928131580352783 0.5172355771064758
vt 0.6949129700660706 0.5179538428783417
vt 0.6972021460533142 0.5181998908519745
vt 0.699491560459137 0.5179523825645447
vt 0.7015916705131531 0.5172324180603027
vt 0.703362762928009 0.516076385974884
vt 0.7045129537582397 0.5143813192844391
vt 0.7036212086677551 0.5127703547477722
vt 0.7023570537567139 0.5115931630134583
vt 0.7008241415023804 0.5107297301292419
vt 0.6990825533866882 0.5101733803749084
vt 0.6890386939048767 0.7415981590747833
vt 0.6887726187705994 0.7400839030742645
vt 0.6845957636833191 0.7415982484817505
vt 0.6880050301551819 0.7387491166591644
vt 0.6868242025375366 0.7377545833587646
vt 0.6853705644607544 0.737223893404007
vt 0.6838209629058838 0.7372239530086517
vt 0.6823673248291016 0.7377547025680542
vt 0.6811866164207458 0.7387491464614868
vt 0.6804189085960388 0.7400840818881989
vt 0.6801530122756958 0.7415983080863953
vt 0.6804190874099731 0.7431126534938812
vt 0.681186854839325 0.7444476783275604
vt 0.6823676824569702 0.7454424798488617
vt 0.6838211417198181 0.7459735572338104
vt 0.6853708028793335 0.7459735572338104
vt 0.6868242025375366 0.7454423606395721
vt 0.6880050301551819 0.7444475889205933
vt 0.6887727379798889 0.7431125342845917
vt 0.6866096258163452 0.6825771033763885
vt 0.6863435506820679 0.6810626983642578
vt 0.6821666955947876 0.6825771033763885
vt 0.6855759620666504 0.6797277331352234
vt 0.6843950152397156 0.6787331402301788
vt 0.6829414963722229 0.678202360868454
vt 0.6813918352127075 0.6782024204730988
vt 0.6799382567405701 0.6787331998348236
vt 0.6787575483322144 0.6797277927398682
vt 0.6779899001121521 0.6810627579689026
vt 0.6777239441871643 0.6825771033763885
vt 0.6779900193214417 0.6840916872024536
vt 0.6787577867507935 0.6854268610477448
vt 0.6799384951591492 0.6864217817783356
vt 0.6813920736312866 0.6869530379772186
vt 0.6829416155815125 0.6869530379772186
vt 0.6843951344490051 0.6864217817783356
vt 0.6855759620666504 0.6854268610477448
vt 0.6863435506820679 0.6840915679931641
vt 0.17038628458976746 0.6198887526988983
vt 0.17038491368293762 0.6265241503715515
vt 0.1737036108970642 0.6198883950710297
vt 0.025494396686553955 0.638029158115387
vt 0.02881254255771637 0.6438527703285217
vt 0.18051239848136902 0.8606527596712112
vt 0.17292581498622894 0.8682840466499329
vt 0.17418891191482544 0.8701227456331253
vt 0.18199215829372406 0.8623441010713577
vt 0.013109450228512287 0.9147982448339462
vt 0.04880142584443092 0.9147982448339462
vt 0.04880142584443092 0.9115052074193954
vt 0.013109450228512287 0.9115052074193954
vt 0.2400890290737152 0.4089471101760864
vt 0.24008798599243164 0.3895438313484192
vt 0.22207671403884888 0.38954436779022217
vt 0.22207799553871155 0.40894758701324463
vt 0.038327693939208984 0.9867638200521469
vt 0.07137489318847656 0.9867638200521469
vt 0.07137489318847656 0.9837144464254379
vt 0.038327693939208984 0.9837144464254379
vt 0.01916518434882164 0.40274369716644287
vt 0.019166871905326843 0.3833162784576416
vt 0.012070629745721817 0.3833158612251282
vt 0.012068945914506912 0.40274322032928467
vt 0.29221826791763306 0.6337844729423523
vt 0.2922179102897644 0.6247028410434723
vt 0.24564476311206818 0.6247029602527618
vt 0.24564512073993683 0.633784681558609
vt 0.601199209690094 0.02591562271118164
vt 0.6011959910392761 0.0056149959564208984
vt 0.570532500743866 0.00561976432800293
vt 0.5705356001853943 0.025920391082763672
vt 0.006838083267211914 0.9595202952623367
vt 0.04709649085998535 0.9595546275377274
vt 0.04709649085998535 0.9558372050523758
vt 0.006838083267211914 0.9558720141649246
vt 0.42047619819641113 0.40973174571990967
vt 0.42047619819641113 0.3893148899078369
vt 0.39198827743530273 0.3893148899078369
vt 0.39198827743530273 0.40973174571990967
vt 0.1736476719379425 0.7680560648441315
vt 0.17364844679832458 0.7609178125858307
vt 0.1703307330608368 0.7612372934818268
vt 0.170329749584198 0.7680560648441315
vt 0.16474266350269318 0.8212135434150696
vt 0.1550246924161911 0.8204907029867172
vt 0.15488280355930328 0.8225165456533432
vt 0.16459450125694275 0.8232431411743164
vt 0.010725380852818489 0.935896135866642
vt 0.04641759768128395 0.935896135866642
vt 0.04641759768128395 0.9326030984520912
vt 0.010725380852818489 0.9326030984520912
vt 0.2977030873298645 0.9147982448339462
vt 0.2977030873298645 0.9115052074193954
vt 0.3692086338996887 0.25957977771759033
vt 0.362121045589447 0.2595803141593933
vt 0.36212462186813354 0.3895202875137329
vt 0.36921221017837524 0.3895198106765747
vt 0.30205416679382324 0.9867637902498245
vt 0.30205416679382324 0.9837144166231155
vt 0.15938805043697357 0.25324195623397827
vt 0.14135444164276123 0.25324147939682007
vt 0.14135107398033142 0.38333946466445923
vt 0.15938426554203033 0.383340060710907
vt 0.9931783080101013 0.736750066280365
vt 0.955689549446106 0.7367521524429321
vt 0.9557000994682312 0.9166663289070129
vt 0.9931890964508057 0.9166645407676697
vt 0.3283548355102539 0.9595546275377274
vt 0.3283548355102539 0.9558372050523758
vt 0.5398759841918945 0.2525883913040161
vt 0.5090383291244507 0.2525883913040161
vt 0.5090383291244507 0.3893148899078369
vt 0.5398759841918945 0.3893148899078369
vt 0.2953189015388489 0.935896135866642
vt 0.2953189015388489 0.9326030984520912
vt 0.19057172536849976 0.8537716120481491
vt 0.18904255330562592 0.8521148860454559
vt 0.3690973222255707 0.029010117053985596
vt 0.362009733915329 0.02366560697555542
vt 0.36201077699661255 0.038001835346221924
vt 0.36909860372543335 0.038001179695129395
vt 0.7117736339569092 0.9867637604475021
vt 0.7117736339569092 0.9837143868207932
vt 0.6954222917556763 0.9837143868207932
vt 0.6954222917556763 0.9867637604475021
vt 0.13541758060455322 0.022393405437469482
vt 0.13233068585395813 0.014853060245513916
vt 0.12956714630126953 0.0313948392868042
vt 0.13541673123836517 0.03139549493789673
vt 0.46899670362472534 0.6337839961051941
vt 0.4259722828865051 0.6337842345237732
vt 0.42597252130508423 0.6453891098499298
vt 0.46899688243865967 0.6453887522220612
vt 0.8279246687889099 0.9595889002084732
vt 0.8279314637184143 0.9558729082345963
vt 0.8079947829246521 0.955811396241188
vt 0.8079904913902283 0.959529772400856
vt 0.17538616061210632 0.8240618705749512
vt 0.1755371242761612 0.8220172375440598
vt 0.7227917313575745 0.9147981852293015
vt 0.7227917313575745 0.9115051478147507
vt 0.6250737309455872 0.9115051478147507
vt 0.6250715851783752 0.9147981852293015
vt 0.36201438307762146 0.08897674083709717
vt 0.3691021800041199 0.08897614479064941
vt 0.6049270629882812 0.9837143868207932
vt 0.6049270629882812 0.9867637604475021
vt 0.1295633465051651 0.08243215084075928
vt 0.13541294634342194 0.0824328064918518
vt 0.46899688243865967 0.6453887522220612
vt 0.42597252130508423 0.6453891098499298
vt 0.42597293853759766 0.726397693157196
vt 0.46899735927581787 0.7263974547386169
vt 0.6976557374000549 0.9558447748422623
vt 0.6976543068885803 0.9595621973276138
vt 0.5398759841918945 0.017367184162139893
vt 0.5090383291244507 0.017367184162139893
vt 0.5090383291244507 0.07307177782058716
vt 0.5398759841918945 0.07307177782058716
vt 0.7204077839851379 0.9358960762619972
vt 0.7204077839851379 0.9326030388474464
vt 0.6226876378059387 0.9326030388474464
vt 0.6226897835731506 0.9358960762619972
vt 0.3462267518043518 0.9147982448339462
vt 0.3462267518043518 0.9115052074193954
vt 0.3417277932167053 0.9115052074193954
vt 0.3417277932167053 0.9147982448339462
vt 0.36920273303985596 0.23660320043563843
vt 0.36919429898262024 0.2344813346862793
vt 0.3616151213645935 0.23448175191879272
vt 0.36154240369796753 0.23660385608673096
vt 0.34661054611206055 0.9867637902498245
vt 0.34661054611206055 0.9837144166231155
vt 0.34284353256225586 0.9837144166231155
vt 0.34284353256225586 0.9867637902498245
vt 0.17449982464313507 0.22811442613601685
vt 0.15274544060230255 0.2281138300895691
vt 0.15330742299556732 0.23023778200149536
vt 0.17433708906173706 0.2302381992340088
vt 0.20665325224399567 0.5782083570957184
vt 0.17241232097148895 0.5782079696655273
vt 0.17241108417510986 0.5866719782352448
vt 0.20665177702903748 0.5866721272468567
vt 0.38268375396728516 0.9595546275377274
vt 0.38268375396728516 0.9558372050523758
vt 0.37808918952941895 0.9558372050523758
vt 0.37808918952941895 0.9595546275377274
vt 0.5398759841918945 0.226179301738739
vt 0.5090383291244507 0.226179301738739
vt 0.5090383291244507 0.22841209173202515
vt 0.5398759841918945 0.22841209173202515
vt 0.3438428044319153 0.935896135866642
vt 0.3438425660133362 0.9326030984520912
vt 0.3393438458442688 0.9326030984520912
vt 0.3393438458442688 0.935896135866642
vt 0.9119127988815308 0.4250888228416443
vt 0.950093150138855 0.42508870363235474
vt 0.9500924348831177 0.3814921975135803
vt 0.9119120836257935 0.3814923167228699
vt 0.8484441041946411 0.4350278973579407
vt 0.8145390748977661 0.4350494146347046
vt 0.8154789209365845 0.4371880292892456
vt 0.84821617603302 0.43693339824676514
vt 0.9101725816726685 0.5905688405036926
vt 0.9101718664169312 0.5502942204475403
vt 0.8759704828262329 0.5502951741218567
vt 0.8759716749191284 0.590569794178009
vt 0.5637195706367493 0.43887990713119507
vt 0.5679333806037903 0.4394484758377075
vt 0.8399711847305298 0.4622272253036499
vt 0.835760235786438 0.46280205249786377
vt 0.5701106190681458 0.5850439071655273
vt 0.5701106190681458 0.566090315580368
vt 0.9557000994682312 0.9166663289070129
vt 0.9557000994682312 0.9197070300579071
vt 0.9931893944740295 0.9197055101394653
vt 0.9931890964508057 0.9166645407676697
vt 0.8335829973220825 0.5894097983837128
vt 0.8335829973220825 0.6083583831787109
vt 0.14306160807609558 0.7612372934818268
vt 0.14306044578552246 0.7680560648441315
vt 0.8092296123504639 0.7241339981555939
vt 0.8486649990081787 0.7240883409976959
vt 0.8485426902770996 0.6186884045600891
vt 0.8091075420379639 0.6187340617179871
vt 0.6094058156013489 0.4138532876968384
vt 0.614185631275177 0.40932953357696533
vt 0.5890796780586243 0.4117209315299988
vt 0.5881417393684387 0.41385698318481445
vt 0.9824725389480591 0.5905686020851135
vt 0.98247230052948 0.5502941012382507
vt 0.9500941038131714 0.5502942204475403
vt 0.9500945806503296 0.5905687212944031
vt 0.7014938592910767 0.34970247745513916
vt 0.7126864194869995 0.36025869846343994
vt 0.7603310346603394 0.3103451728820801
vt 0.7527633905410767 0.29293251037597656
vt 0.17241108417510986 0.5866719782352448
vt 0.17241062223911285 0.5895606875419617
vt 0.2066512405872345 0.589560866355896
vt 0.20665177702903748 0.5866721272468567
vt 0.5881078839302063 0.4161522388458252
vt 0.6093924641609192 0.41610831022262573
vt 0.7942198514938354 0.4371839761734009
vt 0.7942339181900024 0.43943947553634644
vt 0.8155144453048706 0.43948429822921753
vt 0.4092770218849182 0.9147982448339462
vt 0.4092774987220764 0.9115052074193954
vt 0.3790753483772278 0.9115052074193954
vt 0.3790748715400696 0.9147982448339462
vt 0.36917027831077576 0.20167195796966553
vt 0.3622228503227234 0.20167261362075806
vt 0.362255722284317 0.2174466848373413
vt 0.3691835403442383 0.21744602918624878
vt 0.40485668182373047 0.9867637902498245
vt 0.40485668182373047 0.9837144166231155
vt 0.37685298919677734 0.9837144166231155
vt 0.37685298919677734 0.9867637902498245
vt 0.15953898429870605 0.19526588916778564
vt 0.14033165574073792 0.19526523351669312
vt 0.14338736236095428 0.21105831861495972
vt 0.16605469584465027 0.21105873584747314
vt 0.2066570371389389 0.5476437211036682
vt 0.17241711914539337 0.5476437211036682
vt 0.1724153310060501 0.5652679800987244
vt 0.2066553384065628 0.5652679800987244
vt 0.4537045955657959 0.9595545679330826
vt 0.4537045955657959 0.955837145447731
vt 0.4195587635040283 0.9558372050523758
vt 0.4195587635040283 0.9595546275377274
vt 0.5398759841918945 0.1916559934616089
vt 0.5090383291244507 0.1916559934616089
vt 0.5090383291244507 0.20825427770614624
vt 0.5398759841918945 0.20825427770614624
vt 0.4068935513496399 0.935896135866642
vt 0.4068930745124817 0.9326030984520912
vt 0.37669092416763306 0.9326030984520912
vt 0.37669116258621216 0.935896135866642
vt 0.563409149646759 0.3950783610343933
vt 0.5551651120185852 0.4116995334625244
vt 0.5890796780586243 0.4117209315299988
vt 0.5963161587715149 0.3950819969177246
vt 0.8338280916213989 0.403003454208374
vt 0.8005996942520142 0.4030040502548218
vt 0.8073006868362427 0.4184112548828125
vt 0.8401995897293091 0.4184075593948364
vt 0.6214712262153625 0.4024542570114136
vt 0.6313803791999817 0.39311105012893677
vt 0.6030159592628479 0.37967443466186523
vt 0.5963161587715149 0.3950819969177246
vt 0.7894388437271118 0.4326585531234741
vt 0.7821518182754517 0.4257817268371582
vt 0.12374284863471985 0.40276485681533813
vt 0.1237436830997467 0.3833377957344055
vt 0.10624170303344727 0.3833351135253906
vt 0.10624086856842041 0.40276217460632324
vt 0.17369168996810913 0.6733439564704895
vt 0.17369741201400757 0.6557402014732361
vt 0.17037931084632874 0.6607707142829895
vt 0.17037349939346313 0.6775861382484436
vt 0.2576700747013092 0.25960320234298706
vt 0.25767385959625244 0.38954222202301025
vt 0.27515456080436707 0.3895394802093506
vt 0.27515077590942383 0.2596004605293274
vt 0.25756025314331055 0.01652294397354126
vt 0.2575612962245941 0.03802776336669922
vt 0.27504199743270874 0.03802520036697388
vt 0.2750409245491028 0.013197004795074463
vt 0.2575612962245941 0.03802776336669922
vt 0.25756508111953735 0.08900266885757446
vt 0.275045782327652 0.0890001654624939
vt 0.27504199743270874 0.03802520036697388
vt 0.260158509016037 0.21747153997421265
vt 0.2499222457408905 0.23450618982315063
vt 0.2686152458190918 0.23450326919555664
vt 0.277245432138443 0.21746861934661865
vt 0.2675469219684601 0.23662447929382324
vt 0.2486540973186493 0.236627459526062
vt 0.14310824871063232 0.6607705950737
vt 0.1431027352809906 0.6775861382484436
vt 0.25791987776756287 0.10683268308639526
vt 0.27534595131874084 0.10683012008666992
vt 0.02547915279865265 0.6868469715118408
vt 0.028797298669815063 0.6904842555522919
vt 0.028804074972867966 0.6775861382484436
vt 0.025485925376415253 0.6733439564704895
vt 0.1217656061053276 0.8850711658596992
vt 0.12211304157972336 0.8873013779520988
vt 0.13975617289543152 0.8839762583374977
vt 0.13914822041988373 0.881816990673542
vt 0.2885664701461792 0.4089391827583313
vt 0.28856518864631653 0.3895357847213745
vt 0.27515581250190735 0.4089427590370178
vt 0.46899425983428955 0.5660348236560822
vt 0.4259698987007141 0.5660348236560822
vt 0.42597073316574097 0.5870455801486969
vt 0.4689950942993164 0.5870455801486969
vt 0.106123186647892 0.8175916224718094
vt 0.10606493055820465 0.8196293711662292
vt 0.12197098881006241 0.8203084021806717
vt 0.12206996232271194 0.8182744234800339
vt 0.09281820058822632 0.2532331347465515
vt 0.09281483292579651 0.3833315372467041
vt 0.10624170303344727 0.3833351135253906
vt 0.1062455028295517 0.25323688983917236
vt 0.09292781352996826 0.006256759166717529
vt 0.09292656183242798 0.03138703107833862
vt 0.10635384917259216 0.03139084577560425
vt 0.10635468363761902 0.006532073020935059
vt 0.09292656183242798 0.03138703107833862
vt 0.09292276203632355 0.0824245810508728
vt 0.10635006427764893 0.082427978515625
vt 0.10635384917259216 0.03139084577560425
vt 0.1041485071182251 0.21105366945266724
vt 0.09102392196655273 0.21104943752288818
vt 0.0984312891960144 0.22810494899749756
vt 0.11278903484344482 0.2281091809272766
vt 0.09934699535369873 0.2302289605140686
vt 0.09281820058822632 0.2532331347465515
vt 0.1062455028295517 0.25323688983917236
vt 0.1138581931591034 0.23023295402526855
vt 0.09292276203632355 0.0824245810508728
vt 0.09266474843025208 0.10027605295181274
vt 0.10604946315288544 0.10027962923049927
vt 0.10635006427764893 0.082427978515625
vt 0.09281399846076965 0.4027585983276367
vt 0.09281483292579651 0.3833315372467041
vt 0.07613073289394379 0.3833271265029907
vt 0.07612989842891693 0.40275442600250244
vt 0.17367291450500488 0.7036257088184357
vt 0.1736832857131958 0.6868469715118408
vt 0.17036518454551697 0.6904841661453247
vt 0.17035502195358276 0.7065114974975586
vt 0.28856161236763 0.25959664583206177
vt 0.3052294850349426 0.38953137397766113
vt 0.3052258789539337 0.2595916986465454
vt 0.2884513735771179 0.012922167778015137
vt 0.2884524166584015 0.038021624088287354
vt 0.3051162660121918 0.038017213344573975
vt 0.3051152229309082 0.012792706489562988
vt 0.2884524166584015 0.038021624088287354
vt 0.2884562015533447 0.0889967679977417
vt 0.3051200807094574 0.088992178440094
vt 0.3051162660121918 0.038017213344573975
vt 0.29035401344299316 0.2174643874168396
vt 0.28295549750328064 0.2344992756843567
vt 0.3007751405239105 0.23449379205703735
vt 0.30664244294166565 0.21745914220809937
vt 0.3000512719154358 0.23661541938781738
vt 0.2820410430431366 0.2366207242012024
vt 0.14309489727020264 0.6904841661453247
vt 0.1430850327014923 0.7065114974975586
vt 0.2887142300605774 0.10682636499404907
vt 0.30532601475715637 0.10682189464569092
vt 0.025462988764047623 0.7212882041931152
vt 0.028780892491340637 0.7233827710151672
vt 0.0287889763712883 0.7065114974975586
vt 0.025471068918704987 0.7036257088184357
vt 0.07653383910655975 0.8868860527873039
vt 0.07655380666255951 0.8891615346074104
vt 0.09996406733989716 0.8890032842755318
vt 0.09981506317853928 0.8867410346865654
vt 0.32277172803878784 0.4089309573173523
vt 0.32277044653892517 0.3895273804664612
vt 0.3052305281162262 0.40893495082855225
vt 0.4689924716949463 0.5128401815891266
vt 0.4259682297706604 0.5128401815891266
vt 0.4259690046310425 0.5401472747325897
vt 0.46899324655532837 0.5401472747325897
vt 0.06541496515274048 0.8174224942922592
vt 0.06544534116983414 0.8194596022367477
vt 0.08630827069282532 0.8192779421806335
vt 0.0863201692700386 0.8172420859336853
vt 0.058571841567754745 0.2532241940498352
vt 0.058568473905324936 0.3833232522010803
vt 0.07613411545753479 0.25322824716567993
vt 0.058680612593889236 0.00737607479095459
vt 0.058679353445768356 0.03137689828872681
vt 0.07624204456806183 0.03138238191604614
vt 0.0762433111667633 0.0061269402503967285
vt 0.058679353445768356 0.03137689828872681
vt 0.05867597088217735 0.08241403102874756
vt 0.07623866200447083 0.08241993188858032
vt 0.07624204456806183 0.03138238191604614
vt 0.07471588253974915 0.21104437112808228
vt 0.057548638433218 0.21103954315185547
vt 0.06181008741259575 0.22809523344039917
vt 0.08059033751487732 0.22809988260269165
vt 0.062333714216947556 0.23021966218948364
vt 0.0813150554895401 0.2302238941192627
vt 0.05852461978793144 0.1002657413482666
vt 0.07603208720684052 0.10027140378952026
vt 0.05856720730662346 0.40275049209594727
vt 0.058568473905324936 0.3833232522010803
vt 0.04158208891749382 0.38332003355026245
vt 0.04158082231879234 0.40274739265441895
vt 0.17365619540214539 0.7383724451065063
vt 0.17366352677345276 0.7212882041931152
vt 0.17034563422203064 0.7233827710151672
vt 0.17033866047859192 0.7397017776966095
vt 0.32276687026023865 0.2595873475074768
vt 0.3397361636161804 0.38952410221099854
vt 0.3397325873374939 0.2595840096473694
vt 0.33962148427963257 0.01630711555480957
vt 0.3226560056209564 0.014040231704711914
vt 0.3226572573184967 0.03801172971725464
vt 0.33962276577949524 0.03800731897354126
vt 0.3226572573184967 0.03801172971725464
vt 0.3226608335971832 0.08898669481277466
vt 0.33962634205818176 0.08898204565048218
vt 0.33962276577949524 0.03800731897354126
vt 0.3237883746623993 0.21745425462722778
vt 0.3195324242115021 0.23448914289474487
vt 0.3376745879650116 0.23448574542999268
vt 0.3403717279434204 0.21745091676712036
vt 0.33734554052352905 0.2366076111793518
vt 0.3190092146396637 0.236611008644104
vt 0.1430761218070984 0.7233827710151672
vt 0.14306914806365967 0.7397017776966095
vt 0.32281219959259033 0.10681623220443726
vt 0.3397245705127716 0.1068120002746582
vt 0.02545205131173134 0.7536295801401138
vt 0.02876981347799301 0.7542756050825119
vt 0.028774362057447433 0.7397017776966095
vt 0.0254567451775074 0.7383724451065063
vt 0.03287056088447571 0.8853323832154274
vt 0.032792724668979645 0.8876105174422264
vt 0.05379033088684082 0.8884954825043678
vt 0.05383973568677902 0.8862193897366524
vt 0.3548882007598877 0.4089253544807434
vt 0.3548871576786041 0.3895217180252075
vt 0.3397374451160431 0.4089277982711792
vt 0.4689914584159851 0.46136242151260376
vt 0.42596715688705444 0.46136242151260376
vt 0.42596757411956787 0.4858297109603882
vt 0.46899187564849854 0.4858297109603882
vt 0.026287587359547615 0.8188150227069855
vt 0.026365263387560844 0.8208527714014053
vt 0.04512834548950195 0.8200634717941284
vt 0.0450669601559639 0.8180276155471802
vt 0.02641657367348671 0.25321847200393677
vt 0.026413198560476303 0.383317768573761
vt 0.04158208891749382 0.38332003355026245
vt 0.04158546403050423 0.253220796585083
vt 0.0265253446996212 0.014029264450073242
vt 0.026523660868406296 0.03136932849884033
vt 0.04169296845793724 0.0313723087310791
vt 0.04169423505663872 0.009645521640777588
vt 0.026523660868406296 0.03136932849884033
vt 0.02652028575539589 0.08240646123886108
vt 0.041689176112413406 0.08240985870361328
vt 0.04169296845793724 0.0313723087310791
vt 0.04094548150897026 0.21103596687316895
vt 0.026118088513612747 0.2110334038734436
vt 0.027425024658441544 0.2280893325805664
vt 0.043646205216646194 0.22809189558029175
vt 0.02758101001381874 0.23021376132965088
vt 0.02641657367348671 0.25321847200393677
vt 0.04158546403050423 0.253220796585083
vt 0.04397505149245262 0.23021626472473145
vt 0.02652028575539589 0.08240646123886108
vt 0.026470113545656204 0.10025835037231445
vt 0.041591789573431015 0.10026133060455322
vt 0.041689176112413406 0.08240985870361328
vt 0.04158546403050423 0.253220796585083
vt 0.058571841567754745 0.2532241940498352
vt 0.04169423505663872 0.009645521640777588
vt 0.04169296845793724 0.0313723087310791
vt 0.058679353445768356 0.03137689828872681
vt 0.058680612593889236 0.00737607479095459
vt 0.04169296845793724 0.0313723087310791
vt 0.041689176112413406 0.08240985870361328
vt 0.05867597088217735 0.08241403102874756
vt 0.058679353445768356 0.03137689828872681
vt 0.057548638433218 0.21103954315185547
vt 0.04094548150897026 0.21103596687316895
vt 0.043646205216646194 0.22809189558029175
vt 0.06181008741259575 0.22809523344039917
vt 0.04397505149245262 0.23021626472473145
vt 0.04158546403050423 0.253220796585083
vt 0.058571841567754745 0.2532241940498352
vt 0.062333714216947556 0.23021966218948364
vt 0.041689176112413406 0.08240985870361328
vt 0.041591789573431015 0.10026133060455322
vt 0.05852461978793144 0.1002657413482666
vt 0.05867597088217735 0.08241403102874756
vt 0.05856720730662346 0.40275049209594727
vt 0.3226560056209564 0.014040231704711914
vt 0.3051152229309082 0.012792706489562988
vt 0.3051162660121918 0.038017213344573975
vt 0.3226572573184967 0.03801172971725464
vt 0.09281820058822632 0.2532331347465515
vt 0.0762433111667633 0.0061269402503967285
vt 0.07624204456806183 0.03138238191604614
vt 0.09292656183242798 0.03138703107833862
vt 0.09292781352996826 0.006256759166717529
vt 0.09292276203632355 0.0824245810508728
vt 0.09292656183242798 0.03138703107833862
vt 0.09102392196655273 0.21104943752288818
vt 0.0984312891960144 0.22810494899749756
vt 0.09934699535369873 0.2302289605140686
vt 0.09266474843025208 0.10027605295181274
vt 0.10624086856842041 0.40276217460632324
vt 0.09281399846076965 0.4027585983276367
vt 0.2750409245491028 0.013197004795074463
vt 0.27504199743270874 0.03802520036697388
vt 0.2884524166584015 0.038021624088287354
vt 0.2884513735771179 0.012922167778015137
vt 0.04158082231879234 0.40274739265441895
vt 0.026411931961774826 0.4027451276779175
vt 0.1736515462398529 0.7536295801401138
vt 0.1703336238861084 0.7542756050825119
vt 0.3548833429813385 0.25958168506622314
vt 0.35477206110954285 0.020684897899627686
vt 0.33962148427963257 0.01630711555480957
vt 0.33962276577949524 0.03800731897354126
vt 0.35477331280708313 0.03800392150878906
vt 0.35477688908576965 0.08897864818572998
vt 0.35477331280708313 0.03800392150878906
vt 0.3538755476474762 0.2344832420349121
vt 0.3551809787750244 0.21744835376739502
vt 0.3537199795246124 0.23660510778427124
vt 0.14306411147117615 0.7542756050825119
vt 0.3548277020454407 0.10680866241455078
vt 0.025449439883232117 0.7609178125858307
vt 0.02876710146665573 0.7612372934818268
vt 0.022358132526278496 0.8849144801497459
vt 0.0222726259380579 0.8871850147843361
vt 0.36212587356567383 0.4089239835739136
vt 0.46899110078811646 0.44778120517730713
vt 0.42596691846847534 0.44778120517730713
vt 0.01687781699001789 0.8192159235477448
vt 0.016961131244897842 0.821246787905693
vt 0.01917024329304695 0.2532169818878174
vt 0.026413198560476303 0.383317768573761
vt 0.02641657367348671 0.25321847200393677
vt 0.019279014319181442 0.017013728618621826
vt 0.019277330487966537 0.03136724233627319
vt 0.026523660868406296 0.03136932849884033
vt 0.0265253446996212 0.014029264450073242
vt 0.01927395537495613 0.08240479230880737
vt 0.02652028575539589 0.08240646123886108
vt 0.026118088513612747 0.2110334038734436
vt 0.019034493714571 0.2110317349433899
vt 0.01967615634202957 0.2280876636505127
vt 0.027425024658441544 0.2280893325805664
vt 0.019749093800783157 0.2302122712135315
vt 0.02758101001381874 0.23021376132965088
vt 0.01924613118171692 0.10025626420974731
vt 0.026470113545656204 0.10025835037231445
vt 0.028809301555156708 0.6607707142829895
vt 0.025490909814834595 0.6557402014732361
vt 0.16251173615455627 0.8765238150954247
vt 0.16159410774707794 0.8745040893554688
vt 0.2576751410961151 0.4089455008506775
vt 0.4259713888168335 0.6149660050868988
vt 0.46899574995040894 0.6149661242961884
vt 0.1431819051504135 0.8216827660799026
vt 0.14330969750881195 0.8196481615304947
vt 0.1062455028295517 0.25323688983917236
vt 0.12374748289585114 0.2532397508621216
vt 0.12385667860507965 0.009862244129180908
vt 0.10635468363761902 0.006532073020935059
vt 0.10635384917259216 0.03139084577560425
vt 0.1238558292388916 0.031393349170684814
vt 0.10635384917259216 0.03139084577560425
vt 0.10635006427764893 0.082427978515625
vt 0.12385204434394836 0.08243072032928467
vt 0.1238558292388916 0.031393349170684814
vt 0.12125587463378906 0.21105659008026123
vt 0.1041485071182251 0.21105366945266724
vt 0.11278903484344482 0.2281091809272766
vt 0.13150520622730255 0.22811192274093628
vt 0.1138581931591034 0.23023295402526855
vt 0.1062455028295517 0.25323688983917236
vt 0.12374748289585114 0.2532397508621216
vt 0.1327742040157318 0.23023587465286255
vt 0.10635006427764893 0.082427978515625
vt 0.10604946315288544 0.10027962923049927
vt 0.12349706888198853 0.10028237104415894
vt 0.12385204434394836 0.08243072032928467
vt 0.14135022461414337 0.40276646614074707
vt 0.1237436830997467 0.3833377957344055
vt 0.12374284863471985 0.40276485681533813
vt 0.24008437991142273 0.25960487127304077
vt 0.2490963637828827 0.021507441997528076
vt 0.2518571615219116 0.038029253482818604
vt 0.25756025314331055 0.01652294397354126
vt 0.25186073780059814 0.08900439739227295
vt 0.23805400729179382 0.21747326850891113
vt 0.22870752215385437 0.23450791835784912
vt 0.22814595699310303 0.23662912845611572
vt 0.2516358196735382 0.10683417320251465
vt 0.6186742782592773 0.47719788551330566
vt 0.6201279163360596 0.48597073554992676
vt 0.6246112585067749 0.4856189489364624
vt 0.6234488487243652 0.4778580069541931
vt 0.6201279163360596 0.48597073554992676
vt 0.6201151609420776 0.5381503403186798
vt 0.6246260404586792 0.5381503403186798
vt 0.6246112585067749 0.4856189489364624
vt 0.8122386932373047 0.5715397298336029
vt 0.8122252225875854 0.5193282961845398
vt 0.8077402114868164 0.5189672112464905
vt 0.8077245950698853 0.5715397298336029
vt 0.8137161731719971 0.5105646252632141
vt 0.8089349269866943 0.5111965537071228
vt 0.8131623268127441 0.5025545954704285
vt 0.8079458475112915 0.5050579905509949
vt 0.8075796365737915 0.49453550577163696
vt 0.794241189956665 0.4824787974357605
vt 0.7909247875213623 0.4870556592941284
vt 0.8045186996459961 0.4993969798088074
vt 0.7835688591003418 0.4741523861885071
vt 0.779880166053772 0.47873032093048096
vt 0.7708548307418823 0.46294891834259033
vt 0.7670775651931763 0.4676699638366699
vt 0.757002592086792 0.4515221118927002
vt 0.7533614635467529 0.45636433362960815
vt 0.7431087493896484 0.4408387541770935
vt 0.739397406578064 0.44576317071914673
vt 0.7290675640106201 0.432800829410553
vt 0.7256535291671753 0.4378663897514343
vt 0.721714973449707 0.429561972618103
vt 0.7175682783126831 0.43441241979599
vt 0.7209583520889282 0.39658188819885254
vt 0.7119340896606445 0.39785903692245483
vt 0.7159782648086548 0.40278947353363037
vt 0.7260686159133911 0.40167784690856934
vt 0.7045222520828247 0.4009455442428589
vt 0.6903301477432251 0.40869206190109253
vt 0.6939393281936646 0.4136865735054016
vt 0.7078303098678589 0.4060758352279663
vt 0.6903301477432251 0.40869206190109253
vt 0.6762348413467407 0.4190903902053833
vt 0.6797780990600586 0.4239993691444397
vt 0.6939393281936646 0.4136865735054016
vt 0.6762348413467407 0.4190903902053833
vt 0.6621733903884888 0.43024343252182007
vt 0.6658599376678467 0.435030460357666
vt 0.6797780990600586 0.4239993691444397
vt 0.6492656469345093 0.4412120580673218
vt 0.6528736352920532 0.44584906101226807
vt 0.6492656469345093 0.4412120580673218
vt 0.6384633779525757 0.4493630528450012
vt 0.6417092084884644 0.45398586988449097
vt 0.6528736352920532 0.44584906101226807
vt 0.6384633779525757 0.4493630528450012
vt 0.624963641166687 0.4612308740615845
vt 0.6279628276824951 0.46612656116485596
vt 0.6417092084884644 0.45398586988449097
vt 0.6192930936813354 0.46918976306915283
vt 0.6244829893112183 0.47174006700515747
vt 0.6279628276824951 0.46612656116485596
vt 0.624963641166687 0.4612308740615845
vt 0.5697789788246155 0.37967413663864136
vt 0.563409149646759 0.3950783610343933
vt 0.7722421884536743 0.41643738746643066
vt 0.4440053105354309 0.9147982448339462
vt 0.4440060257911682 0.9115052074193954
vt 0.36915528774261475 0.1835300326347351
vt 0.36218512058258057 0.18353044986724854
vt 0.43706488609313965 0.9867637902498245
vt 0.43706488609313965 0.9837144166231155
vt 0.15291956067085266 0.17710155248641968
vt 0.13724897801876068 0.17710113525390625
vt 0.20665788650512695 0.5273737609386444
vt 0.1724180430173874 0.5273737609386444
vt 0.17241711914539337 0.5476437211036682
vt 0.2066570371389389 0.5476437211036682
vt 0.49297666549682617 0.9595545679330826
vt 0.49297666549682617 0.955837145447731
vt 0.5398759841918945 0.17256587743759155
vt 0.5090383291244507 0.17256587743759155
vt 0.4416220784187317 0.935896135866642
vt 0.4416213631629944 0.932602621614933
vt 0.8273545503616333 0.38528358936309814
vt 0.7928949594497681 0.3852837085723877
vt 0.6427739262580872 0.38236814737319946
vt 0.6107199788093567 0.3619537353515625
vt 0.2769724726676941 0.20169472694396973
vt 0.25983726978302 0.2016977071762085
vt 0.09126000106334686 0.19525659084320068
vt 0.09102392196655273 0.21104943752288818
vt 0.1041485071182251 0.21105366945266724
vt 0.10442212224006653 0.19526058435440063
vt 0.3064529299736023 0.20168542861938477
vt 0.29011812806129456 0.20169073343276978
vt 0.05769028887152672 0.19524645805358887
vt 0.07490558922290802 0.19525110721588135
vt 0.3402772843837738 0.20167678594589233
vt 0.3236469328403473 0.20168060064315796
vt 0.026118088513612747 0.2110334038734436
vt 0.04094548150897026 0.21103596687316895
vt 0.04103992506861687 0.19524270296096802
vt 0.02617078647017479 0.19524013996124268
vt 0.04103992506861687 0.19524270296096802
vt 0.04094548150897026 0.21103596687316895
vt 0.057548638433218 0.21103954315185547
vt 0.05769028887152672 0.19524645805358887
vt 0.09126000106334686 0.19525659084320068
vt 0.35512828826904297 0.20167404413223267
vt 0.012098457664251328 0.21103131771087646
vt 0.019067376852035522 0.19523847103118896
vt 0.012111525982618332 0.19523805379867554
vt 0.10442212224006653 0.19526058435440063
vt 0.1041485071182251 0.21105366945266724
vt 0.12125587463378906 0.21105659008026123
vt 0.12157754600048065 0.1952635645866394
vt 0.2219228446483612 0.20170021057128906
vt 0.21541449427604675 0.21747368574142456
vt 0.241106778383255 0.2016993761062622
vt 0.5762518048286438 0.3619540333747864
vt 0.760848879814148 0.4056929349899292
vt 0.27665817737579346 0.1835528016090393
vt 0.25946754217147827 0.1835557222366333
vt 0.09153234958648682 0.17709249258041382
vt 0.09126000106334686 0.19525659084320068
vt 0.10442212224006653 0.19526058435440063
vt 0.10473662614822388 0.17709648609161377
vt 0.3062339127063751 0.18354350328445435
vt 0.28984642028808594 0.18354898691177368
vt 0.05785387381911278 0.17708218097686768
vt 0.0751248151063919 0.17708724737167358
vt 0.340168297290802 0.18353486061096191
vt 0.32348400354385376 0.18353867530822754
vt 0.02617078647017479 0.19524013996124268
vt 0.04103992506861687 0.19524270296096802
vt 0.04114868864417076 0.17707836627960205
vt 0.02623191848397255 0.17707562446594238
vt 0.04114868864417076 0.17707836627960205
vt 0.04103992506861687 0.19524270296096802
vt 0.05769028887152672 0.19524645805358887
vt 0.05785387381911278 0.17708218097686768
vt 0.09153234958648682 0.17709249258041382
vt 0.35506758093833923 0.18353211879730225
vt 0.019105318933725357 0.17707395553588867
vt 0.012126702815294266 0.17707329988479614
vt 0.10473662614822388 0.17709648609161377
vt 0.10442212224006653 0.19526058435440063
vt 0.12157754600048065 0.1952635645866394
vt 0.12194854021072388 0.17709946632385254
vt 0.2285340428352356 0.18355780839920044
vt 0.2441856563091278 0.183557391166687
vt 0.4868074059486389 0.9147982448339462
vt 0.4868083596229553 0.9115052074193954
vt 0.3691401183605194 0.1611771583557129
vt 0.36214232444763184 0.16117805242538452
vt 0.4767477512359619 0.9867637902498245
vt 0.4767477512359619 0.9837144166231155
vt 0.1472664326429367 0.15472173690795898
vt 0.13468484580516815 0.15472131967544556
vt 0.20665796101093292 0.5023995041847229
vt 0.1724180430173874 0.5023995041847229
vt 0.1724180430173874 0.5273737609386444
vt 0.20665788650512695 0.5273737609386444
vt 0.541362464427948 0.9595545679330826
vt 0.541362464427948 0.955837145447731
vt 0.5398759841918945 0.1490456461906433
vt 0.5090383291244507 0.1490456461906433
vt 0.4844244122505188 0.935896135866642
vt 0.4844234585762024 0.932602621614933
vt 0.8218246698379517 0.36345064640045166
vt 0.7834049463272095 0.36345064640045166
vt 0.6568096280097961 0.36913251876831055
vt 0.6202104687690735 0.34012025594711304
vt 0.5817812085151672 0.34012073278427124
vt 0.7468143701553345 0.3924558162689209
vt 0.27627450227737427 0.16120058298110962
vt 0.25901517271995544 0.1612033247947693
vt 0.0918637216091156 0.15471291542053223
vt 0.09153234958648682 0.17709249258041382
vt 0.10473662614822388 0.17709648609161377
vt 0.1051206886768341 0.15471673011779785
vt 0.30596810579299927 0.16119152307510376
vt 0.28951525688171387 0.16119658946990967
vt 0.058050330728292465 0.15470260381698608
vt 0.07539042830467224 0.15470784902572632
vt 0.34003761410713196 0.1611822247505188
vt 0.32328689098358154 0.16118645668029785
vt 0.02623191848397255 0.17707562446594238
vt 0.04114868864417076 0.17707836627960205
vt 0.041279386729002 0.15469855070114136
vt 0.026302743703126907 0.15469563007354736
vt 0.041279386729002 0.15469855070114136
vt 0.04114868864417076 0.17707836627960205
vt 0.05785387381911278 0.17708218097686768
vt 0.058050330728292465 0.15470260381698608
vt 0.0918637216091156 0.15471291542053223
vt 0.35499632358551025 0.16117948293685913
vt 0.01914747804403305 0.15469413995742798
vt 0.012141458690166473 0.15469354391098022
vt 0.1051206886768341 0.15471673011779785
vt 0.10473662614822388 0.17709648609161377
vt 0.12194854021072388 0.17709946632385254
vt 0.12240134179592133 0.15471965074539185
vt 0.23418042063713074 0.16120564937591553
vt 0.2467462122440338 0.161204993724823
vt 0.5272427201271057 0.9147981852293015
vt 0.5272439122200012 0.9115051478147507
vt 0.3691270649433136 0.14007902145385742
vt 0.36210310459136963 0.14007943868637085
vt 0.5142040252685547 0.9867637902498245
vt 0.5142040252685547 0.9837144166231155
vt 0.14273810386657715 0.13359767198562622
vt 0.13266374170780182 0.1335970163345337
vt 0.20665718615055084 0.4788271188735962
vt 0.17241734266281128 0.4788271188735962
vt 0.1724180430173874 0.5023995041847229
vt 0.20665796101093292 0.5023995041847229
vt 0.5870339274406433 0.9595545679330826
vt 0.5870341658592224 0.955837145447731
vt 0.5398759841918945 0.126844584941864
vt 0.5090383291244507 0.126844584941864
vt 0.5248599648475647 0.9358960762619972
vt 0.5248587727546692 0.9326025620102882
vt 0.8173962831497192 0.34284281730651855
vt 0.7744494676589966 0.3428429365158081
vt 0.670056164264679 0.3566396236419678
vt 0.6291669011116028 0.3195120692253113
vt 0.5862095952033997 0.3195125460624695
vt 0.7335692644119263 0.3799612522125244
vt 0.27591341733932495 0.14010244607925415
vt 0.25858956575393677 0.14010512828826904
vt 0.09217527508735657 0.1335890293121338
vt 0.0918637216091156 0.15471291542053223
vt 0.1051206886768341 0.15471673011779785
vt 0.10548199713230133 0.13359284400939941
vt 0.3057183027267456 0.14009398221969604
vt 0.2892037034034729 0.14009881019592285
vt 0.058234985917806625 0.13357889652252197
vt 0.075640007853508 0.1335843801498413
vt 0.33991578221321106 0.14008426666259766
vt 0.3231022357940674 0.1400884985923767
vt 0.026302743703126907 0.15469563007354736
vt 0.041279386729002 0.15469855070114136
vt 0.04140080139040947 0.13357466459274292
vt 0.026368092745542526 0.13357150554656982
vt 0.04140080139040947 0.13357466459274292
vt 0.041279386729002 0.15469855070114136
vt 0.058050330728292465 0.15470260381698608
vt 0.058234985917806625 0.13357889652252197
vt 0.09217527508735657 0.1335890293121338
vt 0.354930579662323 0.14008110761642456
vt 0.019186686724424362 0.1335698366165161
vt 0.012154106050729752 0.13356924057006836
vt 0.10548199713230133 0.13359284400939941
vt 0.1051206886768341 0.15471673011779785
vt 0.12240134179592133 0.15471965074539185
vt 0.12282714247703552 0.13359558582305908
vt 0.23870304226875305 0.14010727405548096
vt 0.2487649917602539 0.14010685682296753
vt 0.5619857907295227 0.9147981852293015
vt 0.5619872212409973 0.9115051478147507
vt 0.36911651492118835 0.12195223569869995
vt 0.3620698153972626 0.12195289134979248
vt 0.546384334564209 0.9867637902498245
vt 0.546384334564209 0.9837144166231155
vt 0.13900279998779297 0.1154489517211914
vt 0.13100266456604004 0.11544835567474365
vt 0.20665565133094788 0.4585750699043274
vt 0.17241579294204712 0.4585750699043274
vt 0.17241734266281128 0.4788271188735962
vt 0.20665718615055084 0.4788271188735962
vt 0.6262726187705994 0.9595545679330826
vt 0.6262728571891785 0.955837145447731
vt 0.5398759841918945 0.10777091979980469
vt 0.5090383291244507 0.10777091979980469
vt 0.5596032738685608 0.9358960762619972
vt 0.5596016049385071 0.9326025620102882
vt 0.8137456178665161 0.3251382112503052
vt 0.7667571306228638 0.3251382112503052
vt 0.6814368367195129 0.34590691328048706
vt 0.6368606686592102 0.3018069863319397
vt 0.5898612141609192 0.3018074035644531
vt 0.7221919298171997 0.3692272901535034
vt 0.2756039798259735 0.12197607755661011
vt 0.2582244575023651 0.12197881937026978
vt 0.09244215488433838 0.11544054746627808
vt 0.09217527508735657 0.1335890293121338
vt 0.10548199713230133 0.13359284400939941
vt 0.10579144954681396 0.1154441237449646
vt 0.30550456047058105 0.1219678521156311
vt 0.2889368236064911 0.12197250127792358
vt 0.05839350447058678 0.11543041467666626
vt 0.07585418224334717 0.11543607711791992
vt 0.33981141448020935 0.12195771932601929
vt 0.32294392585754395 0.12196236848831177
vt 0.026368092745542526 0.13357150554656982
vt 0.04140080139040947 0.13357466459274292
vt 0.0415053628385067 0.11542600393295288
vt 0.02642374113202095 0.11542302370071411
vt 0.0415053628385067 0.11542600393295288
vt 0.04140080139040947 0.13357466459274292
vt 0.058234985917806625 0.13357889652252197
vt 0.05839350447058678 0.11543041467666626
vt 0.09244215488433838 0.11544054746627808
vt 0.35487428307533264 0.12195473909378052
vt 0.01921914890408516 0.11542093753814697
vt 0.012164223939180374 0.11542052030563354
vt 0.10579144954681396 0.1154441237449646
vt 0.10548199713230133 0.13359284400939941
vt 0.12282714247703552 0.13359558582305908
vt 0.12319225072860718 0.1154470443725586
vt 0.24243351817131042 0.12198090553283691
vt 0.2504233121871948 0.12198024988174438
vt 0.5909612774848938 0.9147981852293015
vt 0.5909629464149475 0.9115051478147507
vt 0.36910808086395264 0.10680609941482544
vt 0.3620428442955017 0.10680651664733887
vt 0.5732736587524414 0.9867637902498245
vt 0.5732736587524414 0.9837144166231155
vt 0.13623294234275818 0.10028451681137085
vt 0.12978847324848175 0.10028386116027832
vt 0.20665395259857178 0.4416518211364746
vt 0.1724129468202591 0.4416522979736328
vt 0.17241579294204712 0.4585750699043274
vt 0.20665565133094788 0.4585750699043274
vt 0.659059464931488 0.9595545679330826
vt 0.6590601801872253 0.955837145447731
vt 0.5398759841918945 0.09183305501937866
vt 0.5090383291244507 0.09183305501937866
vt 0.588578999042511 0.9358960762619972
vt 0.5885773301124573 0.9326030388474464
vt 0.6909464001655579 0.33693885803222656
vt 0.6432903409004211 0.28701305389404297
vt 0.09266474843025208 0.10027605295181274
vt 0.09244215488433838 0.11544054746627808
vt 0.10579144954681396 0.1154441237449646
vt 0.10604946315288544 0.10027962923049927
vt 0.02642374113202095 0.11542302370071411
vt 0.0415053628385067 0.11542600393295288
vt 0.041591789573431015 0.10026133060455322
vt 0.026470113545656204 0.10025835037231445
vt 0.041591789573431015 0.10026133060455322
vt 0.0415053628385067 0.11542600393295288
vt 0.05839350447058678 0.11543041467666626
vt 0.05852461978793144 0.1002657413482666
vt 0.012171812355518341 0.10025584697723389
vt 0.10604946315288544 0.10027962923049927
vt 0.10579144954681396 0.1154441237449646
vt 0.12319225072860718 0.1154470443725586
vt 0.12349706888198853 0.10028237104415894
vt 0.2451997697353363 0.1068347692489624
vt 0.2066531777381897 0.4217274785041809
vt 0.17241200804710388 0.42172759771347046
vt 0.1724129468202591 0.4416522979736328
vt 0.20665395259857178 0.4416518211364746
vt 0.7021425366401672 0.32638096809387207
vt 0.650860607624054 0.26959699392318726
vt 0.2066553384065628 0.5652679800987244
vt 0.1724153310060501 0.5652679800987244
vt 0.17241232097148895 0.5782079696655273
vt 0.20665325224399567 0.5782083570957184
vt 0.5551651120185852 0.4116995334625244
vt 0.5553951859474182 0.41360390186309814
vt 0.5881417393684387 0.41385698318481445
vt 0.5890796780586243 0.4117209315299988
vt 0.09934699535369873 0.2302289605140686
vt 0.1138581931591034 0.23023295402526855
vt 0.11278903484344482 0.2281091809272766
vt 0.0984312891960144 0.22810494899749756
vt 0.02758101001381874 0.23021376132965088
vt 0.04397505149245262 0.23021626472473145
vt 0.043646205216646194 0.22809189558029175
vt 0.027425024658441544 0.2280893325805664
vt 0.04397505149245262 0.23021626472473145
vt 0.062333714216947556 0.23021966218948364
vt 0.06181008741259575 0.22809523344039917
vt 0.043646205216646194 0.22809189558029175
vt 0.012079905718564987 0.23021167516708374
vt 0.01208791509270668 0.22808724641799927
vt 0.1138581931591034 0.23023295402526855
vt 0.1327742040157318 0.23023587465286255
vt 0.13150520622730255 0.22811192274093628
vt 0.11278903484344482 0.2281091809272766
vt 0.20697970688343048 0.23450851440429688
vt 0.20714202523231506 0.23662978410720825
vt 0.6006298661231995 0.7798924297094345
vt 0.6006446480751038 0.8634888976812363
vt 0.5529387593269348 0.8634965270757675
vt 0.5529239773750305 0.7799000591039658
vt 0.005014657974243164 0.9540614634752274
vt 0.005014657974243164 0.961330845952034
vt 0.04708576202392578 0.9615077525377274
vt 0.3283541202545166 0.9615077525377274
vt 0.37808918952941895 0.9615077525377274
vt 0.38268375396728516 0.9615077525377274
vt 0.4195587635040283 0.9615077525377274
vt 0.4537045955657959 0.9615076929330826
vt 0.49297666549682617 0.9615076929330826
vt 0.541362464427948 0.9615076929330826
vt 0.5870339274406433 0.9615076929330826
vt 0.6262723803520203 0.9615081697702408
vt 0.6590589880943298 0.9615081697702408
vt 0.6976537108421326 0.9615153223276138
vt 0.807991087436676 0.961482897400856
vt 0.8274520039558411 0.961482897400856
vt 0.010541185736656189 0.887907437980175
vt 0.022345134988427162 0.8883606567978859
vt 0.010347465053200722 0.8867211565375328
vt 0.03278747946023941 0.888807125389576
vt 0.05376213788986206 0.889689601957798
vt 0.07656163722276688 0.8903567418456078
vt 0.10004018247127533 0.8901909664273262
vt 0.12229720503091812 0.8884729370474815
vt 0.14008182287216187 0.885104201734066
vt 0.16291992366313934 0.8775976523756981
vt 0.1748248040676117 0.8710387349128723
vt 0.1828259527683258 0.8631615787744522
vt 0.1913636326789856 0.854653462767601
vt 0.7227917313575745 0.909994050860405
vt 0.6250541806221008 0.909994050860405
vt 0.5908673405647278 0.909994050860405
vt 0.5618262887001038 0.909994050860405
vt 0.5270703434944153 0.909994050860405
vt 0.48661643266677856 0.9099941104650497
vt 0.4437578320503235 0.9099941104650497
vt 0.4089720845222473 0.9099941104650497
vt 0.3787270188331604 0.9099941104650497
vt 0.34606462717056274 0.9099941104650497
vt 0.3419960141181946 0.9099941104650497
vt 0.29794222116470337 0.9099941104650497
vt 0.04880142584443092 0.9099941104650497
vt 0.011598114855587482 0.9099941104650497
vt 0.011598114855587482 0.9163093417882919
vt 0.04880142584443092 0.9163093417882919
vt 0.29794222116470337 0.9163093417882919
vt 0.3419960141181946 0.9163093417882919
vt 0.34606438875198364 0.9163093417882919
vt 0.3787267804145813 0.9163093417882919
vt 0.4089716076850891 0.9163093417882919
vt 0.4437571167945862 0.9163093417882919
vt 0.48661547899246216 0.9163093417882919
vt 0.5270691514015198 0.9163092821836472
vt 0.56182461977005 0.9163092821836472
vt 0.5908656716346741 0.9163092821836472
vt 0.6250520348548889 0.9163092821836472
vt 0.7227917313575745 0.9163092821836472
vt 0.18822358548641205 0.8512590378522873
vt 0.17979851365089417 0.859709769487381
vt 0.17226549983024597 0.8673166185617447
vt 0.16104325652122498 0.8734659552574158
vt 0.13883814215660095 0.8806758895516396
vt 0.12158762663602829 0.8838977143168449
vt 0.09973800927400589 0.8855510726571083
vt 0.07652334868907928 0.8856901451945305
vt 0.053865499794483185 0.8850237056612968
vt 0.03294792026281357 0.8841383382678032
vt 0.022518964484333992 0.8837481662631035
vt 0.8274664282798767 0.9539770036935806
vt 0.8122522234916687 0.9538711458444595
vt 0.6976566910743713 0.9538916498422623
vt 0.6590604186058044 0.953884020447731
vt 0.6262730956077576 0.953884020447731
vt 0.5870341658592224 0.953884020447731
vt 0.541362464427948 0.953884020447731
vt 0.49297666549682617 0.953884020447731
vt 0.4537045955657959 0.953884020447731
vt 0.4195587635040283 0.9538840800523758
vt 0.38268375396728516 0.9538840800523758
vt 0.37808918952941895 0.9538840800523758
vt 0.3283541202545166 0.9538840800523758
vt 0.04708576202392578 0.953884556889534
vt 0.009214045479893684 0.9310915246605873
vt 0.009214045479893684 0.9374077096581459
vt 0.04641759768128395 0.9374077096581459
vt 0.29555803537368774 0.9374077096581459
vt 0.33961206674575806 0.9374077096581459
vt 0.3436804413795471 0.9374077096581459
vt 0.3763430714607239 0.9374077096581459
vt 0.4065881371498108 0.9374077096581459
vt 0.44137388467788696 0.9374077096581459
vt 0.48423248529434204 0.9374077096581459
vt 0.5246863961219788 0.9374076500535011
vt 0.5594421029090881 0.9374076500535011
vt 0.5884836316108704 0.9374076500535011
vt 0.6226702332496643 0.9374076500535011
vt 0.7204077839851379 0.9374076500535011
vt 0.1755978912115097 0.8209423124790192
vt 0.16489550471305847 0.8201617896556854
vt 0.1551017314195633 0.8194533437490463
vt 0.14331188797950745 0.8185813724994659
vt 0.12212979048490524 0.8172076344490051
vt 0.10615576058626175 0.8165217041969299
vt 0.0863254964351654 0.8161734044551849
vt 0.06539711356163025 0.8163525611162186
vt 0.045033134520053864 0.81695955991745
vt 0.026278505101799965 0.8177444636821747
vt 0.016939206048846245 0.8181641697883606
vt 0.7113890647888184 0.982314869761467
vt 0.6954272985458374 0.982314869761467
vt 0.6049320697784424 0.982314869761467
vt 0.5732786655426025 0.9823148995637894
vt 0.5463893413543701 0.9823148995637894
vt 0.5142087936401367 0.9823148995637894
vt 0.47675275802612305 0.9823148995637894
vt 0.4370698928833008 0.9823148995637894
vt 0.4048616886138916 0.9823148995637894
vt 0.3768579959869385 0.9823148995637894
vt 0.3466155529022217 0.9823148995637894
vt 0.342848539352417 0.9823148995637894
vt 0.3020591735839844 0.9823148995637894
vt 0.0713798999786377 0.9823149293661118
vt 0.036933183670043945 0.9823149293661118
vt 0.036933183670043945 0.9881633371114731
vt 0.0713798999786377 0.9881633371114731
vt 0.3020591735839844 0.9881633073091507
vt 0.342848539352417 0.9881633073091507
vt 0.3466155529022217 0.9881633073091507
vt 0.3768579959869385 0.9881633073091507
vt 0.4048616886138916 0.9881633073091507
vt 0.4370698928833008 0.9881633073091507
vt 0.47675275802612305 0.9881633073091507
vt 0.5142087936401367 0.9881633073091507
vt 0.5463893413543701 0.9881633073091507
vt 0.5732786655426025 0.9881633073091507
vt 0.6049320697784424 0.9881632775068283
vt 0.6989145278930664 0.9881632775068283
vt 0.7113890647888184 0.9881632775068283
vt 0.006553785875439644 0.822751447558403
vt 0.017108339816331863 0.8222897797822952
vt 0.0062963273376226425 0.8217072039842606
vt 0.026438554748892784 0.8219208121299744
vt 0.04515966773033142 0.8211321532726288
vt 0.06546006351709366 0.8205301612615585
vt 0.08630106598138809 0.8203478753566742
vt 0.10603674501180649 0.820700541138649
vt 0.12192558497190475 0.8213770836591721
vt 0.14305004477500916 0.8227414190769196
vt 0.15481452643871307 0.8235551416873932
vt 0.16459231078624725 0.8243061751127243
vt 0.17528781294822693 0.8251336812973022
vt 0.7204077839851379 0.9310914650559425
vt 0.6226683259010315 0.9310914650559425
vt 0.5884817242622375 0.9310914650559425
vt 0.5594406723976135 0.9310914650559425
vt 0.5246852040290833 0.9310914650559425
vt 0.48423153162002563 0.9310915246605873
vt 0.44137316942214966 0.9310915246605873
vt 0.4065876603126526 0.9310915246605873
vt 0.3763428330421448 0.9310915246605873
vt 0.3436804413795471 0.9310915246605873
vt 0.33961206674575806 0.9310915246605873
vt 0.29555803537368774 0.9310915246605873
vt 0.04641759768128395 0.9310915246605873
vt 0.9101670980453491 0.3814924359321594
vt 0.9101685285568237 0.42508894205093384
vt 0.5268728137016296 0.7073143720626831
vt 0.5266944766044617 0.6872288286685944
vt 0.5058918595314026 0.6869802474975586
vt 0.5138110518455505 0.7072140276432037
vt 0.6340125799179077 0.6199393272399902
vt 0.6141469478607178 0.6200632154941559
vt 0.6144120097160339 0.6649749279022217
vt 0.6342359185218811 0.6651226282119751
vt 0.6342359185218811 0.6651226282119751
vt 0.6144120097160339 0.6649749279022217
vt 0.6144387722015381 0.6872019469738007
vt 0.6342398524284363 0.6869289875030518
vt 0.5537824034690857 0.7074143290519714
vt 0.553997278213501 0.6872799396514893
vt 0.5266944766044617 0.6872288286685944
vt 0.5268728137016296 0.7073143720626831
vt 0.5061448812484741 0.6030045747756958
vt 0.5061078667640686 0.6054539680480957
vt 0.526951014995575 0.6053135395050049
vt 0.5270258784294128 0.5949762165546417
vt 0.5058777928352356 0.6651688814163208
vt 0.5058918595314026 0.6869802474975586
vt 0.5266944766044617 0.6872288286685944
vt 0.5267120599746704 0.6650041341781616
vt 0.5270258784294128 0.5949762165546417
vt 0.526951014995575 0.6053135395050049
vt 0.5539087653160095 0.6052869260311127
vt 0.5538095831871033 0.5949278473854065
vt 0.5461468696594238 0.7352765202522278
vt 0.5461459159851074 0.7558011412620544
vt 0.5729947090148926 0.7558026164770126
vt 0.5729955434799194 0.7352779805660248
vt 0.5871491432189941 0.7074001133441925
vt 0.5869157314300537 0.687263011932373
vt 0.58693927526474 0.6052663624286652
vt 0.5870303511619568 0.5949086546897888
vt 0.5539717674255371 0.6650103330612183
vt 0.5869302749633789 0.6649929881095886
vt 0.6142866015434265 0.7072793841362
vt 0.6144387722015381 0.6872019469738007
vt 0.5869157314300537 0.687263011932373
vt 0.5871491432189941 0.7074001133441925
vt 0.5870303511619568 0.5949086546897888
vt 0.58693927526474 0.6052663624286652
vt 0.6141183972358704 0.6052863895893097
vt 0.6140366196632385 0.594948023557663
vt 0.6207098960876465 0.7352637648582458
vt 0.620711088180542 0.7557884007692337
vt 0.6478345394134521 0.755786582827568
vt 0.6478333473205566 0.7352619171142578
vt 0.6262253522872925 0.7072460353374481
vt 0.6336743831634521 0.7027606070041656
vt 0.6341981291770935 0.6992657482624054
vt 0.6142866015434265 0.7072793841362
vt 0.5272036194801331 0.6655339002609253
vt 0.5272044539451599 0.6867218613624573
vt 0.5275376439094543 0.6863856017589569
vt 0.5275371670722961 0.6658748686313629
vt 0.5534828901290894 0.6867287158966064
vt 0.5531485080718994 0.686388373374939
vt 0.5534819960594177 0.6655407845973969
vt 0.553148090839386 0.6658776700496674
vt 0.5874246954917908 0.6655189096927643
vt 0.5874263644218445 0.6867071986198425
vt 0.5877603888511658 0.6863657832145691
vt 0.5877598524093628 0.6658550500869751
vt 0.5874263644218445 0.6867071986198425
vt 0.613926351070404 0.6866976022720337
vt 0.6135928630828857 0.6863619089126587
vt 0.5877603888511658 0.6863657832145691
vt 0.613926351070404 0.6866976022720337
vt 0.6139248013496399 0.6655093133449554
vt 0.6135923266410828 0.6658511161804199
vt 0.6135928630828857 0.6863619089126587
vt 0.6139248013496399 0.6655093133449554
vt 0.5874246954917908 0.6655189096927643
vt 0.5877598524093628 0.6658550500869751
vt 0.6135923266410828 0.6658511161804199
vt 0.5267120599746704 0.6650041341781616
vt 0.5266944766044617 0.6872288286685944
vt 0.5272044539451599 0.6867218613624573
vt 0.5272036194801331 0.6655339002609253
vt 0.5266944766044617 0.6872288286685944
vt 0.553997278213501 0.6872799396514893
vt 0.5534828901290894 0.6867287158966064
vt 0.5272044539451599 0.6867218613624573
vt 0.553997278213501 0.6872799396514893
vt 0.5539717674255371 0.6650103330612183
vt 0.5534819960594177 0.6655407845973969
vt 0.5534828901290894 0.6867287158966064
vt 0.5539717674255371 0.6650103330612183
vt 0.5267120599746704 0.6650041341781616
vt 0.5272036194801331 0.6655339002609253
vt 0.5534819960594177 0.6655407845973969
vt 0.530358612537384 0.6835647225379944
vt 0.5303584933280945 0.6686978042125702
vt 0.5275371670722961 0.6658748686313629
vt 0.5275376439094543 0.6863856017589569
vt 0.5303584933280945 0.6686978042125702
vt 0.5503267645835876 0.6686987578868866
vt 0.553148090839386 0.6658776700496674
vt 0.5275371670722961 0.6658748686313629
vt 0.5503267645835876 0.6686987578868866
vt 0.5503270030021667 0.6835656464099884
vt 0.5531485080718994 0.686388373374939
vt 0.553148090839386 0.6658776700496674
vt 0.5503270030021667 0.6835656464099884
vt 0.530358612537384 0.6835647225379944
vt 0.5275376439094543 0.6863856017589569
vt 0.5531485080718994 0.686388373374939
vt 0.5869302749633789 0.6649929881095886
vt 0.5869157314300537 0.687263011932373
vt 0.5874263644218445 0.6867071986198425
vt 0.5874246954917908 0.6655189096927643
vt 0.5869157314300537 0.687263011932373
vt 0.6144387722015381 0.6872019469738007
vt 0.613926351070404 0.6866976022720337
vt 0.5874263644218445 0.6867071986198425
vt 0.6144387722015381 0.6872019469738007
vt 0.6144120097160339 0.6649749279022217
vt 0.6139248013496399 0.6655093133449554
vt 0.613926351070404 0.6866976022720337
vt 0.6144120097160339 0.6649749279022217
vt 0.5869302749633789 0.6649929881095886
vt 0.5874246954917908 0.6655189096927643
vt 0.6139248013496399 0.6655093133449554
vt 0.5905817151069641 0.6835426390171051
vt 0.590581476688385 0.6686758100986481
vt 0.5877598524093628 0.6658550500869751
vt 0.5877603888511658 0.6863657832145691
vt 0.590581476688385 0.6686758100986481
vt 0.6107715964317322 0.6686744689941406
vt 0.6135923266410828 0.6658511161804199
vt 0.5877598524093628 0.6658550500869751
vt 0.6107715964317322 0.6686744689941406
vt 0.6107717752456665 0.6835413575172424
vt 0.6135928630828857 0.6863619089126587
vt 0.6135923266410828 0.6658511161804199
vt 0.6107717752456665 0.6835413575172424
vt 0.5905817151069641 0.6835426390171051
vt 0.5877603888511658 0.6863657832145691
vt 0.6135928630828857 0.6863619089126587
vt 0.6334066987037659 0.5994709134101868
vt 0.6319212317466736 0.5969825685024261
vt 0.6294392347335815 0.5954857468605042
vt 0.6259605288505554 0.5949809551239014
vt 0.506056010723114 0.6199849843978882
vt 0.5269302725791931 0.6200915575027466
vt 0.1571539044380188 0.8107237666845322
vt 0.21407106518745422 0.8107255548238754
vt 0.21407195925712585 0.7826429158449173
vt 0.15715479850769043 0.782641127705574
vt 0.553893506526947 0.6200783252716064
vt 0.5869626998901367 0.620059072971344
vt 0.2311374843120575 0.8095912486314774
vt 0.2885798513889313 0.8095885366201401
vt 0.288578599691391 0.781505897641182
vt 0.23113617300987244 0.7815086394548416
vt 0.6339513659477234 0.6054083108901978
vt 0.6141183972358704 0.6052863895893097
vt 0.6141469478607178 0.6200632154941559
vt 0.6340125799179077 0.6199393272399902
vt 0.5180537104606628 0.5725250840187073
vt 0.518929660320282 0.5725250840187073
vt 0.518929660320282 0.5503361225128174
vt 0.5180537104606628 0.5503361225128174
vt 0.5286973118782043 0.5729672312736511
vt 0.529947817325592 0.5729672908782959
vt 0.529947817325592 0.5507207214832306
vt 0.5286973118782043 0.550720751285553
vt 0.5272218585014343 0.6055850386619568
vt 0.5272176265716553 0.6198047399520874
vt 0.528197169303894 0.6188239455223083
vt 0.5281988382339478 0.606562614440918
vt 0.5536185503005981 0.6197999715805054
vt 0.5526406764984131 0.6188217997550964
vt 0.5536227822303772 0.6055803000926971
vt 0.5526423454284668 0.6065604984760284
vt 0.5872278213500977 0.6055568158626556
vt 0.5872339606285095 0.6197764873504639
vt 0.5882115960121155 0.6187975704669952
vt 0.5882091522216797 0.6065362989902496
vt 0.5872339606285095 0.6197764873504639
vt 0.6138566732406616 0.6197792291641235
vt 0.612876832485199 0.6187988221645355
vt 0.5882115960121155 0.6187975704669952
vt 0.6138566732406616 0.6197792291641235
vt 0.613850474357605 0.6055595576763153
vt 0.6128743886947632 0.6065375208854675
vt 0.612876832485199 0.6187988221645355
vt 0.613850474357605 0.6055595576763153
vt 0.5872278213500977 0.6055568158626556
vt 0.5882091522216797 0.6065362989902496
vt 0.6128743886947632 0.6065375208854675
vt 0.526951014995575 0.6053135395050049
vt 0.5269302725791931 0.6200915575027466
vt 0.5272176265716553 0.6198047399520874
vt 0.5272218585014343 0.6055850386619568
vt 0.5269302725791931 0.6200915575027466
vt 0.553893506526947 0.6200783252716064
vt 0.5536185503005981 0.6197999715805054
vt 0.5272176265716553 0.6198047399520874
vt 0.553893506526947 0.6200783252716064
vt 0.5539087653160095 0.6052869260311127
vt 0.5536227822303772 0.6055803000926971
vt 0.5536185503005981 0.6197999715805054
vt 0.5539087653160095 0.6052869260311127
vt 0.526951014995575 0.6053135395050049
vt 0.5272218585014343 0.6055850386619568
vt 0.5536227822303772 0.6055803000926971
vt 0.5289453864097595 0.6180752217769623
vt 0.5289459228515625 0.6073096096515656
vt 0.5281988382339478 0.606562614440918
vt 0.528197169303894 0.6188239455223083
vt 0.5289459228515625 0.6073096096515656
vt 0.5518938899040222 0.6073088943958282
vt 0.5526423454284668 0.6065604984760284
vt 0.5281988382339478 0.606562614440918
vt 0.5518938899040222 0.6073088943958282
vt 0.5518932342529297 0.6180744767189026
vt 0.5526406764984131 0.6188217997550964
vt 0.5526423454284668 0.6065604984760284
vt 0.5518932342529297 0.6180744767189026
vt 0.5289453864097595 0.6180752217769623
vt 0.528197169303894 0.6188239455223083
vt 0.5526406764984131 0.6188217997550964
vt 0.58693927526474 0.6052663624286652
vt 0.5869626998901367 0.620059072971344
vt 0.5872339606285095 0.6197764873504639
vt 0.5872278213500977 0.6055568158626556
vt 0.5869626998901367 0.620059072971344
vt 0.6141469478607178 0.6200632154941559
vt 0.6138566732406616 0.6197792291641235
vt 0.5872339606285095 0.6197764873504639
vt 0.6141469478607178 0.6200632154941559
vt 0.6141183972358704 0.6052863895893097
vt 0.613850474357605 0.6055595576763153
vt 0.6138566732406616 0.6197792291641235
vt 0.6141183972358704 0.6052863895893097
vt 0.58693927526474 0.6052663624286652
vt 0.5872278213500977 0.6055568158626556
vt 0.613850474357605 0.6055595576763153
vt 0.5889588594436646 0.6180499792098999
vt 0.5889580249786377 0.6072843968868256
vt 0.5882091522216797 0.6065362989902496
vt 0.5882115960121155 0.6187975704669952
vt 0.5889580249786377 0.6072843968868256
vt 0.6121277213096619 0.6072847843170166
vt 0.6128743886947632 0.6065375208854675
vt 0.5882091522216797 0.6065362989902496
vt 0.6121277213096619 0.6072847843170166
vt 0.612128496170044 0.6180503964424133
vt 0.612876832485199 0.6187988221645355
vt 0.6128743886947632 0.6065375208854675
vt 0.612128496170044 0.6180503964424133
vt 0.5889588594436646 0.6180499792098999
vt 0.5882115960121155 0.6187975704669952
vt 0.612876832485199 0.6187988221645355
vt 0.23387670516967773 0.7569321990013123
vt 0.23291781544685364 0.7522332668304443
vt 0.2293139398097992 0.7537484914064407
vt 0.22996723651885986 0.7569503337144852
vt 0.23023033142089844 0.748261421918869
vt 0.22748181223869324 0.751041978597641
vt 0.2262268364429474 0.745621919631958
vt 0.22475141286849976 0.7492429912090302
vt 0.22151798009872437 0.7447134852409363
vt 0.22153910994529724 0.7486238479614258
vt 0.2168201208114624 0.7456706166267395
vt 0.21833258867263794 0.7492766976356506
vt 0.2128438949584961 0.7483490705490112
vt 0.21561965346336365 0.7511029690504074
vt 0.2101944088935852 0.7523455768823624
vt 0.2138127088546753 0.7538269013166428
vt 0.20927852392196655 0.7570527791976929
vt 0.21318799257278442 0.7570347189903259
vt 0.21023738384246826 0.7617516815662384
vt 0.21384137868881226 0.7602365165948868
vt 0.21292471885681152 0.7657236009836197
vt 0.2156733274459839 0.7629431039094925
vt 0.21692845225334167 0.7683631628751755
vt 0.21840378642082214 0.7647421061992645
vt 0.22163733839988708 0.7692716419696808
vt 0.22161626815795898 0.7653612792491913
vt 0.22633525729179382 0.7683145850896835
vt 0.22482287883758545 0.76470847427845
vt 0.2303115725517273 0.7656360864639282
vt 0.22753572463989258 0.7628822028636932
vt 0.2329607903957367 0.7616395205259323
vt 0.22934257984161377 0.7601582258939743
vt 0.32311704754829407 0.7569000720977783
vt 0.3235172927379608 0.7589121758937836
vt 0.3246561884880066 0.7606179416179657
vt 0.3235163986682892 0.7548879981040955
vt 0.22996723651885986 0.7569503337144852
vt 0.2293139398097992 0.7537484914064407
vt 0.2255910038948059 0.7553135901689529
vt 0.22592902183532715 0.7569690644741058
vt 0.22748181223869324 0.751041978597641
vt 0.22464242577552795 0.7539138793945312
vt 0.22475141286849976 0.7492429912090302
vt 0.22322726249694824 0.7529829144477844
vt 0.22153910994529724 0.7486238479614258
vt 0.22156035900115967 0.752662405371666
vt 0.21833258867263794 0.7492766976356506
vt 0.21989518404006958 0.7530010044574738
vt 0.21561965346336365 0.7511029690504074
vt 0.21848726272583008 0.7539471387863159
vt 0.2138127088546753 0.7538269013166428
vt 0.21755030751228333 0.7553569823503494
vt 0.21318799257278442 0.7570347189903259
vt 0.21722620725631714 0.7570160627365112
vt 0.21384137868881226 0.7602365165948868
vt 0.21756422519683838 0.7586714923381805
vt 0.2156733274459839 0.7629431039094925
vt 0.2185128629207611 0.7600712329149246
vt 0.21840378642082214 0.7647421061992645
vt 0.21992811560630798 0.7610022127628326
vt 0.22161626815795898 0.7653612792491913
vt 0.22159510850906372 0.7613227367401123
vt 0.22482287883758545 0.76470847427845
vt 0.2232602834701538 0.7609841823577881
vt 0.22753572463989258 0.7628822028636932
vt 0.22466811537742615 0.7600380480289459
vt 0.22934257984161377 0.7601582258939743
vt 0.2256050705909729 0.7586281895637512
vt 0.3173218071460724 0.7976857125759125
vt 0.31731709837913513 0.7997382581233978
vt 0.3370402753353119 0.7997382581233978
vt 0.3370450437068939 0.7976857125759125
vt 0.31731274724006653 0.801790177822113
vt 0.3370359241962433 0.8017914295196533
vt 0.31730878353118896 0.8038417994976044
vt 0.33703187108039856 0.8038447499275208
vt 0.31730541586875916 0.8058939576148987
vt 0.33702850341796875 0.8058972060680389
vt 0.3173028528690338 0.8079464733600616
vt 0.33702588081359863 0.8079489171504974
vt 0.3173013925552368 0.8099990785121918
vt 0.33702439069747925 0.8100000023841858
vt 0.3173008859157562 0.8120511174201965
vt 0.3370239734649658 0.8120511174201965
vt 0.31735455989837646 0.7792176902294159
vt 0.31735408306121826 0.7812691926956177
vt 0.33707699179649353 0.7812691926956177
vt 0.3370774984359741 0.7792176902294159
vt 0.31735268235206604 0.7833208441734314
vt 0.3370755910873413 0.7833208441734314
vt 0.3173503577709198 0.7853717803955078
vt 0.33707329630851746 0.7853733599185944
vt 0.3173469007015228 0.7874224185943604
vt 0.33706989884376526 0.7874265313148499
vt 0.31734246015548706 0.7894739210605621
vt 0.33706554770469666 0.7894791066646576
vt 0.3173372745513916 0.7915264070034027
vt 0.33706045150756836 0.7915309071540833
vt 0.3173319399356842 0.7935799956321716
vt 0.33705517649650574 0.7935818135738373
vt 0.3173268139362335 0.7956332266330719
vt 0.3370501399040222 0.7956332266330719
vt 0.286776602268219 0.7569603770971298
vt 0.28584492206573486 0.7522623240947723
vt 0.28223103284835815 0.7537556141614914
vt 0.2828662395477295 0.7569597810506821
vt 0.2831893563270569 0.7482757866382599
vt 0.28042125701904297 0.7510370761156082
vt 0.2792101502418518 0.745607852935791
vt 0.27771061658859253 0.7492181658744812
vt 0.27451205253601074 0.744669109582901
vt 0.27451133728027344 0.7485783100128174
vt 0.269814133644104 0.7456054091453552
vt 0.2713121771812439 0.7492164969444275
vt 0.2658339738845825 0.7482713460922241
vt 0.2686008810997009 0.7510337382555008
vt 0.2631767988204956 0.7522567063570023
vt 0.2667902112007141 0.7537511736154556
vt 0.26224398612976074 0.7569542825222015
vt 0.26615434885025024 0.7569547742605209
vt 0.26317548751831055 0.7616520971059799
vt 0.26678943634033203 0.7601587623357773
vt 0.26583099365234375 0.7656382471323013
vt 0.268599271774292 0.7628770172595978
vt 0.2698096036911011 0.7683060318231583
vt 0.27130991220474243 0.764695793390274
vt 0.2745066285133362 0.7692454308271408
vt 0.27450883388519287 0.765336200594902
vt 0.27920544147491455 0.7683098018169403
vt 0.27770811319351196 0.7646985948085785
vt 0.28318631649017334 0.7656438797712326
vt 0.28041958808898926 0.762881338596344
vt 0.2858436703681946 0.761658251285553
vt 0.2822303771972656 0.7601636797189713
vt 0.37931662797927856 0.7475285530090332
vt 0.3772886395454407 0.7478350102901459
vt 0.37553179264068604 0.748894214630127
vt 0.38130784034729004 0.7480217516422272
vt 0.2828662395477295 0.7569597810506821
vt 0.28223103284835815 0.7537556141614914
vt 0.2784987688064575 0.7552980035543442
vt 0.2788275480270386 0.7569590657949448
vt 0.28042125701904297 0.7510370761156082
vt 0.2775624990463257 0.7538893222808838
vt 0.27771061658859253 0.7492181658744812
vt 0.27616190910339355 0.7529476433992386
vt 0.27451133728027344 0.7485783100128174
vt 0.27451092004776 0.7526165246963501
vt 0.2713121771812439 0.7492164969444275
vt 0.2728593945503235 0.7529466152191162
vt 0.2686008810997009 0.7510337382555008
vt 0.2714584469795227 0.7538871616125107
vt 0.2667902112007141 0.7537511736154556
vt 0.27052193880081177 0.7552948296070099
vt 0.26615434885025024 0.7569547742605209
vt 0.2701929807662964 0.7569553554058075
vt 0.26678943634033203 0.7601587623357773
vt 0.27052175998687744 0.7586162835359573
vt 0.268599271774292 0.7628770172595978
vt 0.2714582085609436 0.760024830698967
vt 0.27130991220474243 0.764695793390274
vt 0.27285921573638916 0.7609665244817734
vt 0.27450883388519287 0.765336200594902
vt 0.27451092004776 0.7612979561090469
vt 0.27770811319351196 0.7646985948085785
vt 0.27616173028945923 0.7609682232141495
vt 0.28041958808898926 0.762881338596344
vt 0.27756237983703613 0.7600277066230774
vt 0.2822303771972656 0.7601636797189713
vt 0.2784987688064575 0.7586198896169662
vt 0.3688991665840149 0.7977035045623779
vt 0.36889827251434326 0.7997560799121857
vt 0.38862156867980957 0.7997560799121857
vt 0.38862258195877075 0.7977035045623779
vt 0.3688974976539612 0.8018083274364471
vt 0.38862085342407227 0.8018085360527039
vt 0.3688969612121582 0.8038604259490967
vt 0.3886202573776245 0.8038609623908997
vt 0.3688965439796448 0.805912435054779
vt 0.3886198401451111 0.8059130907058716
vt 0.3688963055610657 0.8079641461372375
vt 0.38861972093582153 0.8079648315906525
vt 0.3688961863517761 0.8100157082080841
vt 0.3886195421218872 0.8100164234638214
vt 0.36890608072280884 0.777182936668396
vt 0.36890602111816406 0.7792344391345978
vt 0.38862931728363037 0.7792344391345978
vt 0.3886294364929199 0.777182936668396
vt 0.3689056634902954 0.7812860608100891
vt 0.38862907886505127 0.7812860608100891
vt 0.368905246257782 0.78333780169487
vt 0.38862866163253784 0.78333780169487
vt 0.3689047694206238 0.7853895127773285
vt 0.3886280655860901 0.7853898108005524
vt 0.36890411376953125 0.7874412834644318
vt 0.38862740993499756 0.7874420583248138
vt 0.3689032793045044 0.7894932627677917
vt 0.3886266350746155 0.7894942462444305
vt 0.3689022660255432 0.7915456295013428
vt 0.3886256814002991 0.7915464639663696
vt 0.3689013123512268 0.7935982644557953
vt 0.3886246085166931 0.7935985922813416
vt 0.36890023946762085 0.7956508696079254
vt 0.38862359523773193 0.7956508696079254
vt 0.6851515173912048 0.6131628751754761
vt 0.6808522343635559 0.611296534538269
vt 0.6777350306510925 0.619662880897522
vt 0.6811622977256775 0.6211509704589844
vt 0.6763824820518494 0.6099027395248413
vt 0.6741648316383362 0.6185497045516968
vt 0.6717994809150696 0.6089953780174255
vt 0.6704878211021423 0.6178210973739624
vt 0.6671659350395203 0.6085824370384216
vt 0.6667347550392151 0.61748206615448
vt 0.6626107096672058 0.6086671948432922
vt 0.662871778011322 0.6175445318222046
vt 0.6582319140434265 0.6089727878570557
vt 0.6587968468666077 0.618078351020813
vt 0.709782063961029 0.6498934328556061
vt 0.7090286612510681 0.6455645561218262
vt 0.7003487944602966 0.6474690139293671
vt 0.7007984519004822 0.6515468955039978
vt 0.7080231308937073 0.6411538124084473
vt 0.6994871497154236 0.6437036991119385
vt 0.7065733075141907 0.636803388595581
vt 0.6982915997505188 0.6401240825653076
vt 0.7046805024147034 0.6325925588607788
vt 0.696756899356842 0.6367086172103882
vt 0.7023593783378601 0.6285790801048279
vt 0.6948891282081604 0.6334749460220337
vt 0.6996269822120667 0.624813437461853
vt 0.6927022337913513 0.63045334815979
vt 0.6965058445930481 0.6213445663452148
vt 0.690209686756134 0.6276777982711792
vt 0.6930267214775085 0.6182196140289307
vt 0.6874353289604187 0.6251823902130127
vt 0.6892271637916565 0.6154803037643433
vt 0.6844082474708557 0.6229979991912842
vt 0.6811622977256775 0.6211509704589844
vt 0.6777350306510925 0.619662880897522
vt 0.6765409111976624 0.622870147228241
vt 0.679631769657135 0.6242135763168335
vt 0.6741648316383362 0.6185497045516968
vt 0.6733220219612122 0.621863842010498
vt 0.6704878211021423 0.6178210973739624
vt 0.6700133681297302 0.6212027072906494
vt 0.6667347550392151 0.61748206615448
vt 0.6666595339775085 0.620891809463501
vt 0.662871778011322 0.6175445318222046
vt 0.6633397936820984 0.6209299564361572
vt 0.6587968468666077 0.618078351020813
vt 0.6602584719657898 0.6213517785072327
vt 0.7007984519004822 0.6515468955039978
vt 0.7003487944602966 0.6474690139293671
vt 0.696938693523407 0.6478037536144257
vt 0.6972553133964539 0.6508997976779938
vt 0.6994871497154236 0.6437036991119385
vt 0.6961912512779236 0.6445611715316772
vt 0.6982915997505188 0.6401240825653076
vt 0.6951112151145935 0.6413586139678955
vt 0.696756899356842 0.6367086172103882
vt 0.6937175393104553 0.638274073600769
vt 0.6948891282081604 0.6334749460220337
vt 0.6920239329338074 0.6353482007980347
vt 0.6927022337913513 0.63045334815979
vt 0.6900439858436584 0.6326146125793457
vt 0.690209686756134 0.6276777982711792
vt 0.6877939105033875 0.6301056742668152
vt 0.6874353289604187 0.6251823902130127
vt 0.6852900385856628 0.6278519630432129
vt 0.6844082474708557 0.6229979991912842
vt 0.6825593113899231 0.625880241394043
vt 0.6765409111976624 0.622870147228241
vt 0.6748579144477844 0.6273881196975708
vt 0.6774750351905823 0.6285258531570435
vt 0.679631769657135 0.6242135763168335
vt 0.6733220219612122 0.621863842010498
vt 0.6721323132514954 0.6265349388122559
vt 0.6700133681297302 0.6212027072906494
vt 0.6693323254585266 0.6259742975234985
vt 0.6666595339775085 0.620891809463501
vt 0.6664946675300598 0.6257160305976868
vt 0.6633397936820984 0.6209299564361572
vt 0.6636454463005066 0.625778079032898
vt 0.6602584719657898 0.6213517785072327
vt 0.6607529520988464 0.6260705590248108
vt 0.6972553133964539 0.6508997976779938
vt 0.696938693523407 0.6478037536144257
vt 0.6921501755714417 0.6486349403858185
vt 0.6925452351570129 0.6515192985534668
vt 0.6961912512779236 0.6445611715316772
vt 0.6915356516838074 0.6458353996276855
vt 0.6951112151145935 0.6413586139678955
vt 0.6906200051307678 0.6431080102920532
vt 0.6937175393104553 0.638274073600769
vt 0.6894301772117615 0.6404784321784973
vt 0.6920239329338074 0.6353482007980347
vt 0.6879846453666687 0.6379823684692383
vt 0.6900439858436584 0.6326146125793457
vt 0.6862987875938416 0.6356531381607056
vt 0.6877939105033875 0.6301056742668152
vt 0.6843879818916321 0.6335200071334839
vt 0.6852900385856628 0.6278519630432129
vt 0.6822661757469177 0.6316080093383789
vt 0.6825593113899231 0.625880241394043
vt 0.6799535155296326 0.6299374103546143
vt 0.4512341320514679 0.7658956050872803
vt 0.5195682048797607 0.7659014761447906
vt 0.44076040387153625 0.7815656661987305
vt 0.5300424098968506 0.7815711796283722
vt 0.43708446621894836 0.8000486493110657
vt 0.5337212085723877 0.8000540435314178
vt 0.5195715427398682 0.8342099785804749
vt 0.4512369930744171 0.8342001140117645
vt 0.5300443172454834 0.8185385763645172
vt 0.44076231122016907 0.8185306191444397
vt 0.3263593316078186 0.7617578208446503
vt 0.32465365529060364 0.7531823515892029
vt 0.3283672034740448 0.7621581852436066
vt 0.3263551890850067 0.7520427703857422
vt 0.3320746421813965 0.7606186270713806
vt 0.3303689658641815 0.7520431578159332
vt 0.3283613324165344 0.7516427934169769
vt 0.3303734064102173 0.7617582380771637
vt 0.3332117199897766 0.758912980556488
vt 0.3320719301700592 0.7531830072402954
vt 0.33361107110977173 0.7569008767604828
vt 0.333210825920105 0.7548887729644775
vt 0.3738187551498413 0.7525356113910675
vt 0.3840160369873047 0.750996321439743
vt 0.3829581141471863 0.7492395639419556
vt 0.3743131756782532 0.7505447268486023
vt 0.37412387132644653 0.7545638978481293
vt 0.3751819133758545 0.7563207745552063
vt 0.38382667303085327 0.7550152242183685
vt 0.38432103395462036 0.7530244290828705
vt 0.37882351875305176 0.7580316364765167
vt 0.3808515667915344 0.7577250003814697
vt 0.3826083540916443 0.7566657066345215
vt 0.3768322467803955 0.7575385570526123
vt 0.5106150507926941 0.5955284535884857
vt 0.5081340074539185 0.5970268547534943
vt 0.5066500306129456 0.5995162427425385
vt 0.5140932202339172 0.5950212478637695
vt 0.5061448812484741 0.6030045747756958
vt 0.5270258784294128 0.5949762165546417
vt 0.5140932202339172 0.5950212478637695
vt 0.5066500306129456 0.5995162427425385
vt 0.6141183972358704 0.6052863895893097
vt 0.6339513659477234 0.6054083108901978
vt 0.6339138150215149 0.6029585897922516
vt 0.6140366196632385 0.594948023557663
vt 0.6341981291770935 0.6992657482624054
vt 0.6342398524284363 0.6869289875030518
vt 0.6144387722015381 0.6872019469738007
vt 0.6142866015434265 0.7072793841362
vt 0.6297044157981873 0.7067434191703796
vt 0.6321874260902405 0.7052481770515442
vt 0.6336743831634521 0.7027606070041656
vt 0.6262253522872925 0.7072460353374481
vt 0.5058684945106506 0.6992035806179047
vt 0.5103185176849365 0.7066737413406372
vt 0.5138110518455505 0.7072140276432037
vt 0.5058918595314026 0.6869802474975586
vt 0.5063546299934387 0.7026847302913666
vt 0.5078380703926086 0.7051748037338257
vt 0.9048072099685669 0.3136866092681885
vt 0.9040819406509399 0.3154023289680481
vt 0.9051353931427002 0.3157534599304199
vt 0.9057453870773315 0.3142404556274414
vt 0.9040819406509399 0.3154023289680481
vt 0.9025465250015259 0.32241904735565186
vt 0.9036238193511963 0.32255852222442627
vt 0.9051353931427002 0.3157534599304199
vt 0.9025465250015259 0.32241904735565186
vt 0.9024065732955933 0.34318602085113525
vt 0.9035277366638184 0.3431379795074463
vt 0.9036238193511963 0.32255852222442627
vt 0.9024065732955933 0.34318602085113525
vt 0.9035912752151489 0.35339248180389404
vt 0.9046741724014282 0.35314762592315674
vt 0.9035277366638184 0.3431379795074463
vt 0.9053373336791992 0.3593500256538391
vt 0.9063318967819214 0.3589029908180237
vt 0.9065068960189819 0.3615471124649048
vt 0.9073549509048462 0.36095279455184937
vt 0.9079474210739136 0.3633701205253601
vt 0.9086791276931763 0.36267125606536865
vt 0.9096990823745728 0.36490052938461304
vt 0.9103306531906128 0.3640798330307007
vt 0.9118506908416748 0.36618220806121826
vt 0.9123255014419556 0.36520832777023315
vt 0.9180792570114136 0.3682715892791748
vt 0.9183434247970581 0.36722731590270996
vt 0.9305704832077026 0.3692590594291687
vt 0.9306604862213135 0.3681206703186035
vt 0.9458822011947632 0.3692553639411926
vt 0.9457880258560181 0.3681182265281677
vt 0.9584745168685913 0.36821985244750977
vt 0.958206057548523 0.3671790361404419
vt 0.9642642736434937 0.36622685194015503
vt 0.9637840986251831 0.36525672674179077
vt 0.9664052724838257 0.364928662776947
vt 0.9657689332962036 0.36411094665527344
vt 0.9681473970413208 0.3633894920349121
vt 0.9674116373062134 0.36269277334213257
vt 0.9695785045623779 0.36156076192855835
vt 0.9687273502349854 0.36096882820129395
vt 0.970740556716919 0.35936230421066284
vt 0.9697442054748535 0.3589169383049011
vt 0.9724780321121216 0.3534046411514282
vt 0.9713943004608154 0.35316044092178345
vt 0.9736647605895996 0.3432004451751709
vt 0.972543478012085 0.34315168857574463
vt 0.9736647605895996 0.3432004451751709
vt 0.9735308885574341 0.3224361538887024
vt 0.9724515676498413 0.3225736618041992
vt 0.972543478012085 0.34315168857574463
vt 0.9735308885574341 0.3224361538887024
vt 0.9720206260681152 0.3154171109199524
vt 0.9709652662277222 0.31576478481292725
vt 0.9724515676498413 0.3225736618041992
vt 0.9720206260681152 0.3154171109199524
vt 0.9713039398193359 0.31369948387145996
vt 0.9703627824783325 0.3142489790916443
vt 0.9709652662277222 0.31576478481292725
vt 0.9699385166168213 0.311626672744751
vt 0.9691494703292847 0.312296986579895
vt 0.9683386087417603 0.30994486808776855
vt 0.9676704406738281 0.3107062578201294
vt 0.9664624929428101 0.30857813358306885
vt 0.9658999443054199 0.30945026874542236
vt 0.9642248153686523 0.3074873685836792
vt 0.9638155698776245 0.3084966540336609
vt 0.9642248153686523 0.3074873685836792
vt 0.9583401679992676 0.30598121881484985
vt 0.9581124782562256 0.3070487976074219
vt 0.9638155698776245 0.3084966540336609
vt 0.9583401679992676 0.30598121881484985
vt 0.9458217620849609 0.30574262142181396
vt 0.9457429647445679 0.3069016933441162
vt 0.9581124782562256 0.3070487976074219
vt 0.9458217620849609 0.30574262142181396
vt 0.9306640625 0.30573761463165283
vt 0.9307389259338379 0.3068969249725342
vt 0.9457429647445679 0.3069016933441162
vt 0.9182510375976562 0.30595892667770386
vt 0.9184739589691162 0.3070303201675415
vt 0.9119243621826172 0.3075261116027832
vt 0.9123278856277466 0.3085387945175171
vt 0.909680962562561 0.30859845876693726
vt 0.9102376699447632 0.30947446823120117
vt 0.9077960252761841 0.30995023250579834
vt 0.908458948135376 0.31071579456329346
vt 0.9061850309371948 0.3116210103034973
vt 0.9069696664810181 0.3122956156730652
vt 0.9194622039794922 0.3623206615447998
vt 0.9144575595855713 0.36022084951400757
vt 0.9140845537185669 0.3612688183784485
vt 0.9192500114440918 0.36317574977874756
vt 0.9144575595855713 0.36022084951400757
vt 0.9132765531539917 0.35971730947494507
vt 0.9127627611160278 0.36061781644821167
vt 0.9140845537185669 0.3612688183784485
vt 0.9124306440353394 0.3590664267539978
vt 0.9117060899734497 0.35975873470306396
vt 0.9118192195892334 0.35818856954574585
vt 0.9109030961990356 0.3586552143096924
vt 0.9113713502883911 0.3569744825363159
vt 0.910324215888977 0.35728907585144043
vt 0.9099429845809937 0.35207074880599976
vt 0.9088867902755737 0.35226452350616455
vt 0.9089025259017944 0.3428840637207031
vt 0.9078387022018433 0.342917799949646
vt 0.9088832139968872 0.3231770992279053
vt 0.9078471660614014 0.32305294275283813
vt 0.9103677272796631 0.31728851795196533
vt 0.9092750549316406 0.31704461574554443
vt 0.9105713367462158 0.3165888786315918
vt 0.9095475673675537 0.31623363494873047
vt 0.9111509323120117 0.315435528755188
vt 0.9102843999862671 0.3149036765098572
vt 0.9118760824203491 0.3146352171897888
vt 0.9112194776535034 0.31388139724731445
vt 0.912804365158081 0.31407225131988525
vt 0.9123748540878296 0.3131299614906311
vt 0.9140534400939941 0.3136675953865051
vt 0.913772463798523 0.31260228157043457
vt 0.9140534400939941 0.3136675953865051
vt 0.9193549156188965 0.31234604120254517
vt 0.9191421270370483 0.311265230178833
vt 0.913772463798523 0.31260228157043457
vt 0.9193549156188965 0.31234604120254517
vt 0.9309713840484619 0.3123868703842163
vt 0.930874228477478 0.31128108501434326
vt 0.9191421270370483 0.311265230178833
vt 0.9454993009567261 0.31238865852355957
vt 0.9456017017364502 0.3112846612930298
vt 0.9454993009567261 0.31238865852355957
vt 0.9572131633758545 0.31234943866729736
vt 0.9574300050735474 0.31127458810806274
vt 0.9456017017364502 0.3112846612930298
vt 0.9572131633758545 0.31234943866729736
vt 0.9620624780654907 0.3136153221130371
vt 0.9623490571975708 0.31255143880844116
vt 0.9574300050735474 0.31127458810806274
vt 0.9633074998855591 0.314034104347229
vt 0.9637435674667358 0.31309443712234497
vt 0.964231014251709 0.31460869312286377
vt 0.9648933410644531 0.3138585090637207
vt 0.964950680732727 0.3154180645942688
vt 0.965821385383606 0.31489038467407227
vt 0.9655247926712036 0.3165785074234009
vt 0.9665511846542358 0.3162273168563843
vt 0.9657269716262817 0.31728315353393555
vt 0.9668205976486206 0.31704258918762207
vt 0.9657269716262817 0.31728315353393555
vt 0.9671841859817505 0.323183536529541
vt 0.9682233333587646 0.32306110858917236
vt 0.9668205976486206 0.31704258918762207
vt 0.9671841859817505 0.323183536529541
vt 0.9671660661697388 0.3428953289985657
vt 0.9682314395904541 0.3429299592971802
vt 0.9682233333587646 0.32306110858917236
vt 0.9671660661697388 0.3428953289985657
vt 0.966120719909668 0.35208624601364136
vt 0.9671790599822998 0.3522796034812927
vt 0.9682314395904541 0.3429299592971802
vt 0.9646984338760376 0.3569967746734619
vt 0.9657471179962158 0.35731005668640137
vt 0.964249849319458 0.35821592807769775
vt 0.9651695489883423 0.35868096351623535
vt 0.9636389017105103 0.35909998416900635
vt 0.9643696546554565 0.3597906231880188
vt 0.9627948999404907 0.359760582447052
vt 0.9633177518844604 0.36065971851348877
vt 0.9616177082061768 0.3602805733680725
vt 0.9620013236999512 0.36132699251174927
vt 0.9616177082061768 0.3602805733680725
vt 0.957068681716919 0.36230528354644775
vt 0.9572831392288208 0.3631429672241211
vt 0.9620013236999512 0.36132699251174927
vt 0.957068681716919 0.36230528354644775
vt 0.9454296827316284 0.3624805808067322
vt 0.9455311298370361 0.36370277404785156
vt 0.9572831392288208 0.3631429672241211
vt 0.9310026168823242 0.3624832034111023
vt 0.9309066534042358 0.3637043237686157
vt 0.9194622039794922 0.3623206615447998
vt 0.9192500114440918 0.36317574977874756
vt 0.9196258783340454 0.36154526472091675
vt 0.9147919416427612 0.35938358306884766
vt 0.9144575595855713 0.36022084951400757
vt 0.9194622039794922 0.3623206615447998
vt 0.9137223958969116 0.3589567542076111
vt 0.9132765531539917 0.35971730947494507
vt 0.9130576848983765 0.35846710205078125
vt 0.9124306440353394 0.3590664267539978
vt 0.9125970602035522 0.35778433084487915
vt 0.9118192195892334 0.35818856954574585
vt 0.9122259616851807 0.35670924186706543
vt 0.9113713502883911 0.3569744825363159
vt 0.9108164310455322 0.3519117832183838
vt 0.9099429845809937 0.35207074880599976
vt 0.9097855091094971 0.34284424781799316
vt 0.9089025259017944 0.3428840637207031
vt 0.9097546339035034 0.32327890396118164
vt 0.9088832139968872 0.3231770992279053
vt 0.9112404584884644 0.3175126910209656
vt 0.9103677272796631 0.31728851795196533
vt 0.9114047288894653 0.3169066905975342
vt 0.9105713367462158 0.3165888786315918
vt 0.9118810892105103 0.31591153144836426
vt 0.9111509323120117 0.315435528755188
vt 0.9124356508255005 0.31529808044433594
vt 0.9118760824203491 0.3146352171897888
vt 0.913171648979187 0.31487321853637695
vt 0.912804365158081 0.31407225131988525
vt 0.9142880439758301 0.3145334720611572
vt 0.9140534400939941 0.3136675953865051
vt 0.9194811582565308 0.3132372498512268
vt 0.9193549156188965 0.31234604120254517
vt 0.9310001134872437 0.3132871985435486
vt 0.9309713840484619 0.3123868703842163
vt 0.9454687833786011 0.31328797340393066
vt 0.9454993009567261 0.31238865852355957
vt 0.9570826292037964 0.31323742866516113
vt 0.9572131633758545 0.31234943866729736
vt 0.9618200063705444 0.3144789934158325
vt 0.9620624780654907 0.3136153221130371
vt 0.9629324674606323 0.31483161449432373
vt 0.9633074998855591 0.314034104347229
vt 0.9636651277542114 0.3152669668197632
vt 0.964231014251709 0.31460869312286377
vt 0.9642164707183838 0.3158894181251526
vt 0.964950680732727 0.3154180645942688
vt 0.9646893739700317 0.3168923258781433
vt 0.9655247926712036 0.3165785074234009
vt 0.964853048324585 0.31750380992889404
vt 0.9657269716262817 0.31728315353393555
vt 0.9663114547729492 0.3232835531234741
vt 0.9671841859817505 0.323183536529541
vt 0.9662822484970093 0.3428550958633423
vt 0.9671660661697388 0.3428953289985657
vt 0.9652464389801025 0.35192763805389404
vt 0.966120719909668 0.35208624601364136
vt 0.9638432264328003 0.3567326068878174
vt 0.9646984338760376 0.3569967746734619
vt 0.9634699821472168 0.35781311988830566
vt 0.964249849319458 0.35821592807769775
vt 0.9630070924758911 0.35850322246551514
vt 0.9636389017105103 0.35909998416900635
vt 0.9623403549194336 0.35900306701660156
vt 0.9627948999404907 0.359760582447052
vt 0.9612696170806885 0.3594481348991394
vt 0.9616177082061768 0.3602805733680725
vt 0.95689857006073 0.36154067516326904
vt 0.957068681716919 0.36230528354644775
vt 0.9454008340835571 0.36152082681655884
vt 0.9454296827316284 0.3624805808067322
vt 0.9310296773910522 0.3615240454673767
vt 0.9310026168823242 0.3624832034111023
vt 0.9183434247970581 0.36722731590270996
vt 0.9192500114440918 0.36317574977874756
vt 0.9140845537185669 0.3612688183784485
vt 0.9123255014419556 0.36520832777023315
vt 0.9306604862213135 0.3681206703186035
vt 0.9309066534042358 0.3637043237686157
vt 0.9457880258560181 0.3681182265281677
vt 0.9455311298370361 0.36370277404785156
vt 0.958206057548523 0.3671790361404419
vt 0.9572831392288208 0.3631429672241211
vt 0.9637840986251831 0.36525672674179077
vt 0.9620013236999512 0.36132699251174927
vt 0.9657689332962036 0.36411094665527344
vt 0.9633177518844604 0.36065971851348877
vt 0.9674116373062134 0.36269277334213257
vt 0.9643696546554565 0.3597906231880188
vt 0.9687273502349854 0.36096882820129395
vt 0.9651695489883423 0.35868096351623535
vt 0.9697442054748535 0.3589169383049011
vt 0.9657471179962158 0.35731005668640137
vt 0.9713943004608154 0.35316044092178345
vt 0.9671790599822998 0.3522796034812927
vt 0.972543478012085 0.34315168857574463
vt 0.9682314395904541 0.3429299592971802
vt 0.9724515676498413 0.3225736618041992
vt 0.9682233333587646 0.32306110858917236
vt 0.9709652662277222 0.31576478481292725
vt 0.9668205976486206 0.31704258918762207
vt 0.9703627824783325 0.3142489790916443
vt 0.9665511846542358 0.3162273168563843
vt 0.9691494703292847 0.312296986579895
vt 0.965821385383606 0.31489038467407227
vt 0.9676704406738281 0.3107062578201294
vt 0.9648933410644531 0.3138585090637207
vt 0.9658999443054199 0.30945026874542236
vt 0.9637435674667358 0.31309443712234497
vt 0.9638155698776245 0.3084966540336609
vt 0.9623490571975708 0.31255143880844116
vt 0.9581124782562256 0.3070487976074219
vt 0.9574300050735474 0.31127458810806274
vt 0.9457429647445679 0.3069016933441162
vt 0.9456017017364502 0.3112846612930298
vt 0.9307389259338379 0.3068969249725342
vt 0.930874228477478 0.31128108501434326
vt 0.9184739589691162 0.3070303201675415
vt 0.9191421270370483 0.311265230178833
vt 0.9123278856277466 0.3085387945175171
vt 0.913772463798523 0.31260228157043457
vt 0.9102376699447632 0.30947446823120117
vt 0.9123748540878296 0.3131299614906311
vt 0.908458948135376 0.31071579456329346
vt 0.9112194776535034 0.31388139724731445
vt 0.9069696664810181 0.3122956156730652
vt 0.9102843999862671 0.3149036765098572
vt 0.9057453870773315 0.3142404556274414
vt 0.9095475673675537 0.31623363494873047
vt 0.9051353931427002 0.3157534599304199
vt 0.9092750549316406 0.31704461574554443
vt 0.9036238193511963 0.32255852222442627
vt 0.9078471660614014 0.32305294275283813
vt 0.9035277366638184 0.3431379795074463
vt 0.9078387022018433 0.342917799949646
vt 0.9046741724014282 0.35314762592315674
vt 0.9088867902755737 0.35226452350616455
vt 0.9063318967819214 0.3589029908180237
vt 0.910324215888977 0.35728907585144043
vt 0.9073549509048462 0.36095279455184937
vt 0.9109030961990356 0.3586552143096924
vt 0.9086791276931763 0.36267125606536865
vt 0.9117060899734497 0.35975873470306396
vt 0.9103306531906128 0.3640798330307007
vt 0.9127627611160278 0.36061781644821167
vt 0.5267120599746704 0.6650041341781616
vt 0.5412431955337524 0.6390360891819
vt 0.5395104289054871 0.6390458345413208
vt 0.5412543416023254 0.6247551739215851
vt 0.5269302725791931 0.6200915575027466
vt 0.539548397064209 0.6247654259204865
vt 0.5869302749633789 0.6649929881095886
vt 0.6144120097160339 0.6649749279022217
vt 0.601589024066925 0.6390235424041748
vt 0.5996342897415161 0.6390109658241272
vt 0.6141469478607178 0.6200632154941559
vt 0.6015344858169556 0.6247431933879852
vt 0.601589024066925 0.6390235424041748
vt 0.6141469478607178 0.6200632154941559
vt 0.5869626998901367 0.620059072971344
vt 0.5996068716049194 0.6247296929359436
vt 0.6015344858169556 0.6247431933879852
vt 0.5996342897415161 0.6390109658241272
vt 0.5996068716049194 0.6247296929359436
vt 0.5154271721839905 0.5751516222953796
vt 0.5215561985969543 0.5751516222953796
vt 0.518929660320282 0.5725250840187073
vt 0.5180537104606628 0.5725250840187073
vt 0.5215561985969543 0.5751516222953796
vt 0.5215561985969543 0.547709584236145
vt 0.518929660320282 0.5503361225128174
vt 0.518929660320282 0.5725250840187073
vt 0.5215561985969543 0.547709584236145
vt 0.5154271721839905 0.547709584236145
vt 0.5180537104606628 0.5503361225128174
vt 0.518929660320282 0.5503361225128174
vt 0.5154271721839905 0.547709584236145
vt 0.5154271721839905 0.5751516222953796
vt 0.5180537104606628 0.5725250840187073
vt 0.5180537104606628 0.5503361225128174
vt 0.526063859462738 0.5756005644798279
vt 0.5325810313224792 0.5756006240844727
vt 0.529947817325592 0.5729672908782959
vt 0.5286973118782043 0.5729672312736511
vt 0.5325810313224792 0.5756006240844727
vt 0.5325810313224792 0.5480873584747314
vt 0.529947817325592 0.5507207214832306
vt 0.529947817325592 0.5729672908782959
vt 0.5325810313224792 0.5480873584747314
vt 0.526063859462738 0.5480874180793762
vt 0.5286973118782043 0.550720751285553
vt 0.529947817325592 0.5507207214832306
vt 0.526063859462738 0.5480874180793762
vt 0.526063859462738 0.5756005644798279
vt 0.5286973118782043 0.5729672312736511
vt 0.5286973118782043 0.550720751285553
vt 0.6971927285194397 0.5048224627971649
vt 0.6940110325813293 0.5050988793373108
vt 0.6909405589103699 0.5059041976928711
vt 0.688069760799408 0.5072131752967834
vt 0.6854745745658875 0.5090638995170593
vt 0.6832975149154663 0.5116644501686096
vt 0.6831478476524353 0.5184663236141205
vt 0.6861096024513245 0.5210674405097961
vt 0.689549446105957 0.5227730870246887
vt 0.6932967305183411 0.5237743854522705
vt 0.697206974029541 0.5241072773933411
vt 0.7011169791221619 0.52376988530159
vt 0.7048633694648743 0.5227642953395844
vt 0.7083016633987427 0.5210545063018799
vt 0.7112601399421692 0.5184496641159058
vt 0.711100697517395 0.5116360187530518
vt 0.7089183926582336 0.5090399384498596
vt 0.7063196897506714 0.5071946382522583
vt 0.7034466862678528 0.5058912634849548
vt 0.7003747820854187 0.5050923526287079
vt 0.6971867680549622 0.4998413920402527
vt 0.6931644678115845 0.5001137852668762
vt 0.6891797184944153 0.5009094178676605
vt 0.6852580904960632 0.5022087395191193
vt 0.6814064383506775 0.5040448307991028
vt 0.6775988936424255 0.5066050291061401
vt 0.6777687668800354 0.5246967673301697
vt 0.6825057864189148 0.527077704668045
vt 0.6873301863670349 0.5286212861537933
vt 0.6922447085380554 0.5295167863368988
vt 0.6972109079360962 0.5298115313053131
vt 0.7021766901016235 0.5295105874538422
vt 0.7070902585983276 0.5286091566085815
vt 0.7119132876396179 0.5270595848560333
vt 0.7166474461555481 0.5246726870536804
vt 0.7167885899543762 0.5065644085407257
vt 0.7129755616188049 0.5040121078491211
vt 0.7091200947761536 0.5021837651729584
vt 0.7051958441734314 0.5008921921253204
vt 0.7012094259262085 0.5001049935817719
vt 0.697181224822998 0.4949592351913452
vt 0.692683756351471 0.49519312381744385
vt 0.6881669163703918 0.4958564043045044
vt 0.6835970878601074 0.4968721866607666
vt 0.6789022088050842 0.49816739559173584
vt 0.6739028692245483 0.49972838163375854
vt 0.6745811700820923 0.5325337946414948
vt 0.6804874539375305 0.5337371826171875
vt 0.6861386299133301 0.5346223413944244
vt 0.6916947960853577 0.5351919233798981
vt 0.6972145438194275 0.535388857126236
vt 0.7027339935302734 0.5351848304271698
vt 0.7082897424697876 0.5346082746982574
vt 0.713940441608429 0.5337158143520355
vt 0.7198455929756165 0.5325064659118652
vt 0.7204699516296387 0.4996805787086487
vt 0.715467095375061 0.49812984466552734
vt 0.7107689380645752 0.4968441128730774
vt 0.7061969041824341 0.49583661556243896
vt 0.7016790509223938 0.4951831102371216
vt 0.6971760392189026 0.49006348848342896
vt 0.6925257444381714 0.4902481436729431
vt 0.6878340244293213 0.4907408356666565
vt 0.6830552816390991 0.49136823415756226
vt 0.6781087517738342 0.4919145703315735
vt 0.672829806804657 0.4920491576194763
vt 0.6741225719451904 0.5409850478172302
vt 0.6801709532737732 0.5406309068202972
vt 0.6859627366065979 0.5406984984874725
vt 0.6916216015815735 0.5408837199211121
vt 0.697218120098114 0.54096919298172
vt 0.7028144001960754 0.5408765077590942
vt 0.708473265171051 0.5406838953495026
vt 0.714264452457428 0.5406090915203094
vt 0.7203129529953003 0.5409570336341858
vt 0.7215270400047302 0.4920000433921814
vt 0.7162474393844604 0.4918760657310486
vt 0.7112981677055359 0.4913405776023865
vt 0.7065178751945496 0.4907190203666687
vt 0.7018263936042786 0.49023735523223877
vt 0.6971713304519653 0.48502522706985474
vt 0.6926430463790894 0.48516643047332764
vt 0.6881059408187866 0.4855107069015503
vt 0.6835307478904724 0.48582524061203003
vt 0.678908109664917 0.48575764894485474
vt 0.6742891669273376 0.48475968837738037
vt 0.6762932538986206 0.5488880574703217
vt 0.6814664006233215 0.5473570823669434
vt 0.6867277026176453 0.5468066036701202
vt 0.6919850707054138 0.5467039346694946
vt 0.6972218155860901 0.5467062890529633
vt 0.7024586200714111 0.5466970503330231
vt 0.7077158689498901 0.5467929840087891
vt 0.7129778265953064 0.5473369657993317
vt 0.7181528806686401 0.5488617718219757
vt 0.7200538516044617 0.48471367359161377
vt 0.7154372930526733 0.4857208728790283
vt 0.7108160853385925 0.48579859733581543
vt 0.7062397599220276 0.48548978567123413
vt 0.7017004489898682 0.4851558804512024
vt 0.6971661448478699 0.479755699634552
vt 0.6929132342338562 0.4798690676689148
vt 0.6887354850769043 0.4801294803619385
vt 0.6846892833709717 0.4803123474121094
vt 0.6808614730834961 0.48001646995544434
vt 0.6774852871894836 0.4786883592605591
vt 0.6802701354026794 0.5554240643978119
vt 0.6839756369590759 0.553635835647583
vt 0.6882147789001465 0.5529252588748932
vt 0.6926782131195068 0.5527396500110626
vt 0.6972257494926453 0.5527161657810211
vt 0.7017732858657837 0.5527336597442627
vt 0.7062369585037231 0.5529135167598724
vt 0.7104765772819519 0.553618848323822
vt 0.7141845226287842 0.5554024279117584
vt 0.7168459296226501 0.4786485433578491
vt 0.7134724259376526 0.47998344898223877
vt 0.7096450924873352 0.4802865982055664
vt 0.7055984139442444 0.48011142015457153
vt 0.7014194130897522 0.47985947132110596
vt 0.6971595287322998 0.47349655628204346
vt 0.6930873394012451 0.473594069480896
vt 0.6893049478530884 0.4738216996192932
vt 0.6860644221305847 0.47402727603912354
vt 0.683533251285553 0.4739813804626465
vt 0.6818150877952576 0.47334742546081543
vt 0.6855425834655762 0.5611283481121063
vt 0.6874055862426758 0.5602551102638245
vt 0.6901276707649231 0.5599474310874939
vt 0.6934968829154968 0.5598773062229156
vt 0.6972302794456482 0.5598711669445038
vt 0.7009638547897339 0.5598722994327545
vt 0.7043328285217285 0.5599380433559418
vt 0.7070551514625549 0.5602422952651978
vt 0.7089194655418396 0.5611132085323334
vt 0.7125055193901062 0.4733160734176636
vt 0.7107887268066406 0.47395336627960205
vt 0.7082573175430298 0.4740040898323059
vt 0.7050158977508545 0.4738048315048218
vt 0.7012321352958679 0.4735850691795349
vt 0.7760272026062012 0.5908969044685364
vt 0.7730981707572937 0.5908969044685364
vt 0.7730982899665833 0.6192972362041473
vt 0.7760272026062012 0.6192972362041473
vt 0.7701697945594788 0.5908969044685364
vt 0.7701697945594788 0.6192972362041473
vt 0.7672415971755981 0.5908969044685364
vt 0.7672415971755981 0.6192972362041473
vt 0.7643139362335205 0.5908969044685364
vt 0.7643139362335205 0.6192972362041473
vt 0.7613864541053772 0.5908969044685364
vt 0.7613864541053772 0.6192972362041473
vt 0.7584589719772339 0.5908969044685364
vt 0.7584589719772339 0.6192972362041473
vt 0.7555310130119324 0.5908969044685364
vt 0.7555310130119324 0.6192972362041473
vt 0.7526026368141174 0.5908969044685364
vt 0.7526026368141174 0.6192972362041473
vt 0.7496739029884338 0.5908969044685364
vt 0.7496739029884338 0.6192972362041473
vt 0.7467447519302368 0.5908969044685364
vt 0.7467447519302368 0.6192972362041473
vt 0.743815004825592 0.5908969044685364
vt 0.743815004825592 0.6192972362041473
vt 0.740885317325592 0.5908969044685364
vt 0.740885317325592 0.6192972362041473
vt 0.7379547953605652 0.5908969044685364
vt 0.7379547953605652 0.6192972362041473
vt 0.7350242733955383 0.5908969044685364
vt 0.7350242733955383 0.6192972362041473
vt 0.7877469062805176 0.5908969044685364
vt 0.7848161458969116 0.5908969044685364
vt 0.7848161458969116 0.6192972362041473
vt 0.7877469062805176 0.6192972362041473
vt 0.7818862199783325 0.5908969044685364
vt 0.7818862199783325 0.6192972362041473
vt 0.7789565324783325 0.5908969044685364
vt 0.7789565324783325 0.6192972362041473
vt 0.6959564089775085 0.7416066825389862
vt 0.6952722072601318 0.7377255856990814
vt 0.6942054629325867 0.7381139993667603
vt 0.6948205828666687 0.7416066229343414
vt 0.6933003664016724 0.7343111932277679
vt 0.6924333572387695 0.7350411713123322
vt 0.6902710199356079 0.7317875623703003
vt 0.6897052526473999 0.7327722311019897
vt 0.6865664720535278 0.7304406464099884
vt 0.6863701343536377 0.731557697057724
vt 0.6826246380805969 0.730440765619278
vt 0.6828210949897766 0.7315577566623688
vt 0.6789202690124512 0.7317880094051361
vt 0.6794861555099487 0.7327726185321808
vt 0.6758913397789001 0.7343122065067291
vt 0.6767584085464478 0.735042005777359
vt 0.6739200949668884 0.7377268671989441
vt 0.6749871969223022 0.7381153404712677
vt 0.6732348799705505 0.7416079342365265
vt 0.6743704080581665 0.7416077554225922
vt 0.6739197969436646 0.7454890310764313
vt 0.6749866604804993 0.7450999915599823
vt 0.67589271068573 0.7489022314548492
vt 0.6767594218254089 0.7481713593006134
vt 0.6789233088493347 0.751422792673111
vt 0.6794887781143188 0.7504375278949738
vt 0.6826266646385193 0.7527688443660736
vt 0.6828232407569885 0.7516515851020813
vt 0.6865673661231995 0.7527687847614288
vt 0.6863706707954407 0.7516515851020813
vt 0.6902706623077393 0.7514224946498871
vt 0.6897051334381104 0.750437319278717
vt 0.6933008432388306 0.7489012777805328
vt 0.6924340128898621 0.7481705844402313
vt 0.6952733397483826 0.7454879283905029
vt 0.6942065954208374 0.7450992166996002
vt 0.6932893395423889 0.7416046559810638
vt 0.6927677989006042 0.7386346757411957
vt 0.6925487518310547 0.7387140691280365
vt 0.6930626630783081 0.741603821516037
vt 0.6912660598754883 0.7360197007656097
vt 0.6910806894302368 0.7361728250980377
vt 0.6889438033103943 0.7340910136699677
vt 0.6888277530670166 0.7342884838581085
vt 0.686106264591217 0.7330522537231445
vt 0.6860650181770325 0.7332856059074402
vt 0.6830851435661316 0.7330523729324341
vt 0.6831266283988953 0.7332856953144073
vt 0.6802477240562439 0.7340913116931915
vt 0.6803637742996216 0.7342888414859772
vt 0.6779259443283081 0.7360203862190247
vt 0.6781110167503357 0.7361733913421631
vt 0.6764242053031921 0.7386355698108673
vt 0.6766433715820312 0.7387147843837738
vt 0.6759026050567627 0.7416054904460907
vt 0.6761295795440674 0.7416045963764191
vt 0.6764243841171265 0.7445748150348663
vt 0.6766437292098999 0.7444938719272614
vt 0.6779265999794006 0.7471890151500702
vt 0.6781121492385864 0.7470342516899109
vt 0.6802495121955872 0.7491162419319153
vt 0.6803655624389648 0.7489174604415894
vt 0.6830868124961853 0.7501547634601593
vt 0.6831279993057251 0.7499202489852905
vt 0.6861067414283752 0.7501547038555145
vt 0.6860653758049011 0.7499201893806458
vt 0.6889438033103943 0.749116063117981
vt 0.6888275146484375 0.7489171922206879
vt 0.6912663578987122 0.7471884191036224
vt 0.6910806894302368 0.7470336854457855
vt 0.6927680373191833 0.744574099779129
vt 0.6925487518310547 0.7444930672645569
vt 0.6930626630783081 0.741603821516037
vt 0.6925487518310547 0.7387140691280365
vt 0.6918177604675293 0.7389804720878601
vt 0.692295253276825 0.7416028082370758
vt 0.6910806894302368 0.7361728250980377
vt 0.69048672914505 0.7366705536842346
vt 0.6888277530670166 0.7342884838581085
vt 0.6884399652481079 0.7349596321582794
vt 0.6860650181770325 0.7332856059074402
vt 0.685930609703064 0.7340492904186249
vt 0.6831266283988953 0.7332856953144073
vt 0.6832610368728638 0.7340494096279144
vt 0.6803637742996216 0.7342888414859772
vt 0.6807515621185303 0.7349598109722137
vt 0.6781110167503357 0.7361733913421631
vt 0.6787049174308777 0.7366710007190704
vt 0.6766433715820312 0.7387147843837738
vt 0.6773742437362671 0.738981157541275
vt 0.6761295795440674 0.7416045963764191
vt 0.676896870136261 0.7416035234928131
vt 0.6766437292098999 0.7444938719272614
vt 0.6773743629455566 0.7442254722118378
vt 0.6781121492385864 0.7470342516899109
vt 0.6787059307098389 0.7465347349643707
vt 0.6803655624389648 0.7489174604415894
vt 0.680753767490387 0.7482444047927856
vt 0.6831279993057251 0.7499202489852905
vt 0.6832623481750488 0.749155193567276
vt 0.6860653758049011 0.7499201893806458
vt 0.685930609703064 0.7491551339626312
vt 0.6888275146484375 0.7489171922206879
vt 0.6884390711784363 0.7482441365718842
vt 0.6910806894302368 0.7470336854457855
vt 0.69048672914505 0.7465342283248901
vt 0.6925487518310547 0.7444930672645569
vt 0.6918178796768188 0.7442247569561005
vt 0.6938214898109436 0.7416054904460907
vt 0.6932694911956787 0.7384553551673889
vt 0.6916790008544922 0.7356758117675781
vt 0.689208984375 0.7336343228816986
vt 0.6861998438835144 0.7325281500816345
vt 0.6829915642738342 0.7325282096862793
vt 0.6799824237823486 0.7336345016956329
vt 0.6775130033493042 0.7356766164302826
vt 0.6759231090545654 0.7384566068649292
vt 0.675369143486023 0.7416064739227295
vt 0.6759229898452759 0.7447559535503387
vt 0.6775136590003967 0.7475346326828003
vt 0.6799852252006531 0.7495737671852112
vt 0.682993471622467 0.7506798803806305
vt 0.6862003207206726 0.7506798803806305
vt 0.6892085075378418 0.7495737075805664
vt 0.6916795372962952 0.7475339472293854
vt 0.6932700276374817 0.7447552978992462
vt 0.6942529082298279 0.7416061758995056
vt 0.6936730742454529 0.7383078038692474
vt 0.692003071308136 0.7354029417037964
vt 0.6894226670265198 0.733263224363327
vt 0.6862727403640747 0.7321119010448456
vt 0.6829184889793396 0.7321119010448456
vt 0.6797688603401184 0.7332634925842285
vt 0.6771887540817261 0.7354037761688232
vt 0.6755200624465942 0.7383091151714325
vt 0.6749370694160461 0.7416072487831116
vt 0.6755193471908569 0.7449051141738892
vt 0.6771895885467529 0.7478086352348328
vt 0.6797716021537781 0.749945729970932
vt 0.6829206943511963 0.7510969340801239
vt 0.6862731575965881 0.7510969340801239
vt 0.6894223093986511 0.7499456703662872
vt 0.6920036673545837 0.7478079497814178
vt 0.6936739683151245 0.744904488325119
vt 0.6914356350898743 0.7415993809700012
vt 0.6910240054130554 0.7392686903476715
vt 0.6903372406959534 0.7395189702510834
vt 0.6907028555870056 0.7415985763072968
vt 0.6898391842842102 0.7372153699398041
vt 0.6892820596694946 0.7376856505870819
vt 0.6880210638046265 0.7356878519058228
vt 0.6876590847969055 0.7363191246986389
vt 0.685786247253418 0.7348736226558685
vt 0.6856608390808105 0.7355894446372986
vt 0.6834052801132202 0.7348736524581909
vt 0.6835306882858276 0.7355895042419434
vt 0.6811703443527222 0.7356879711151123
vt 0.6815324425697327 0.7363192439079285
vt 0.679352343082428 0.7372155785560608
vt 0.6799095869064331 0.7376857697963715
vt 0.6781675815582275 0.7392689883708954
vt 0.6788544058799744 0.7395192086696625
vt 0.677756130695343 0.741599828004837
vt 0.6784889101982117 0.7415988743305206
vt 0.6781678199768066 0.7439309060573578
vt 0.6788545846939087 0.7436786592006683
vt 0.6793528199195862 0.7459844052791595
vt 0.679909884929657 0.7455125451087952
vt 0.6811711192131042 0.7475120425224304
vt 0.6815328598022461 0.7468793094158173
vt 0.6834061741828918 0.7483263909816742
vt 0.6835311055183411 0.7476091384887695
vt 0.6857864856719971 0.7483263313770294
vt 0.6856609582901001 0.7476090788841248
vt 0.688021183013916 0.7475118637084961
vt 0.6876590847969055 0.7468791902065277
vt 0.6898393034934998 0.7459841370582581
vt 0.6892820596694946 0.7455123662948608
vt 0.6910242438316345 0.7439304888248444
vt 0.6903373599052429 0.7436784207820892
vt 0.6918081045150757 0.7416003942489624
vt 0.6913609504699707 0.7391472160816193
vt 0.6901156306266785 0.7369831204414368
vt 0.6882003545761108 0.7353768646717072
vt 0.6858478784561157 0.7345213294029236
vt 0.6833434700965881 0.7345213890075684
vt 0.6809911727905273 0.7353769540786743
vt 0.6790759563446045 0.7369833588600159
vt 0.6778308153152466 0.7391476333141327
vt 0.6773837804794312 0.7416010797023773
vt 0.6778309345245361 0.744054526090622
vt 0.679076611995697 0.7462184429168701
vt 0.6809924244880676 0.7478243410587311
vt 0.6833445429801941 0.7486801147460938
vt 0.6858481168746948 0.7486800849437714
vt 0.6882002353668213 0.747824102640152
vt 0.6901156902313232 0.7462181150913239
vt 0.6913611888885498 0.744053989648819
vt 0.6920374631881714 0.7416016757488251
vt 0.6915669441223145 0.7390712797641754
vt 0.6902849674224854 0.7368396818637848
vt 0.6883086562156677 0.7351867854595184
vt 0.685884952545166 0.7343071103096008
vt 0.6833065748214722 0.7343071699142456
vt 0.6808827519416809 0.735186904668808
vt 0.6789066791534424 0.7368400394916534
vt 0.6776250004768372 0.7390718460083008
vt 0.6771544814109802 0.7416024208068848
vt 0.6776250004768372 0.7441326379776001
vt 0.678907573223114 0.7463637888431549
vt 0.6808847784996033 0.7480156719684601
vt 0.6833077073097229 0.748895913362503
vt 0.6858851909637451 0.7488958537578583
vt 0.6883080005645752 0.748015433549881
vt 0.6902849674224854 0.7463633418083191
vt 0.6915671825408936 0.7441319525241852
vt 0.6935264468193054 0.6825845241546631
vt 0.6928429007530212 0.6787033975124359
vt 0.6917760372161865 0.6790917813777924
vt 0.6923908591270447 0.6825845241546631
vt 0.6908712983131409 0.6752889752388
vt 0.690004289150238 0.6760188341140747
vt 0.6878419518470764 0.6727651059627533
vt 0.6872761845588684 0.6737497746944427
vt 0.6841374039649963 0.6714182198047638
vt 0.6839409470558167 0.672535240650177
vt 0.6801955699920654 0.6714183390140533
vt 0.6803920269012451 0.6725353598594666
vt 0.6764912009239197 0.6727656722068787
vt 0.6770572066307068 0.6737503409385681
vt 0.6734622716903687 0.6752899289131165
vt 0.6743295788764954 0.6760197281837463
vt 0.671491265296936 0.6787045300006866
vt 0.6725583672523499 0.6790930032730103
vt 0.6708065271377563 0.6825855374336243
vt 0.671941876411438 0.6825854182243347
vt 0.671491801738739 0.6864665448665619
vt 0.6725587844848633 0.6860775649547577
vt 0.6734641790390015 0.6898800730705261
vt 0.6743311285972595 0.6891497671604156
vt 0.6764937043190002 0.6924029886722565
vt 0.6770595908164978 0.6914179623126984
vt 0.6801971197128296 0.6937505602836609
vt 0.6803936958312988 0.692633330821991
vt 0.684138298034668 0.6937505006790161
vt 0.6839414834976196 0.692633330821991
vt 0.6878417134284973 0.6924028694629669
vt 0.6872757077217102 0.6914179623126984
vt 0.6908707618713379 0.6898795068264008
vt 0.6900035738945007 0.6891492605209351
vt 0.6928426623344421 0.6864657402038574
vt 0.6917757987976074 0.6860769987106323
vt 0.690859854221344 0.6825827360153198
vt 0.6903383731842041 0.6796127259731293
vt 0.690119206905365 0.6796921193599701
vt 0.6906329989433289 0.6825819313526154
vt 0.6888367533683777 0.6769976615905762
vt 0.6886515021324158 0.6771508157253265
vt 0.6865147352218628 0.6750687956809998
vt 0.6863986849784851 0.6752665042877197
vt 0.6836771965026855 0.6740300357341766
vt 0.6836358308792114 0.6742634773254395
vt 0.6806560754776001 0.6740300357341766
vt 0.6806974411010742 0.6742634773254395
vt 0.6778186559677124 0.6750690340995789
vt 0.6779347062110901 0.6752665936946869
vt 0.6754968762397766 0.6769982278347015
vt 0.6756819486618042 0.6771512627601624
vt 0.673995316028595 0.6796134114265442
vt 0.6742145419120789 0.679692804813385
vt 0.6734740138053894 0.6825833916664124
vt 0.6737009286880493 0.6825826168060303
vt 0.6739959120750427 0.6855531632900238
vt 0.6742153167724609 0.6854723691940308
vt 0.6754980087280273 0.6881682872772217
vt 0.675683319568634 0.6880136728286743
vt 0.6778204441070557 0.6900970041751862
vt 0.6779363751411438 0.6898979842662811
vt 0.6806576251983643 0.691135972738266
vt 0.6806986927986145 0.690901517868042
vt 0.6836774349212646 0.691135972738266
vt 0.6836361885070801 0.6909014582633972
vt 0.6865144968032837 0.6900968849658966
vt 0.6863983273506165 0.6898978352546692
vt 0.688836395740509 0.6881678998470306
vt 0.6886512041091919 0.6880132853984833
vt 0.6903382539749146 0.685552716255188
vt 0.6901188492774963 0.6854717433452606
vt 0.6906329989433289 0.6825819313526154
vt 0.690119206905365 0.6796921193599701
vt 0.6893883347511292 0.6799586415290833
vt 0.6898655891418457 0.6825810372829437
vt 0.6886515021324158 0.6771508157253265
vt 0.6880576610565186 0.6776486039161682
vt 0.6863986849784851 0.6752665042877197
vt 0.6860108971595764 0.6759377419948578
vt 0.6836358308792114 0.6742634773254395
vt 0.6835015416145325 0.6750273108482361
vt 0.6806974411010742 0.6742634773254395
vt 0.6808318495750427 0.6750273108482361
vt 0.6779347062110901 0.6752665936946869
vt 0.678322434425354 0.6759377419948578
vt 0.6756819486618042 0.6771512627601624
vt 0.6762759685516357 0.6776489019393921
vt 0.6742145419120789 0.679692804813385
vt 0.6749454736709595 0.6799592077732086
vt 0.6737009286880493 0.6825826168060303
vt 0.6744683384895325 0.6825817227363586
vt 0.6742153167724609 0.6854723691940308
vt 0.6749462485313416 0.6852039992809296
vt 0.675683319568634 0.6880136728286743
vt 0.6762773394584656 0.6875141859054565
vt 0.6779363751411438 0.6898979842662811
vt 0.6783246994018555 0.689225047826767
vt 0.6806986927986145 0.690901517868042
vt 0.6808330416679382 0.690136581659317
vt 0.6836361885070801 0.6909014582633972
vt 0.6835015416145325 0.6901365220546722
vt 0.6863983273506165 0.6898978352546692
vt 0.6860100030899048 0.689224898815155
vt 0.6886512041091919 0.6880132853984833
vt 0.6880570650100708 0.6875138580799103
vt 0.6901188492774963 0.6854717433452606
vt 0.6893880367279053 0.685203492641449
vt 0.6913920044898987 0.6825834512710571
vt 0.6908400654792786 0.6794332563877106
vt 0.6892498135566711 0.676653653383255
vt 0.6867799162864685 0.6746119856834412
vt 0.6837707757949829 0.6735057532787323
vt 0.6805623769760132 0.6735058724880219
vt 0.6775533556938171 0.6746122241020203
vt 0.6750840544700623 0.6766543388366699
vt 0.6734942197799683 0.6794343888759613
vt 0.6729404926300049 0.6825841963291168
vt 0.6734946966171265 0.6857337653636932
vt 0.6750852465629578 0.6885134875774384
vt 0.6775559782981873 0.690554678440094
vt 0.6805641651153564 0.6916613876819611
vt 0.683771014213562 0.6916613280773163
vt 0.686779260635376 0.6905546188354492
vt 0.6892493367195129 0.6885130405426025
vt 0.6908398270606995 0.685733437538147
vt 0.6918233633041382 0.6825840771198273
vt 0.6912437677383423 0.6792855858802795
vt 0.6895740032196045 0.6763806045055389
vt 0.6869935989379883 0.6742408275604248
vt 0.6838437914848328 0.6730894446372986
vt 0.6804894208908081 0.6730895042419434
vt 0.6773397922515869 0.6742412149906158
vt 0.6747598052024841 0.6763814985752106
vt 0.6730911731719971 0.6792868375778198
vt 0.6725085377693176 0.6825849115848541
vt 0.6730914115905762 0.6858827769756317
vt 0.6747614145278931 0.6887873113155365
vt 0.6773422956466675 0.6909264028072357
vt 0.6804913282394409 0.6920785903930664
vt 0.6838438510894775 0.6920785903930664
vt 0.686992883682251 0.6909264028072357
vt 0.689573347568512 0.6887868046760559
vt 0.6912434101104736 0.6858822107315063
vt 0.6890064477920532 0.6825781762599945
vt 0.6885949373245239 0.6802469789981842
vt 0.6879080533981323 0.68049755692482
vt 0.6882736682891846 0.6825774312019348
vt 0.6874101161956787 0.6781936883926392
vt 0.6868529915809631 0.6786640584468842
vt 0.685591995716095 0.6766662001609802
vt 0.6852298974990845 0.6772975921630859
vt 0.6833570599555969 0.6758519411087036
vt 0.6832316517829895 0.6765678524971008
vt 0.6809762120246887 0.6758519411087036
vt 0.6811015009880066 0.6765679121017456
vt 0.6787413358688354 0.6766662895679474
vt 0.6791033744812012 0.6772976517677307
vt 0.6769235134124756 0.6781939268112183
vt 0.6774805784225464 0.6786642074584961
vt 0.6757388710975647 0.6802473366260529
vt 0.6764255166053772 0.6804977655410767
vt 0.675327479839325 0.682578444480896
vt 0.6760600805282593 0.6825776696205139
vt 0.6757391095161438 0.6849099099636078
vt 0.6764257550239563 0.6846576631069183
vt 0.676923930644989 0.686963826417923
vt 0.6774808168411255 0.686491847038269
vt 0.6787420511245728 0.6884920597076416
vt 0.6791037917137146 0.6878590285778046
vt 0.6809768676757812 0.6893067061901093
vt 0.68110191822052 0.6885890960693359
vt 0.683357298374176 0.6893067061901093
vt 0.6832318902015686 0.6885890960693359
vt 0.685591995716095 0.6884920001029968
vt 0.685230016708374 0.6878590285778046
vt 0.6874099969863892 0.6869637072086334
vt 0.6868529915809631 0.686491847038269
vt 0.6885949373245239 0.6849096715450287
vt 0.6879080533981323 0.6846575438976288
vt 0.6893787980079651 0.6825790107250214
vt 0.6889316439628601 0.6801254749298096
vt 0.687686562538147 0.6779612898826599
vt 0.6857711672782898 0.6763551235198975
vt 0.6834188103675842 0.6754996180534363
vt 0.6809144020080566 0.6754996180534363
vt 0.6785622239112854 0.6763551831245422
vt 0.6766470670700073 0.677961528301239
vt 0.6754021644592285 0.6801258623600006
vt 0.6749550700187683 0.6825793385505676
vt 0.6754024028778076 0.6850333213806152
vt 0.676647961139679 0.6871979534626007
vt 0.6785633563995361 0.6888046264648438
vt 0.6809154748916626 0.6896609365940094
vt 0.6834189891815186 0.6896609365940094
vt 0.6857709288597107 0.6888045072555542
vt 0.6876863241195679 0.687197744846344
vt 0.6889315247535706 0.6850330531597137
vt 0.6896079778671265 0.6825799643993378
vt 0.6891376972198486 0.6800494492053986
vt 0.6878557801246643 0.6778178215026855
vt 0.6858795881271362 0.6761649250984192
vt 0.683455765247345 0.675285279750824
vt 0.6808775067329407 0.675285279750824
vt 0.6784536838531494 0.676164984703064
vt 0.6764777302742004 0.677818089723587
vt 0.6751961708068848 0.6800499558448792
vt 0.6747259497642517 0.6825805902481079
vt 0.6751968264579773 0.6851111948490143
vt 0.6764789819717407 0.6873431503772736
vt 0.6784555912017822 0.6889962553977966
vt 0.6808784008026123 0.6898771226406097
vt 0.6834561228752136 0.6898771226406097
vt 0.6858786940574646 0.6889961063861847
vt 0.6878554224967957 0.6873428523540497
vt 0.68913733959198 0.6851108074188232
vt 0.1431128978729248 0.6265236139297485
vt 0.14311152696609497 0.6438524723052979
vt 0.17038288712501526 0.6438527703285217
vt 0.17370158433914185 0.6380292773246765
vt 0.026411931961774826 0.4027451276779175
vt 0.35477206110954285 0.020684897899627686
vt 0.025448422878980637 0.7680560648441315
vt 0.02876603603363037 0.7680560648441315
vt 0.010435007512569427 0.8844371512532234
vt 0.3692134916782379 0.40892350673675537
vt 0.46899110078811646 0.43207603693008423
vt 0.42596685886383057 0.43207603693008423
vt 0.006211133673787117 0.8196644484996796
vt 0.012074004858732224 0.2532164454460144
vt 0.01218235120177269 0.02236473560333252
vt 0.012181088328361511 0.031366825103759766
vt 0.012177716940641403 0.08240413665771484
vt 0.7127121686935425 0.4281002879142761
vt 0.7074955701828003 0.4330945611000061
vt 0.7119340896606445 0.39785903692245483
vt 0.7045222520828247 0.4009455442428589
vt 0.7078303098678589 0.4060758352279663
vt 0.7159782648086548 0.40278947353363037
vt 0.02617078647017479 0.19524013996124268
vt 0.02623191848397255 0.17707562446594238
vt 0.026302743703126907 0.15469563007354736
vt 0.026368092745542526 0.13357150554656982
vt 0.02642374113202095 0.11542302370071411
vt 0.01071932353079319 0.8832694217562675
vt 0.006380893290042877 0.8186020404100418
vt 0.4259718656539917 0.6247027218341827
vt 0.46899622678756714 0.6247026026248932
vt 0.12374748289585114 0.2532397508621216
vt 0.12385667860507965 0.009862244129180908
vt 0.1238558292388916 0.031393349170684814
vt 0.12385204434394836 0.08243072032928467
vt 0.13150520622730255 0.22811192274093628
vt 0.1327742040157318 0.23023587465286255
vt 0.12157754600048065 0.1952635645866394
vt 0.12125587463378906 0.21105659008026123
vt 0.15938341617584229 0.4027670621871948
vt 0.22207292914390564 0.25960540771484375
vt 0.24601367115974426 0.02903878688812256
vt 0.24601474404335022 0.03802984952926636
vt 0.24601832032203674 0.08900481462478638
vt 0.6192930936813354 0.46918976306915283
vt 0.6186742782592773 0.47719788551330566
vt 0.6234488487243652 0.4778580069541931
vt 0.6244829893112183 0.47174006700515747
vt 0.12194854021072388 0.17709946632385254
vt 0.12240134179592133 0.15471965074539185
vt 0.12282714247703552 0.13359558582305908
vt 0.12319225072860718 0.1154470443725586
vt 0.12349706888198853 0.10028237104415894
vt 0.0583295002579689 0.6607705950737
vt 0.058332882821559906 0.6438524723052979
vt 0.4259722828865051 0.6337842345237732
vt 0.6892626881599426 0.0259016752243042
vt 0.6892593502998352 0.005601048469543457
vt 0.5398759841918945 0.40973174571990967
vt 0.5090383291244507 0.40973174571990967
vt 0.7985638380050659 0.7367603182792664
vt 0.7985740900039673 0.916673943400383
vt 0.8391550779342651 0.9166721403598785
vt 0.8391445875167847 0.7367582321166992
vt 0.42047619819641113 0.2525883913040161
vt 0.42047619819641113 0.3893148899078369
vt 0.24564512073993683 0.633784681558609
vt 0.2456454187631607 0.6453896462917328
vt 0.29221850633621216 0.6453892886638641
vt 0.29221826791763306 0.6337844729423523
vt 0.2456454187631607 0.6453896462917328
vt 0.2456458956003189 0.7263984382152557
vt 0.29221898317337036 0.7263981103897095
vt 0.29221850633621216 0.6453892886638641
vt 0.42047619819641113 0.017367184162139893
vt 0.42047619819641113 0.07307177782058716
vt 0.5090383291244507 0.07307177782058716
vt 0.5090383291244507 0.017367184162139893
vt 0.028900031000375748 0.5782083570957184
vt 0.028900574892759323 0.5866721272468567
vt 0.0659651905298233 0.5866719782352448
vt 0.0659647136926651 0.5782079696655273
vt 0.42047619819641113 0.226179301738739
vt 0.42047619819641113 0.22841209173202515
vt 0.9119161367416382 0.5502942204475403
vt 0.87596595287323 0.38149362802505493
vt 0.8759671449661255 0.42509013414382935
vt 0.7985740900039673 0.916673943400383
vt 0.7985743284225464 0.9197118729352951
vt 0.8391550779342651 0.9197102189064026
vt 0.8391550779342651 0.9166721403598785
vt 0.05828463286161423 0.7680560648441315
vt 0.05828540772199631 0.7612372934818268
vt 0.9619201421737671 0.7239566147327423
vt 0.9617971181869507 0.6185566782951355
vt 0.8485426902770996 0.6186884045600891
vt 0.8486649990081787 0.7240883409976959
vt 0.9824715852737427 0.3814921975135803
vt 0.9824718236923218 0.42508870363235474
vt 0.028900574892759323 0.5866721272468567
vt 0.02890073135495186 0.5895606875419617
vt 0.0659651905298233 0.5895606875419617
vt 0.0659651905298233 0.5866719782352448
vt 0.02889833226799965 0.5476436018943787
vt 0.02889910712838173 0.5652678310871124
vt 0.0659632533788681 0.5652678310871124
vt 0.06596247851848602 0.5476436018943787
vt 0.42047619819641113 0.1916559934616089
vt 0.42047619819641113 0.20825427770614624
vt 0.05832397937774658 0.6775863170623779
vt 0.2456430047750473 0.5660348236560822
vt 0.24564369022846222 0.5870456993579865
vt 0.29221677780151367 0.5870456993579865
vt 0.29221606254577637 0.5660348236560822
vt 0.058308348059654236 0.7065114974975586
vt 0.05831696093082428 0.6904842555522919
vt 0.24564148485660553 0.5128401815891266
vt 0.24564220011234283 0.5401472747325897
vt 0.2922152280807495 0.5401472747325897
vt 0.2922145128250122 0.5128401815891266
vt 0.05829324573278427 0.7397017776966095
vt 0.05829978734254837 0.7233827710151672
vt 0.24564050137996674 0.46136242151260376
vt 0.24564094841480255 0.4858297109603882
vt 0.29221397638320923 0.4858297109603882
vt 0.292213499546051 0.46136242151260376
vt 0.05828831344842911 0.7542756050825119
vt 0.24564026296138763 0.44778120517730713
vt 0.2922133207321167 0.44778120517730713
vt 0.24564425647258759 0.6149661839008331
vt 0.2922173738479614 0.6149661242961884
vt 0.028898026794195175 0.5273736119270325
vt 0.02889833226799965 0.5476436018943787
vt 0.06596247851848602 0.5476436018943787
vt 0.06596216559410095 0.5273736119270325
vt 0.42047619819641113 0.17256587743759155
vt 0.028898101300001144 0.502399355173111
vt 0.028898026794195175 0.5273736119270325
vt 0.06596216559410095 0.5273736119270325
vt 0.06596225500106812 0.502399355173111
vt 0.42047619819641113 0.1490456461906433
vt 0.028898563235998154 0.4788271188735962
vt 0.028898101300001144 0.502399355173111
vt 0.06596225500106812 0.502399355173111
vt 0.06596271693706512 0.4788271188735962
vt 0.42047619819641113 0.126844584941864
vt 0.028899412602186203 0.4585750699043274
vt 0.028898563235998154 0.4788271188735962
vt 0.06596271693706512 0.4788271188735962
vt 0.06596356630325317 0.4585750699043274
vt 0.42047619819641113 0.10777091979980469
vt 0.028900418430566788 0.4416518211364746
vt 0.028899412602186203 0.4585750699043274
vt 0.06596356630325317 0.4585750699043274
vt 0.0659651905298233 0.4416522979736328
vt 0.42047619819641113 0.09183305501937866
vt 0.028900880366563797 0.4217274785041809
vt 0.028900418430566788 0.4416518211364746
vt 0.0659651905298233 0.4416522979736328
vt 0.06596572697162628 0.4217274785041809
vt 0.42047619819641113 0.07307177782058716
vt 0.02889910712838173 0.5652678310871124
vt 0.028900031000375748 0.5782083570957184
vt 0.0659647136926651 0.5782079696655273
vt 0.0659632533788681 0.5652678310871124
vt 0.7376369833946228 0.7798704952001572
vt 0.7376518845558167 0.863467201590538
vt 0.6006446480751038 0.8634888976812363
vt 0.6006298661231995 0.7798924297094345
vt 0.05833389610052109 0.6265236139297485
vt 0.24564017355442047 0.43207603693008423
vt 0.29221320152282715 0.43207603693008423
vt 0.5090383291244507 0.40973174571990967
vt 0.5090383291244507 0.3893148899078369
vt 0.42047619819641113 0.3893148899078369
vt 0.42047619819641113 0.40973174571990967
vt 0.8391445875167847 0.7367582321166992
vt 0.8391550779342651 0.9166721403598785
vt 0.42597252130508423 0.6453891098499298
vt 0.4259722828865051 0.6337842345237732
vt 0.0659647136926651 0.5782079696655273
vt 0.0659651905298233 0.5866719782352448
vt 0.17241108417510986 0.5866719782352448
vt 0.17241232097148895 0.5782079696655273
vt 0.0659651905298233 0.5866719782352448
vt 0.0659651905298233 0.5895606875419617
vt 0.17241062223911285 0.5895606875419617
vt 0.17241108417510986 0.5866719782352448
vt 0.06596572697162628 0.4217274785041809
vt 0.0659651905298233 0.4416522979736328
vt 0.1724129468202591 0.4416522979736328
vt 0.17241200804710388 0.42172759771347046
vt 0.46899670362472534 0.6337839961051941
vt 0.717589795589447 0.025897204875946045
vt 0.7175866961479187 0.005596578121185303
vt 0.39198827743530273 0.2525883913040161
vt 0.39198827743530273 0.3893148899078369
vt 0.39198827743530273 0.017367184162139893
vt 0.39198827743530273 0.07307177782058716
vt 0.42047619819641113 0.07307177782058716
vt 0.42047619819641113 0.017367184162139893
vt 0.39198827743530273 0.226179301738739
vt 0.39198827743530273 0.22841209173202515
vt 0.9119168519973755 0.5905688405036926
vt 0.9983507394790649 0.7239139676094055
vt 0.998227596282959 0.6185140013694763
vt 0.9617971181869507 0.6185566782951355
vt 0.9619201421737671 0.7239566147327423
vt 0.39198827743530273 0.1916559934616089
vt 0.39198827743530273 0.20825427770614624
vt 0.39198827743530273 0.17256587743759155
vt 0.39198827743530273 0.1490456461906433
vt 0.39198827743530273 0.126844584941864
vt 0.39198827743530273 0.10777091979980469
vt 0.39198827743530273 0.09183305501937866
vt 0.39198827743530273 0.07307177782058716
vt 0.7817078232765198 0.7798638194799423
vt 0.7817226052284241 0.8634602874517441
vt 0.7376518845558167 0.863467201590538
vt 0.7376369833946228 0.7798704952001572
vt 0.762193500995636 0.2535276412963867
vt 0.9934542775154114 0.2534911036491394
vt 0.9934496283531189 0.21847182512283325
vt 0.7621889710426331 0.21850818395614624
vt 0.9934214949607849 0.007861554622650146
vt 0.7621607780456543 0.007898271083831787
vt 0.7621654272079468 0.041523873805999756
vt 0.9934257864952087 0.04148739576339722
vt 0.9934257864952087 0.04148739576339722
vt 0.7621654272079468 0.041523873805999756
vt 0.7621706128120422 0.08176636695861816
vt 0.9934316277503967 0.08173000812530518
vt 0.9934316277503967 0.08173000812530518
vt 0.7621706128120422 0.08176636695861816
vt 0.7621769309043884 0.12860655784606934
vt 0.9934375882148743 0.12857002019882202
vt 0.9934375882148743 0.12857002019882202
vt 0.7621769309043884 0.12860655784606934
vt 0.7621833682060242 0.178230881690979
vt 0.9934441447257996 0.17819446325302124
vt 0.9934441447257996 0.17819446325302124
vt 0.7621833682060242 0.178230881690979
vt 0.7621889710426331 0.21850818395614624
vt 0.9934496283531189 0.21847182512283325
vt 0.762193500995636 0.2535276412963867
vt 0.7621970176696777 0.2792404890060425
vt 0.9934577345848083 0.27920371294021606
vt 0.9934542775154114 0.2534911036491394
vt 0.2917393147945404 0.8651838600635529
vt 0.3024260699748993 0.8648186028003693
vt 0.3023683726787567 0.8631347715854645
vt 0.2916824519634247 0.8635000288486481
vt 0.3102726638317108 0.8645477592945099
vt 0.31021472811698914 0.8628639280796051
vt 0.3102726638317108 0.8645477592945099
vt 0.3747999370098114 0.8623246252536774
vt 0.3747420012950897 0.8606411516666412
vt 0.31021472811698914 0.8628639280796051
vt 0.3765433728694916 0.8481086790561676
vt 0.36872538924217224 0.8473980724811554
vt 0.368573397397995 0.8490749895572662
vt 0.3763910233974457 0.8497858345508575
vt 0.35807737708091736 0.8464328348636627
vt 0.3579261004924774 0.8481098711490631
vt 0.34582993388175964 0.8453302681446075
vt 0.3456796109676361 0.8470079004764557
vt 0.3307391107082367 0.8439827263355255
vt 0.33058974146842957 0.8456607162952423
vt 0.3164941966533661 0.842718631029129
vt 0.31634554266929626 0.8443966209888458
vt 0.30425557494163513 0.8416369259357452
vt 0.3041073977947235 0.8433150351047516
vt 0.29402920603752136 0.8407352268695831
vt 0.2938811480998993 0.8424129784107208
vt 0.29402920603752136 0.8407352268695831
vt 0.22971901297569275 0.8350647985935211
vt 0.22957107424736023 0.8367427885532379
vt 0.2938811480998993 0.8424129784107208
vt 0.22746774554252625 0.8672855198383331
vt 0.2377292811870575 0.8669563829898834
vt 0.23767516016960144 0.8652727901935577
vt 0.2274136245250702 0.8656019270420074
vt 0.250010222196579 0.8665616810321808
vt 0.24995562434196472 0.8648780882358551
vt 0.26430436968803406 0.8660973608493805
vt 0.2642492949962616 0.8644136488437653
vt 0.27944812178611755 0.8655971586704254
vt 0.2793920934200287 0.8639133274555206
vt 0.7550490498542786 0.6798059940338135
vt 0.7499198913574219 0.6807080507278442
vt 0.750739574432373 0.6829655468463898
vt 0.7550492882728577 0.6822074949741364
vt 0.7601791024208069 0.6807076930999756
vt 0.7593598961830139 0.6829652786254883
vt 0.7646922469139099 0.6833057701587677
vt 0.763150691986084 0.685148149728775
vt 0.7680443525314331 0.6872901916503906
vt 0.7659652829170227 0.6884937584400177
vt 0.7698288559913635 0.6921817064285278
vt 0.7674630880355835 0.6926001310348511
vt 0.769829511642456 0.6973884105682373
vt 0.7674636244773865 0.6969707906246185
vt 0.7680462598800659 0.7022801041603088
vt 0.7659668326377869 0.7010771334171295
vt 0.7646951675415039 0.7062652111053467
vt 0.7631532549858093 0.7044231295585632
vt 0.7601829767227173 0.7088635265827179
vt 0.7593632340431213 0.70660600066185
vt 0.7550537586212158 0.7097653448581696
vt 0.7550535798072815 0.7073638439178467
vt 0.749923825263977 0.7088637351989746
vt 0.7507430911064148 0.7066061496734619
vt 0.7454106211662292 0.7062659859657288
vt 0.7469521760940552 0.704423576593399
vt 0.7420584559440613 0.7022812962532043
vt 0.7441375851631165 0.7010778188705444
vt 0.7402744889259338 0.697390079498291
vt 0.7426400780677795 0.6969717144966125
vt 0.740273654460907 0.6921832263469696
vt 0.7426396608352661 0.6926007866859436
vt 0.7420564293861389 0.6872915923595428
vt 0.7441360354423523 0.6884945034980774
vt 0.7454074621200562 0.683306485414505
vt 0.7469494342803955 0.6851485967636108
vt 0.750739574432373 0.6829655468463898
vt 0.7534710764884949 0.6904697418212891
vt 0.7550497651100159 0.6901930272579193
vt 0.7550492882728577 0.6822074949741364
vt 0.7550492882728577 0.6822074949741364
vt 0.7550497651100159 0.6901930272579193
vt 0.7566286325454712 0.6904694736003876
vt 0.7593598961830139 0.6829652786254883
vt 0.7593598961830139 0.6829652786254883
vt 0.7566286325454712 0.6904694736003876
vt 0.7580174803733826 0.6912662088871002
vt 0.763150691986084 0.685148149728775
vt 0.763150691986084 0.685148149728775
vt 0.7580174803733826 0.6912662088871002
vt 0.7590487003326416 0.6924873292446136
vt 0.7659652829170227 0.6884937584400177
vt 0.7595974802970886 0.6939870417118073
vt 0.7674630880355835 0.6926001310348511
vt 0.7674630880355835 0.6926001310348511
vt 0.7595974802970886 0.6939870417118073
vt 0.7595981955528259 0.6955838799476624
vt 0.7674636244773865 0.6969707906246185
vt 0.7674636244773865 0.6969707906246185
vt 0.7595981955528259 0.6955838799476624
vt 0.7590503096580505 0.6970836520195007
vt 0.7659668326377869 0.7010771334171295
vt 0.7659668326377869 0.7010771334171295
vt 0.7590503096580505 0.6970836520195007
vt 0.7580199241638184 0.6983050405979156
vt 0.7631532549858093 0.7044231295585632
vt 0.7631532549858093 0.7044231295585632
vt 0.7580199241638184 0.6983050405979156
vt 0.7566321492195129 0.6991016864776611
vt 0.7593632340431213 0.70660600066185
vt 0.7593632340431213 0.70660600066185
vt 0.7566321492195129 0.6991016864776611
vt 0.7550531029701233 0.6993783116340637
vt 0.7550535798072815 0.7073638439178467
vt 0.7550535798072815 0.7073638439178467
vt 0.7550531029701233 0.6993783116340637
vt 0.7534739971160889 0.6991019248962402
vt 0.7507430911064148 0.7066061496734619
vt 0.7507430911064148 0.7066061496734619
vt 0.7534739971160889 0.6991019248962402
vt 0.7520853877067566 0.6983054876327515
vt 0.7469521760940552 0.704423576593399
vt 0.7469521760940552 0.704423576593399
vt 0.7520853877067566 0.6983054876327515
vt 0.7510543465614319 0.6970845758914948
vt 0.7441375851631165 0.7010778188705444
vt 0.7441375851631165 0.7010778188705444
vt 0.7510543465614319 0.6970845758914948
vt 0.750505805015564 0.6955850720405579
vt 0.7426400780677795 0.6969717144966125
vt 0.7505052089691162 0.6939873695373535
vt 0.7426396608352661 0.6926007866859436
vt 0.7510527968406677 0.6924878060817719
vt 0.7441360354423523 0.6884945034980774
vt 0.7441360354423523 0.6884945034980774
vt 0.7510527968406677 0.6924878060817719
vt 0.752082884311676 0.691266655921936
vt 0.7469494342803955 0.6851485967636108
vt 0.7469494342803955 0.6851485967636108
vt 0.752082884311676 0.691266655921936
vt 0.7534710764884949 0.6904697418212891
vt 0.750739574432373 0.6829655468463898
vt 0.5628922581672668 0.4164542555809021
vt 0.5881078839302063 0.4161522388458252
vt 0.5881417393684387 0.41385698318481445
vt 0.5553951859474182 0.41360390186309814
vt 0.5605939030647278 0.41607844829559326
vt 0.5679333806037903 0.4394484758377075
vt 0.5619319081306458 0.4178800582885742
vt 0.5605939030647278 0.41607844829559326
vt 0.5553951859474182 0.41360390186309814
vt 0.5637195706367493 0.43887990713119507
vn 1 0 0
vn 1 0 0
vn 1 0 0
vn -1 0 0
vn -1 0 0
vn -1 0 0
vn 1 0 0
vn 1 0 0
vn 1 0 0
vn 0 -0.9999999999999909 1.343588384994376e-7
vn 0 -0.9999999999999909 1.343588384994376e-7
vn 0 -0.9999999999999909 1.343588384994376e-7
vn -1 0 0
vn -1 0 0
vn -1 0 0
vn 1 0 0
vn 1 0 0
vn 1 0 0
vn -1 0 0
vn -1 0 0
vn -1 0 0
vn 0 1.343588384994376e-7 0.9999999999999909
vn 0 1.343588384994376e-7 0.9999999999999909
vn 0 1.343588384994376e-7 0.9999999999999909
vn 0 1.343588384994376e-7 0.9999999999999909
vn 0 1.343588384994376e-7 0.9999999999999909
vn 0 1.343588384994376e-7 0.9999999999999909
vn 5.6430423477567984e-8 0.9999999999999445 3.2809528627271616e-7
vn 0 0.9334041885141724 -0.3588267281909189
vn -0.12272661088644668 0.9334040237416306 -0.3371870511203835
vn -0.23065107525996148 0.9334034881958039 -0.2748781724788813
vn -0.31075479574138637 0.9334038189833117 -0.17941228394705408
vn -0.35337468893262464 0.9334045670621711 -0.062307651289803735
vn -0.35337478773736364 0.9334045490239232 0.06230736114633372
vn -0.3107551971091473 0.9334038494534949 0.17941143022408748
vn -0.23065123998114748 0.9334038633548838 0.27487676032967295
vn -0.12272631329270992 0.9334045944534587 0.33718557958304507
vn 0 0.9334047778523707 0.35882519516105144
vn 0.12272523187443934 0.9334047054185645 0.3371856660118396
vn 0.2306493364053088 0.933404534274666 0.274876079372659
vn 0.31075458400881256 0.9334038578342415 0.17941244855824467
vn 0.3533715584497924 0.933405713021604 0.062308238439197236
vn 0.3533713627856458 0.9334057900950645 -0.062308193522393966
vn 0.31075376728336485 0.933404071413643 -0.17941275202067097
vn 0.2306497020289885 0.9334046708841802 -0.2748753086865638
vn 0.12272717651199305 0.9334040219756442 -0.337186850136664
vn -0.1511232268045236 0.9885149317638995 -4.3216509007776684e-8
vn -0.14200928400197255 0.988514968936203 0.051686743429090784
vn -5.601769046319003e-7 0.9999999999998341 -1.3405701909661288e-7
vn -0.1157663933338474 0.9885149818507566 0.09714047987873768
vn -0.0755611255460097 0.9885149405308463 0.130876768960415
vn -0.0262428344671095 0.9885149503991429 0.14882710262755292
vn 0.026241807426517758 0.9885149827684855 0.14882706872478038
vn 0.07556137219931598 0.9885149725274156 0.13087638488466713
vn 0.11576676050086875 0.9885149956696706 0.09713990168476518
vn 0.1420089117667965 0.9885150305865188 0.05168658707386282
vn 0.15112273739236795 0.9885150065846344 -1.328157281239766e-7
vn 0.14200891176679653 0.9885150166973836 -0.05168685270532366
vn 0.11576676050086872 0.988514969566426 -0.09714016731621494
vn 0.07556137219931598 0.9885149373585818 -0.1308766505161095
vn 0.026241807426517758 0.9885149427759855 -0.1488273343562249
vn -0.026242836328472064 0.9885149103583142 -0.14882736825171383
vn -0.0755608944006117 0.9885149247796697 -0.1308770213797037
vn -0.11576605494890788 0.9885149928215277 -0.0971407715051811
vn -0.1420092389968802 0.988514952947553 -0.051687172863523215
vn -0.1511232268045236 0.9885149317638995 -4.3216509007776684e-8
vn -0.14200928400197255 0.988514968936203 0.051686743429090784
vn -5.601769046319003e-7 0.9999999999998341 -1.3405701909661288e-7
vn -0.1157663933338474 0.9885149818507566 0.09714047987873768
vn -0.0755611255460097 0.9885149405308463 0.130876768960415
vn -0.0262428344671095 0.9885149503991429 0.14882710262755292
vn 0.026241807426517758 0.9885149827684855 0.14882706872478038
vn 0.07556137219931598 0.9885149725274156 0.13087638488466713
vn 0.11576676050086875 0.9885149956696706 0.09713990168476518
vn 0.1420089117667965 0.9885150305865188 0.05168658707386282
vn 0.15112273739236795 0.9885150065846344 -1.328157281239766e-7
vn 0.14200891176679653 0.9885150166973836 -0.05168685270532366
vn 0.11576677475637095 0.9885149680679817 -0.09714016557565215
vn 0.07556138701539968 0.9885149362455609 -0.1308766503687486
vn 0.026241809287880374 0.9885149427276677 -0.14882733434895032
vn -0.026242836328472064 0.9885149103583142 -0.14882736825171383
vn -0.0755608944006117 0.9885149247796697 -0.1308770213797037
vn -0.11576605494890788 0.9885149928215277 -0.0971407715051811
vn -0.1420092389968802 0.988514952947553 -0.051687172863523215
vn 0 -0.9999999999999909 1.343588384994376e-7
vn 0 -0.9999999999999909 1.343588384994376e-7
vn 0 -0.9999999999999909 1.343588384994376e-7
vn 0 -0.9999999999999909 1.343588384994376e-7
vn 0 -0.9999999999999909 1.343588384994376e-7
vn 0.23886367229577907 0.19585469666950617 0.9510967794340756
vn 0.24001778495893053 0.6360572856917256 0.7333638879995954
vn -0.2400178306382094 0.6360572487889153 0.7333639050558759
vn -0.23886359249523714 0.1958546056042327 0.951096818228239
vn 0.19246803349166716 -0.19246641803223077 0.9622435939062901
vn 0.24930796245464037 0.00005189079102234729 0.9684242547375924
vn -0.24930794764823216 0.00005189078849302898 0.9684242585493057
vn -0.1924680196944959 -0.19246640423505226 0.9622435994256905
vn 1 0 0
vn 1 0 0
vn 1 0 0
vn 1 0 0
vn -0.19246803349166716 -0.1924666766040871 -0.9622435421871266
vn -0.25144268584173146 -1.3004218323385714e-7 -0.9678721897733602
vn 0.25144268584173146 -1.3004218323385714e-7 -0.9678721897733602
vn 0.19246803349166716 -0.1924666766040871 -0.9622435421871266
vn -1 0 0
vn -1 0 0
vn -1 0 0
vn -1 0 0
vn 0 0.4472029391229433 0.8944325191090723
vn 0 0.6539526971232468 0.7565354386446355
vn 0 0.6539527948408916 0.7565353541770449
vn 0 0.44720293912366155 0.8944325191087134
vn 0 1.343588384994376e-7 0.9999999999999909
vn 0 1.343588384994376e-7 0.9999999999999909
vn 0 1.343588384994376e-7 0.9999999999999909
vn 0 1.343588384994376e-7 0.9999999999999909
vn -0.19246803349166716 -0.1924666766040871 -0.9622435421871266
vn -0.2514427137598503 -1.3004218225937604e-7 -0.9678721825205355
vn 0.25144268584173146 -1.3004218323385714e-7 -0.9678721897733602
vn 0.19246803349166716 -0.1924666766040871 -0.9622435421871266
vn 9.824228085403198e-8 2.718185010407291e-9 -0.9999999999999951
vn 9.824229506488861e-8 2.7181992212620094e-9 -0.9999999999999951
vn 9.824228085403198e-8 2.718185010407291e-9 -0.9999999999999951
vn 9.824228085403198e-8 2.718185010407291e-9 -0.9999999999999951
vn 0 -0.9999999999999909 1.343588384994376e-7
vn 0 -0.9999999999999909 1.343588384994376e-7
vn 0 -0.9999999999999909 1.343588384994376e-7
vn 0 -0.9999999999999909 1.343588384994376e-7
vn 0.23886330678340165 0.19585471732397475 0.9510968669775147
vn 0.2400171314475855 0.6360573710828532 0.7333640278216826
vn -0.24001645539906494 0.6360574556111389 0.7333641757675056
vn -0.23886303683930665 0.19585479041689297 0.9510969197209393
vn 0.1924677310520435 -0.1924673523889693 0.9622434675112419
vn 0.24930796245464043 0.00005189078738436851 0.9684242547375926
vn -0.24930856421093933 0.00005185929147408618 0.9684240998249134
vn -0.19246934754510006 -0.19246741916115473 0.9622431308234982
vn 0.2661444505131989 -0.2740814534057383 0.924146356569145
vn -0.2661445824480755 -0.2740815252266908 0.9241462972727589
vn 1 0 0
vn 1 0 0
vn 1 0 0
vn 1 0 0
vn -0.2514426579236119 -1.300421842083381e-7 -0.967872197026184
vn 0.25144268584173146 -1.3004218323385714e-7 -0.9678721897733602
vn -1 0 0
vn -1 0 0
vn -1 0 0
vn -1 0 0
vn 0 1.343588384994376e-7 0.9999999999999909
vn 0 1.343588384994376e-7 0.9999999999999909
vn 0 1.343588384994376e-7 0.9999999999999909
vn 0 1.343588384994376e-7 0.9999999999999909
vn -0.25144268584173146 -1.3004218323385714e-7 -0.9678721897733602
vn 0.25144268584173146 -1.3004218323385714e-7 -0.9678721897733602
vn 0 -1.343588384994376e-7 -0.9999999999999909
vn 0 -1.343588384994376e-7 -0.9999999999999909
vn 0 -1.343588384994376e-7 -0.9999999999999909
vn 0 -1.343588384994376e-7 -0.9999999999999909
vn 0.26614452923933973 -0.2740815020110216 0.9241463194815812
vn -0.26614445268713777 -0.2740814258421872 0.924146364117815
vn -0.24783524637086507 0.0012266635015608903 0.968801417191855
vn 0.2478353306061342 0.001226681594083024 0.9688013956201832
vn 1 0 0
vn 1 0 0
vn 1 0 0
vn 1 0 0
vn -0.24299369550624358 0.4378549427573038 -0.865584838734608
vn 0.24384841811588007 0.4378535574430253 -0.8653451399394754
vn 0.24443450756176954 0.0023730016291508465 -0.9696629003815208
vn -0.24921009773648928 0.001865964110660181 -0.968447647198395
vn -1 0 0
vn -1 0 0
vn -1 0 0
vn -1 0 0
vn 0 0.00005548953505399244 0.9999999984604556
vn 0 0.000055489538691971235 0.9999999984604554
vn 0 0.00005548953505399244 0.9999999984604556
vn 0 0.00005548953505399244 0.9999999984604556
vn -0.24384844327059266 0.4378536026107749 -0.8653451099967423
vn 0.24299404941152924 0.43785490329550775 -0.8655847593451891
vn 0.2492108121370335 0.001865963400953912 -0.9684474633631845
vn -0.24443450756176954 0.0023730016291508465 -0.9696629003815208
vn -0.24783533060213528 0.001226694748994013 0.9688013956045497
vn 0.24783524637082968 0.0012266636179760271 0.9688014171917166
vn 0.2478353306061342 0.001226681594083024 0.9688013956201832
vn -0.24783524637086507 0.0012266635015608903 0.968801417191855
vn -0.2522492882181429 0.022335426890913685 0.9674044786432617
vn 0.2522625416445881 0.022344649946141115 0.9674008097483673
vn 1 0 0
vn 1 0 0
vn 0.2514426579236119 -1.300421842083381e-7 -0.967872197026184
vn -0.2514426579236119 -1.300421842083381e-7 -0.967872197026184
vn -1 0 0
vn -1 0 0
vn 0 1.343588384994376e-7 0.9999999999999909
vn 0 1.343588384994376e-7 0.9999999999999909
vn 0 1.343588384994376e-7 0.9999999999999909
vn 0 1.343588384994376e-7 0.9999999999999909
vn 0.2514430643761133 -1.6106472192412431e-7 -0.9678720914341541
vn -0.2514426579236119 -1.300421842083381e-7 -0.967872197026184
vn 0 -1.343588384994376e-7 -0.9999999999999909
vn 0 -1.343588384994376e-7 -0.9999999999999909
vn 0 -1.343588384994376e-7 -0.9999999999999909
vn 0 -1.343588384994376e-7 -0.9999999999999909
vn 0.24783524637082968 0.0012266636179760271 0.9688014171917166
vn -0.24783533060213528 0.001226694748994013 0.9688013956045497
vn -0.25226261107814013 0.022344814729510772 0.9674007878365319
vn 0.2522492035871023 0.022335589363919613 0.9674044969594875
vn 0.24372925250578187 0.18658849043479225 0.9517251634323001
vn -0.24372209518375043 0.18659793412387463 0.9517251448290861
vn -0.24155033603961848 -0.30906537637846154 0.9198543516683428
vn 0.24154780141218 -0.3090689615638222 0.9198538126413364
vn 1 0 0
vn 1 0 0
vn 1 0 0
vn 1 0 0
vn -0.2514426579236119 -1.300421842083381e-7 -0.967872197026184
vn 0.25144268584173146 -1.3004218323385714e-7 -0.9678721897733602
vn 0.2514426579236119 -1.300421842083381e-7 -0.967872197026184
vn -0.2514426579236119 -1.300421842083381e-7 -0.967872197026184
vn -1 0 0
vn -1 0 0
vn -1 0 0
vn -1 0 0
vn 3.325949002830442e-8 0.7275401619968821 0.6860650936183456
vn 3.325949002830442e-8 0.7275401619968821 0.6860650936183456
vn 3.325948647559029e-8 0.7275401619968821 0.6860650936183456
vn 3.325949002830442e-8 0.7275401619968821 0.6860650936183456
vn -0.25144268584173146 -1.3004218323385714e-7 -0.9678721897733602
vn 0.25144274167796843 -9.084679652893266e-8 -0.9678721752677151
vn 0.25144268584173146 -1.3004218323385714e-7 -0.9678721897733602
vn -0.25144268584173146 -1.3004218323385714e-7 -0.9678721897733602
vn 0 -1.343588384994376e-7 -0.9999999999999909
vn 0 -1.343588384994376e-7 -0.9999999999999909
vn 0 -1.343588384994376e-7 -0.9999999999999909
vn 0 -1.343588384994376e-7 -0.9999999999999909
vn 0.243722122538129 0.18659794715084402 0.9517251352699476
vn -0.2437292420679968 0.18658840793828396 0.9517251822790107
vn -0.24154778081162764 -0.3090688648642813 0.9198538505417493
vn 0.24155032358410553 -0.309065341375385 0.9198543666999306
vn -1.830015638398127e-8 0.8634180098526234 0.5044891874581006
vn -4.740206375928646e-8 0.9999999999999954 -8.254625405435004e-8
vn 0 0.9999999999999909 -1.343588384994376e-7
vn 0 0.8634180617783964 0.5044890985886981
vn -1 0 0
vn -1 0 0
vn -1 0 0
vn -1 0 0
vn 0 -0.015573296815851968 0.9998787288597979
vn 0 -0.015573330335329939 0.9998787283377254
vn 0 -0.5178740259357981 0.8554568915270062
vn 0 -0.5178740351287167 0.8554568859618238
vn 1 0 0
vn 1 0 0
vn -1 0 0
vn -1 0 0
vn 1 0 0
vn 1 0 0
vn 0 -0.9999999999999909 1.343588384994376e-7
vn 0 -0.9999999999999909 1.343588384994376e-7
vn 0 -0.9999999999999909 1.343588384994376e-7
vn 0 -0.9999999999999909 1.343588384994376e-7
vn -1 0 0
vn -1 0 0
vn 0 -0.9999999999999909 1.343588384994376e-7
vn 0 -0.9999999999999909 1.343588384994376e-7
vn 2.3266181390604378e-7 -0.6702366446377354 0.7421474517807735
vn 2.3266180461138555e-7 -0.670236677466944 0.7421474221325689
vn 2.326617957762255e-7 -0.6702366742859494 0.7421474250053396
vn 2.326617957762255e-7 -0.6702366742859494 0.7421474250053396
vn 1 0 0
vn 1 0 0
vn 1 0 0
vn 1 0 0
vn 3.9296912341610313e-7 0.9999999999999136 -1.3435883849942724e-7
vn 1.3328180529206458e-7 0.999999999999982 -1.3435883849943642e-7
vn 9.996135396904828e-8 0.9999999999999943 -3.073366250383518e-8
vn 2.947268283512291e-7 0.9999999999999559 -3.0733662503834004e-8
vn -1 0 0
vn -1 0 0
vn -1 0 0
vn -1 0 0
vn 9.824228795946121e-8 1.3435883849943698e-7 0.999999999999986
vn 9.824228795946121e-8 1.3435883849943698e-7 0.999999999999986
vn 9.824229506488953e-8 1.3435883849943698e-7 0.999999999999986
vn 9.824228795946121e-8 1.3435883849943698e-7 0.999999999999986
vn 1 0 0
vn 1 0 0
vn -1 0 0
vn -1 0 0
vn -1 0 0
vn 0.25221143594042317 0.3509119909541304 0.9018038401922439
vn -0.2521594785189491 0.35091420948003005 0.9018175064712689
vn -0.2509710117745537 0.3998661745855363 0.8815444365834239
vn 0.2510010049537481 0.3998653891028107 0.8815362534291292
vn 1 0 0
vn 1 0 0
vn 1 0 0
vn 1 0 0
vn -0.2514426579236119 -1.300421842083381e-7 -0.967872197026184
vn 0.2514426579236119 -1.300421842083381e-7 -0.967872197026184
vn 0.2514426579236119 -1.300421842083381e-7 -0.967872197026184
vn -0.25144268584173146 -1.3004218323385714e-7 -0.9678721897733602
vn -1 0 0
vn -1 0 0
vn -1 0 0
vn -1 0 0
vn 5.405802348326846e-8 0.7275397556581494 0.686065524521439
vn 5.405802093263085e-8 0.7275397573541348 0.6860655227229276
vn 5.405802348326846e-8 0.7275397556581494 0.686065524521439
vn 5.405802093263085e-8 0.7275397573541348 0.6860655227229276
vn -0.2514426579236119 -1.300421842083381e-7 -0.967872197026184
vn 0.25144265792361176 -1.6684525077443803e-7 -0.9678721970261783
vn 0.25144265792361176 -9.084681633480221e-8 -0.9678721970261885
vn -0.25144268584173146 -1.3004218323385714e-7 -0.9678721897733602
vn 0 -1.343588384994376e-7 -0.9999999999999909
vn 0 -1.343588384994376e-7 -0.9999999999999909
vn 0 -1.343588384994376e-7 -0.9999999999999909
vn 0 -1.343588384994376e-7 -0.9999999999999909
vn 0.2521594785189491 0.35091420948003005 0.9018175064712689
vn -0.2522114917535887 0.35091198567887844 0.9018038266354473
vn -0.2510010637943749 0.3998653580833317 0.8815362507458109
vn 0.2509710117745537 0.3998661745855363 0.8815444365834239
vn 0.9999999999999898 1.199643993843596e-7 -7.774699496325354e-8
vn 0.9999999999999898 1.199643993843596e-7 -7.774699496325354e-8
vn 0.9999999999999898 1.199643993843596e-7 -7.774699496325354e-8
vn 0.9999999999999898 1.199643993843596e-7 -7.774699496325354e-8
vn -1 0 0
vn -1 0 0
vn -1 0 0
vn -1 0 0
vn 1 0 0
vn 1 0 0
vn 1 0 0
vn 1 0 0
vn -1 0 0
vn -1 0 0
vn -0.9999999999999538 4.0886861453920057e-14 3.04310917767355e-7
vn -0.9999999999999538 4.0886861453920057e-14 3.04310917767355e-7
vn -0.9999999999999538 4.0886861453920057e-14 3.04310917767355e-7
vn -0.9999999999999538 4.0886861453920057e-14 3.04310917767355e-7
vn 0 -0.9999999999999909 1.343588384994376e-7
vn 0 -0.9999999999999909 1.343588384994376e-7
vn 0 -0.9999999999999909 1.343588384994376e-7
vn 0 -0.9999999999999909 1.343588384994376e-7
vn 1 0 0
vn 1 0 0
vn 1 0 0
vn 1 0 0
vn 0.9999999999999836 -1.1481094587561301e-7 1.4124080039031305e-7
vn 0.9999999999999836 -1.1481094587561301e-7 1.4124080039031305e-7
vn 0.9999999999999836 -1.1481096008646391e-7 1.4124081460116777e-7
vn 0.9999999999999836 -1.1481094587561301e-7 1.4124080039031305e-7
vn 1 0 0
vn 1 0 0
vn 1 0 0
vn 1 0 0
vn 1 0 0
vn 1 0 0
vn 1 0 0
vn 1 0 0
vn 1 0 0
vn 1 0 0
vn 0 -0.9999999999999909 1.343588384994376e-7
vn 0 -0.9999999999999909 1.343588384994376e-7
vn 1 0 0
vn 1 0 0
vn 0 -0.9999999999999909 1.343588384994376e-7
vn 0 -0.9999999999999909 1.343588384994376e-7
vn 0 -0.9999999999999909 1.343588384994376e-7
vn 0 -0.9999999999999909 1.343588384994376e-7
vn 0.250977372997732 0.9678994551930166 0.01345373108913064
vn -0.25097738726624635 0.9678994506152057 0.013453794252616537
vn -0.24601084618456825 0.9639645496525683 0.10124727439627072
vn 0.24601100304656218 0.9639645195924492 0.1012471794516909
vn 1 0 0
vn 1 0 0
vn 1 0 0
vn 1.4954245781717615e-10 0.9999993362720101 0.0011521525675992227
vn 5.071973734229544e-11 0.9999993362717419 0.0011521528004295417
vn 1.7153504742130754e-9 0.9950675687082967 0.09919946423725746
vn 5.0575514345829935e-9 0.9950675687082967 0.09919946423725746
vn 0.2509774150466749 0.9678994428177281 0.013453836985067346
vn -0.2509773728059038 0.967899454453235 0.013453787889518322
vn -0.24601084618456825 0.9639645496525683 0.10124727439627072
vn 0.246010862225257 0.9639645541176601 0.10124719290887207
vn -0.9999999999999214 5.329589611214146e-14 3.9666833017735604e-7
vn -0.9999999999999214 5.329589611214146e-14 3.9666833017735604e-7
vn -0.9999999999999214 5.329589611214146e-14 3.9666833017735604e-7
vn -0.9999999999999214 5.329589611214146e-14 3.9666833017735604e-7
vn -0.9999999999999287 3.196336547790019e-7 2.015667358850865e-7
vn -0.9999999999999287 3.196336547790019e-7 2.015667358850865e-7
vn -0.9999999999999287 3.19633654779e-7 2.0156672167423371e-7
vn -0.9999999999999287 3.196336547790038e-7 2.015667500959393e-7
vn -0.9999999999999214 5.329589611214146e-14 3.9666833017735604e-7
vn -0.9999999999999214 5.329589611214146e-14 3.9666833017735604e-7
vn -0.9999999999999214 5.329589611214146e-14 3.9666833017735604e-7
vn -0.9999999999999214 5.3295892293434104e-14 3.966683017556504e-7
vn -0.9999999999999083 1.8258935964292448e-7 3.875969214430739e-7
vn -0.9999999999999083 1.825893596429283e-7 3.875969498647795e-7
vn -0.9999999999999083 1.8258934543207167e-7 3.875969214430758e-7
vn -0.9999999999999083 1.8258934543207548e-7 3.875969498647814e-7
vn -0.9999999999999205 -1.1709453372281726e-7 3.8126855631505314e-7
vn -0.9999999999999205 -1.1709454793366242e-7 3.8126861315846623e-7
vn -0.9999999999999205 -1.1709454082824748e-7 3.8126852789334847e-7
vn -0.9999999999999205 -1.1709454082824366e-7 3.812685563150541e-7
vn -0.9999999999999212 -6.08614579134547e-9 3.972894589495285e-7
vn -0.9999999999999212 -6.08614623543462e-9 3.9728945894952856e-7
vn -0.9999999999999212 -6.08614579134547e-9 3.972894589495285e-7
vn -0.9999999999999212 -6.086146235430802e-9 3.972894873712342e-7
vn -1 0 0
vn -1 0 0
vn -1 0 0
vn -1 0 0
vn 0 -0.9999999999999909 1.343588384994376e-7
vn 0 -0.9999999999999909 1.343588384994376e-7
vn 0 -0.9999999999999909 1.343588384994376e-7
vn 0 -0.9999999999999909 1.343588384994376e-7
vn 1 0 0
vn 1 0 0
vn 1 0 0
vn 0.9999999999999107 -4.228218986293102e-7 -1.5867032556721273e-9
vn 0.9999999999999107 -4.228218702076046e-7 -1.5867031446536584e-9
vn 0.9999999999999107 -4.228219270510158e-7 -1.5867033666905962e-9
vn 0.9999999999999107 -4.2282184178589896e-7 -1.586703144657477e-9
vn 1 0 0
vn 1 0 0
vn 1 0 0
vn 1 0 0
vn 1 0 0
vn 1 0 0
vn 1 0 0
vn 1 0 0
vn 1 0 0
vn 1 0 0
vn 0 -0.9999999999999909 1.343588384994376e-7
vn 0 -0.9999999999999909 1.343588384994376e-7
vn 1 0 0
vn 1 0 0
vn 0 -0.9999999999999909 1.343588384994376e-7
vn 0 -0.9999999999999909 1.343588384994376e-7
vn 0 -0.9999999999999909 1.343588384994376e-7
vn 0 -0.9999999999999909 1.343588384994376e-7
vn 0.25011681866046986 0.9631615349832825 -0.09879997242819823
vn -0.2501170574434786 0.9631614767819209 -0.09879993531923509
vn -0.24997489446831542 0.9677593075541244 -0.03089457521825558
vn 0.24997479536910167 0.9677593277200423 -0.03089474536272079
vn 1 0 0
vn 1 0 0
vn 1 0 0
vn 7.553212740558331e-9 0.9944623436619359 -0.10509351568203097
vn 5.3173762028496965e-9 0.9944623444406075 -0.10509350831373984
vn 1.6486943476609895e-10 0.9993363495902735 -0.036426094871485425
vn 4.861022467558695e-10 0.9993363495902735 -0.036426094871485425
vn 0.2501170139012819 0.9631614790312628 -0.09880002362052383
vn -0.2501170146377429 0.963161481867263 -0.09879999410911393
vn -0.24997485172391165 0.9677593151385457 -0.030894683493786008
vn 0.24997490802450803 0.9677593004312653 -0.030894688652368378
vn -1 0 0
vn -1 0 0
vn -1 0 0
vn -0.9999999999999065 4.325179896314178e-7 -1.5449953398246636e-8
vn -0.9999999999999065 4.3251801805312344e-7 -1.5449953398250458e-8
vn -0.9999999999999065 4.3251807489653447e-7 -1.5449955174614692e-8
vn -0.9999999999999065 4.3251807489653447e-7 -1.5449955174614692e-8
vn -1 0 0
vn -1 0 0
vn -1 0 0
vn -1 0 0
vn -1 0 0
vn -1 0 0
vn -1 0 0
vn -1 0 0
vn -1 0 0
vn -1 0 0
vn -1 0 0
vn -1 0 0
vn -0.9999999999999509 -4.212792225048524e-14 -3.1354782998262663e-7
vn -0.9999999999999509 -4.212792225048524e-14 -3.1354782998262663e-7
vn -0.9999999999999509 -4.212792225048524e-14 -3.1354782998262663e-7
vn -0.9999999999999509 -4.212792225048524e-14 -3.1354782998262663e-7
vn 0 -0.9999999999999909 1.343588384994376e-7
vn 0 -0.9999999999999909 1.343588384994376e-7
vn 0 -0.9999999999999909 1.343588384994376e-7
vn 0 -0.9999999999999909 1.343588384994376e-7
vn 1 0 0
vn 1 0 0
vn 1 0 0
vn 0.9999999999999301 -3.494203320635838e-7 -1.3338499279651074e-7
vn 0.9999999999999301 -3.4942030364187823e-7 -1.3338499279651455e-7
vn 0.9999999999999301 -3.494203604852894e-7 -1.3338499279650693e-7
vn 0.9999999999999301 -3.494203604852914e-7 -1.3338500700735974e-7
vn 1 0 0
vn 1 0 0
vn 1 0 0
vn 1 0 0
vn 1 0 0
vn 1 0 0
vn 1 0 0
vn 1 0 0
vn 1 0 0
vn 1 0 0
vn 0 -0.9999999999999909 1.343588384994376e-7
vn 0 -0.9999999999999909 1.343588384994376e-7
vn 1 0 0
vn 1 0 0
vn 0 -0.9999999999999909 1.343588384994376e-7
vn 0 -0.9999999999999909 1.343588384994376e-7
vn 0 -0.9999999999999909 1.343588384994376e-7
vn 0 -0.9999999999999909 1.343588384994376e-7
vn 0.24352638366298474 0.9146407314420655 -0.32268751579066735
vn -0.24352645375021867 0.9146407148467025 -0.32268750993578216
vn -0.2484801902236273 0.9478834088216812 -0.19943580006362863
vn 0.24847996436779907 0.9478834539844062 -0.19943586681028466
vn 1 0 0
vn 1 0 0
vn 1 0 0
vn 7.734977179886164e-7 0.9422832133713378 -0.3348168839798668
vn 2.682572367355909e-7 0.9422832039691816 -0.33481691044136586
vn 1.4416500311223746e-7 0.9780842247464322 -0.20820962826476105
vn 3.9947198385910296e-7 0.9780842303648678 -0.20820960187129792
vn 0.24352639299652618 0.91464071053109 -0.32268756801786513
vn -0.24352641169787875 0.9146407248039208 -0.3226875134487134
vn -0.24848007468240443 0.9478834228143488 -0.19943587751350308
vn 0.24848008497133733 0.9478834052199505 -0.19943594831741837
vn -0.9999999999999385 -4.717499701796494e-14 -3.5111197406013583e-7
vn -0.9999999999999385 -4.717499701796494e-14 -3.5111197406013583e-7
vn -0.9999999999999385 -4.717499701796494e-14 -3.5111197406013583e-7
vn -0.9999999999999385 -4.717499701796494e-14 -3.5111197406013583e-7
vn -0.9999999999999716 1.363314490964401e-7 -1.9526807822634263e-7
vn -0.9999999999999716 1.363314490964401e-7 -1.9526807822634263e-7
vn -0.9999999999999716 1.3633144909643628e-7 -1.9526810664804824e-7
vn -0.9999999999999716 1.363314490964401e-7 -1.9526807822634263e-7
vn -0.9999999999999385 -4.717499701796494e-14 -3.5111197406013583e-7
vn -0.9999999999999385 -4.717499701796494e-14 -3.5111197406013583e-7
vn -0.9999999999999385 -4.717499701796494e-14 -3.5111197406013583e-7
vn -0.9999999999999385 -4.717499701796494e-14 -3.5111197406013583e-7
vn -0.9999999999999405 -4.052060178054747e-8 -3.430824388766596e-7
vn -0.9999999999999405 -4.052060533326449e-8 -3.4308246729836474e-7
vn -0.9999999999999405 -4.0520601780555106e-8 -3.4308249572007083e-7
vn -0.9999999999999405 -4.0520601780555106e-8 -3.4308249572007083e-7
vn -0.9999999999999427 2.5985817068563108e-8 -3.3748078543167114e-7
vn -0.9999999999999427 2.5985815292206507e-8 -3.374807854316709e-7
vn -0.9999999999999427 2.5985813515857546e-8 -3.3748072858825943e-7
vn -0.9999999999999427 2.5985817068566926e-8 -3.374807570099655e-7
vn -0.9999999999999383 1.3506252544668051e-9 -3.5166176371496315e-7
vn -0.9999999999999383 1.3506252544706238e-9 -3.5166173529325753e-7
vn -0.9999999999999383 1.3506252544629863e-9 -3.5166179213666877e-7
vn -0.9999999999999383 1.3506252544668051e-9 -3.5166176371496315e-7
vn -0.9999999999999509 -4.212792225048524e-14 -3.1354782998262663e-7
vn -0.9999999999999509 -4.212792225048524e-14 -3.1354782998262663e-7
vn -0.9999999999999227 3.494209436348843e-7 -1.801628656079015e-7
vn -0.9999999999999227 3.494209436348881e-7 -1.8016283718619588e-7
vn -0.9999999999999227 3.4942091521317675e-7 -1.801628798187505e-7
vn -0.9999999999999227 3.4942091521318056e-7 -1.8016285139704488e-7
vn -0.9999999999999509 -4.2127926069192593e-14 -3.1354785840433225e-7
vn -0.9999999999999509 -4.2127926069192593e-14 -3.1354785840433225e-7
vn -0.9999999999999509 -4.2127926069192593e-14 -3.1354785840433225e-7
vn -0.9999999999999509 -4.2127926069192593e-14 -3.1354785840433225e-7
vn -0.9999999999999512 -6.27177073471329e-8 -3.0637736629059085e-7
vn -0.9999999999999512 -6.27177073471329e-8 -3.0637736629059085e-7
vn -0.9999999999999512 -6.271770734712907e-8 -3.0637733786888523e-7
vn -0.9999999999999512 -6.27177073471329e-8 -3.0637736629059085e-7
vn -0.9999999999999538 4.022085093887194e-8 -3.01375046246816e-7
vn -0.9999999999999538 4.022085093887194e-8 -3.01375046246816e-7
vn -0.9999999999999538 4.0220850938875755e-8 -3.013750178251104e-7
vn -0.9999999999999538 4.022085093887194e-8 -3.01375046246816e-7
vn -0.9999999999999507 2.090510589214978e-9 -3.1403884364965845e-7
vn -0.9999999999999507 2.090510589214978e-9 -3.1403884364965845e-7
vn -0.9999999999999507 2.090510589214978e-9 -3.1403884364965845e-7
vn -0.9999999999999507 2.090510589214978e-9 -3.1403884364965845e-7
vn -1 0 0
vn 0.9999999999999065 -4.3251725066707554e-7 1.544992675279834e-8
vn 0.9999999999999065 -4.325173075104868e-7 1.5449926752805977e-8
vn 0.9999999999999065 -4.325173075104868e-7 1.5449926752805977e-8
vn 0.9999999999999065 -4.325173075104865e-7 1.5449928529162575e-8
vn -1 0 0
vn -0.9999999999999107 4.2282258075024526e-7 1.586706031137667e-9
vn -0.9999999999999107 4.2282255232853964e-7 1.5867059201191982e-9
vn -0.9999999999999107 4.228226091719508e-7 1.5867060311338484e-9
vn -0.9999999999999107 4.2282255232853964e-7 1.5867059201191982e-9
vn -1 0 0
vn -1 0 0
vn -1 0 0
vn -1 0 0
vn -1 0 0
vn -1 0 0
vn -0.9999999999999214 5.329589611214146e-14 3.9666833017735604e-7
vn -0.9999999999999214 5.329589611214146e-14 3.9666833017735604e-7
vn 0.9999999999999301 -3.1963331726597944e-7 1.9510212009378829e-7
vn 0.9999999999999301 -3.1963331726598134e-7 1.951021058829355e-7
vn 0.9999999999999301 -3.1963331726597944e-7 1.9510212009378829e-7
vn 0.9999999999999301 -3.1963331726597944e-7 1.9510212009378829e-7
vn -0.9999999999999385 -4.717499701796494e-14 -3.5111197406013583e-7
vn -0.9999999999999385 -4.717499701796494e-14 -3.5111197406013583e-7
vn 0 -0.9999999999999909 1.343588384994376e-7
vn 0 -0.9999999999999909 1.343588384994376e-7
vn 1 0 0
vn 0.9999999999999787 -1.3633116942182734e-7 -1.5584392425555542e-7
vn 0.9999999999999787 -1.3633116942182734e-7 -1.5584392425555542e-7
vn 0.9999999999999787 -1.3633116942182543e-7 -1.5584391004470263e-7
vn 0.9999999999999787 -1.3633116942182543e-7 -1.5584391004470263e-7
vn 1 0 0
vn 1 0 0
vn 1 0 0
vn 1 0 0
vn 1 0 0
vn 0 -0.9999999999999909 1.343588384994376e-7
vn 1 0 0
vn 0 -0.9999999999999909 1.343588384994376e-7
vn 0 -0.9999999999999909 1.343588384994376e-7
vn 0.23615676739170158 0.8408182471915858 -0.4870879349817351
vn -0.23615676739170158 0.8408182471915858 -0.4870879349817351
vn 1 0 0
vn 4.45466922340761e-7 0.8577620802600222 -0.5140468983155144
vn 1.5108722553243467e-7 0.8577620802600976 -0.5140468983155596
vn 0.23615676739170158 0.8408182471915858 -0.4870879349817351
vn -0.2361567510868446 0.840818235643654 -0.487087962821089
vn -1 0 0
vn -1 0 0
vn -1 0 0
vn -1 0 0
vn -1 0 0
vn -1 0 0
vn -1 0 0
vn -1 0 0
vn -1 0 0
vn -1 0 0
vn -1 0 0
vn -1 0 0
vn -1 0 0
vn -1 0 0
vn -1 0 0
vn -1 0 0
vn -1 0 0
vn 0 -0.9999999999999909 1.343588384994376e-7
vn 0 -0.9999999999999909 1.343588384994376e-7
vn -0.2397746204394603 0.9064710770508206 0.34758929480557627
vn 0.23977465760522218 0.9064710485543642 0.34758934348315396
vn 1 0 0
vn 1.6886583267853797e-9 0.9203248536785734 0.3911549101078915
vn 4.9788526594044e-9 0.9203248536785734 0.3911549101078915
vn -0.23977397819825733 0.9064711906225468 0.34758944165541683
vn 0.23977427452644415 0.9064711246096914 0.34758940939585437
vn -0.9999999999999538 4.0886861453920057e-14 3.04310917767355e-7
vn -0.9999999999999538 4.0886861453920057e-14 3.04310917767355e-7
vn -0.9999999999999802 1.148110933438606e-7 1.6307004632277207e-7
vn -0.9999999999999802 1.1481108623843419e-7 1.6307004632277302e-7
vn -0.9999999999999802 1.148110933438606e-7 1.6307004632277207e-7
vn -0.9999999999999802 1.1481108623843419e-7 1.6307004632277302e-7
vn -0.9999999999999538 4.088686527262741e-14 3.043109461890606e-7
vn -0.9999999999999538 4.0886861453920057e-14 3.04310917767355e-7
vn -0.9999999999999538 4.0886861453920057e-14 3.04310917767355e-7
vn -0.9999999999999538 4.088686527262741e-14 3.043109461890606e-7
vn -0.9999999999999423 1.6484502300507743e-7 2.9735169889141966e-7
vn -0.9999999999999423 1.6484503721593024e-7 2.9735169889141776e-7
vn -0.9999999999999423 1.6484503721593024e-7 2.9735169889141776e-7
vn -0.9999999999999423 1.6484503721593024e-7 2.9735169889141776e-7
vn -0.9999999999999518 -1.0571506315729258e-7 2.924967110692661e-7
vn -0.9999999999999518 -1.0571506315728877e-7 2.924967394909717e-7
vn -0.9999999999999518 -1.0571506315728877e-7 2.924967394909717e-7
vn -0.9999999999999518 -1.0571506315728877e-7 2.924967394909717e-7
vn -0.9999999999999536 -5.4946869829026566e-9 3.047874936653171e-7
vn -0.9999999999999536 -5.4946869828988375e-9 3.047875220870227e-7
vn -0.9999999999999536 -5.4946869829026566e-9 3.047874936653171e-7
vn -0.9999999999999536 -5.494687426991807e-9 3.0478749366531715e-7
vn -1 0 0
vn -1 0 0
vn -1 0 0
vn 1 0 0
vn 1 0 0
vn 1 0 0
vn 1 0 0
vn 1 0 0
vn 1 0 0
vn 1 0 0
vn 1 0 0
vn 1 0 0
vn 1 0 0
vn 1 0 0
vn 1 0 0
vn 1 0 0
vn 0.9999999999999947 -1.0435348959522127e-7 1.4020813655377207e-14
vn 0.9999999999999947 -1.0435348959522127e-7 1.4020813655377207e-14
vn 0.9999999999999947 -1.0435348959522127e-7 1.4020813655377207e-14
vn 0.9999999999999947 -1.0435348959522127e-7 1.4020813655377207e-14
vn -1 0 0
vn -1 0 0
vn -1 0 0
vn -1 0 0
vn -1 0 0
vn -1 0 0
vn -1 0 0
vn -1 0 0
vn -1 0 0
vn -1 0 0
vn -1 0 0
vn -1 0 0
vn -1 0 0
vn -1 0 0
vn -1 0 0
vn -1 0 0
vn -1 0 0
vn -1 0 0
vn -1 0 0
vn -1 0 0
vn -1 0 0
vn -1 0 0
vn -1 0 0
vn -1 0 0
vn 0.9999999999995139 -7.774510623134923e-7 6.065623895164299e-7
vn 0.9999999999995139 -7.774510623134923e-7 6.065623895164299e-7
vn 0.9999999999995139 -7.774510623134847e-7 6.065624463598412e-7
vn 0.9999999999995139 -7.774510623134923e-7 6.065623895164299e-7
vn 0.9999999999995988 -8.606933976471963e-7 2.483397422223427e-7
vn 0.9999999999995988 -8.606933976471925e-7 2.483397706440483e-7
vn 0.9999999999995988 -8.606933408037814e-7 2.483397706440407e-7
vn 0.9999999999995988 -8.606933976471925e-7 2.483397706440483e-7
vn 0.9999999999998881 -4.2144395680610225e-7 2.150975000025529e-7
vn 0.9999999999998881 -4.2144395680610225e-7 2.150975000025529e-7
vn 0.9999999999998881 -4.2144392838439663e-7 2.150975000025491e-7
vn 0.9999999999998881 -4.214439283843947e-7 2.150975142134019e-7
vn 1 0 0
vn 1 0 0
vn 1 0 0
vn 1 0 0
vn 1 0 0
vn 1 0 0
vn 0.9999999999999203 6.861924851111379e-9 -3.993487821555619e-7
vn 0.9999999999999203 6.861923962936897e-9 -3.993487537338562e-7
vn 0.9999999999999203 6.861923962936897e-9 -3.993487537338562e-7
vn 0.9999999999999203 6.861924407026047e-9 -3.9934875373385623e-7
vn 0.999999999999954 -1.6940313667199487e-8 3.031412247489921e-7
vn 0.999999999999954 -1.6940313667203305e-8 3.031411963272865e-7
vn 0.999999999999954 -1.6940313667199487e-8 3.031412247489921e-7
vn 0.999999999999954 -1.6940313667203305e-8 3.031411963272865e-7
vn 1 0 0
vn 1 0 0
vn 1 0 0
vn 1 0 0
vn 1 0 0
vn 1 0 0
vn -1 0 0
vn 0.25360209100359676 0.2850532871016049 0.9243541545052812
vn -0.2535377563866617 0.2850508827911313 0.924372544111093
vn 1 0 0
vn 1 0 0
vn -0.2514426579236119 -1.300421842083381e-7 -0.967872197026184
vn 0.25144268584173146 -1.3004218323385714e-7 -0.9678721897733602
vn -1 0 0
vn -1 0 0
vn 1.7091463143288464e-8 0.7275397573541357 0.6860655227229285
vn 1.7091463143288464e-8 0.7275397573541357 0.6860655227229285
vn 1.7091463479562565e-8 0.7275397556581504 0.6860655245214399
vn 1.7091463143288464e-8 0.7275397573541357 0.6860655227229285
vn -0.2514426579236119 -1.300421842083381e-7 -0.967872197026184
vn 0.2514426858417313 -1.6684526373502413e-7 -0.9678721897733545
vn 0 -1.343588384994376e-7 -0.9999999999999909
vn 0 -1.343588384994376e-7 -0.9999999999999909
vn 0.2535377285000692 0.28505088494498004 0.9243725510956659
vn -0.25360210276239165 0.28505329662268336 0.9243541483430654
vn -1 0 0
vn -1 0 0
vn 1 0 0
vn 1 0 0
vn 1 0 0
vn 1 0 0
vn -0.9999999999999178 -6.207884658471388e-9 4.052381005308951e-7
vn -0.9999999999999178 -6.207885102560538e-9 4.0523810053089514e-7
vn -0.9999999999999178 -6.207884658471388e-9 4.052381005308951e-7
vn -0.9999999999999178 -6.207884658475206e-9 4.052380721091895e-7
vn 1 0 0
vn 1 0 0
vn -1 0 0
vn -1 0 0
vn 1 0 0
vn 1 0 0
vn -0.9999999999999358 1.3776585692300316e-9 -3.5869755694276935e-7
vn -0.9999999999999358 1.3776586802485005e-9 -3.5869758536447497e-7
vn -0.9999999999999358 1.3776586802485005e-9 -3.5869758536447497e-7
vn -0.9999999999999358 1.377658791270788e-9 -3.5869758536447497e-7
vn -0.9999999999999487 2.1323289541714142e-9 -3.203218880063258e-7
vn -0.9999999999999487 2.1323289541714142e-9 -3.203218880063258e-7
vn -0.9999999999999487 2.1323289541714142e-9 -3.203218880063258e-7
vn -0.9999999999999487 2.1323289541675956e-9 -3.203219164280314e-7
vn -1 0 0
vn 1 0 0
vn -1 0 0
vn -1 0 0
vn -1 0 0
vn -0.9999999999999518 -5.604589346474748e-9 3.108854558841888e-7
vn -0.9999999999999518 -5.604589790563899e-9 3.1088545588418887e-7
vn -0.9999999999999518 -5.604589346474748e-9 3.108854558841888e-7
vn -0.9999999999999518 -5.604589790563899e-9 3.1088545588418887e-7
vn 1 0 0
vn 1 0 0
vn 1 0 0
vn 1 0 0
vn -1 0 0
vn 1 0 0
vn 1 0 0
vn -0.9999999999999185 -6.189072762914291e-9 4.040105386412931e-7
vn -0.9999999999999185 -6.1890732070034415e-9 4.0401053864129317e-7
vn -0.9999999999999185 -6.1890732070034415e-9 4.0401053864129317e-7
vn -0.9999999999999185 -6.189072762910472e-9 4.0401056706299873e-7
vn 1 0 0
vn 1 0 0
vn -1 0 0
vn -1 0 0
vn 1 0 0
vn 1 0 0
vn -0.999999999999936 1.3734385360173903e-9 -3.5761105198007857e-7
vn -0.999999999999936 1.3734385360135717e-9 -3.576110804017842e-7
vn -0.999999999999936 1.3734384249951028e-9 -3.5761105198007857e-7
vn -0.999999999999936 1.3734383139728152e-9 -3.5761105198007857e-7
vn -0.9999999999999492 2.1258531545019076e-9 -3.1935162781928376e-7
vn -0.9999999999999492 2.1258531545057262e-9 -3.1935159939757814e-7
vn -0.9999999999999492 2.1258531545019076e-9 -3.1935162781928376e-7
vn -0.9999999999999492 2.1258531545057262e-9 -3.1935159939757814e-7
vn -1 0 0
vn 1 0 0
vn -1 0 0
vn -1 0 0
vn -0.999999999999952 -5.587631040618133e-9 3.099437879315837e-7
vn -0.999999999999952 -5.587631040618133e-9 3.099437879315837e-7
vn -0.999999999999952 -5.5876310406219515e-9 3.0994375950987806e-7
vn -0.999999999999952 -5.587631040618133e-9 3.099437879315837e-7
vn 1 0 0
vn 1 0 0
vn 0.25213641582167123 0.22051425116176412 0.9422317617503497
vn -0.25206742044502733 0.22051451303136774 0.9422501605692241
vn 1 0 0
vn 1 0 0
vn -0.25144268584173146 -1.3004218323385714e-7 -0.9678721897733602
vn 0.25144268584173146 -1.3004218323385714e-7 -0.9678721897733602
vn -1 0 0
vn -1 0 0
vn 2.843783139149637e-7 0.7275398151602295 0.68606546142226
vn 2.843783015829703e-7 0.7275398432152927 0.6860654316711975
vn 2.843783015829703e-7 0.7275398432152927 0.6860654316711975
vn 2.843783015829703e-7 0.7275398432152927 0.6860654316711975
vn -0.25144268584173146 -1.3004218323385714e-7 -0.9678721897733602
vn 0.25144268584173146 -1.3004218323385714e-7 -0.9678721897733602
vn 0 -1.343588384994376e-7 -0.9999999999999909
vn 0 -1.343588384994376e-7 -0.9999999999999909
vn 0.25206744752550003 0.2205145255513874 0.9422501503946953
vn -0.252136414993172 0.22051426533833227 0.9422317586542529
vn -1 0 0
vn -1 0 0
vn 1 0 0
vn 1 0 0
vn 1 0 0
vn -1 0 0
vn 1 0 0
vn 1 0 0
vn -0.999999999999919 -6.1667485969402564e-9 4.0255469361174614e-7
vn -0.999999999999919 -6.1667485969402564e-9 4.0255469361174614e-7
vn -0.999999999999919 -6.166748596936437e-9 4.025547220334517e-7
vn -0.999999999999919 -6.166748596936437e-9 4.025547220334517e-7
vn 1 0 0
vn 1 0 0
vn -1 0 0
vn -1 0 0
vn 1 0 0
vn 1 0 0
vn -0.9999999999999365 1.3684732373623767e-9 -3.56322298160155e-7
vn -0.9999999999999365 1.3684731263400894e-9 -3.56322298160155e-7
vn -0.9999999999999365 1.368473126343908e-9 -3.563222697384494e-7
vn -0.9999999999999365 1.3684730153216205e-9 -3.5632226973844933e-7
vn -0.9999999999999494 2.118196546042312e-9 -3.1820080453633203e-7
vn -0.9999999999999494 2.118196546042312e-9 -3.1820080453633203e-7
vn -0.9999999999999494 2.118196546042312e-9 -3.1820080453633203e-7
vn -0.9999999999999494 2.118196546042312e-9 -3.1820080453633203e-7
vn -1 0 0
vn 1 0 0
vn -1 0 0
vn -1 0 0
vn -0.9999999999999523 -5.5674806455076116e-9 3.088267864766312e-7
vn -0.9999999999999523 -5.5674806455076116e-9 3.088267864766312e-7
vn -0.9999999999999523 -5.567480645511431e-9 3.088267580549256e-7
vn -0.9999999999999523 -5.567481089600581e-9 3.088267580549257e-7
vn 1 0 0
vn 1 0 0
vn 0.2516313460351731 0.1995132736989843 0.9470354371988625
vn -0.25155255770935775 0.19951595433085606 0.9470558033597218
vn 1 0 0
vn 1 0 0
vn -0.2514426579236119 -1.300421842083381e-7 -0.967872197026184
vn 0.2514426579236119 -1.300421842083381e-7 -0.967872197026184
vn -1 0 0
vn -1 0 0
vn 2.865859566616e-7 0.7275399588275119 0.686065309069902
vn 2.865859566616e-7 0.7275399588275119 0.686065309069902
vn 2.865859566616e-7 0.7275399588275119 0.686065309069902
vn 2.8658596908932965e-7 0.7275399307724587 0.6860653388209638
vn -0.25144268584173146 -1.3004218323385714e-7 -0.9678721897733602
vn 0.25144274167796843 -9.320738271041919e-8 -0.9678721752677149
vn 0 -1.343588384994376e-7 -0.9999999999999909
vn 0 -1.343588384994376e-7 -0.9999999999999909
vn 0.25155255770935775 0.19951595433085606 0.9470558033597218
vn -0.2516313452870788 0.1995132880069966 0.9470354343833457
vn -1 0 0
vn -1 0 0
vn 1 0 0
vn 1 0 0
vn 1 0 0
vn -1 0 0
vn 1 0 0
vn 1 0 0
vn -0.9999999999999196 -6.143017569258558e-9 4.0100417588061755e-7
vn -0.9999999999999196 -6.1430175692547395e-9 4.0100420430232317e-7
vn -0.9999999999999196 -6.1430175692509204e-9 4.010042327240288e-7
vn -0.9999999999999196 -6.1430175692547395e-9 4.0100420430232317e-7
vn 1 0 0
vn 1 0 0
vn -1 0 0
vn -1 0 0
vn 1 0 0
vn 1 0 0
vn -0.9999999999999372 1.3632027496964498e-9 -3.5494975715204713e-7
vn -0.9999999999999372 1.3632027496964498e-9 -3.5494975715204713e-7
vn -0.9999999999999372 1.3632027497002685e-9 -3.549497287303415e-7
vn -0.9999999999999372 1.3632026386741622e-9 -3.5494975715204713e-7
vn -0.9999999999999498 2.1100370166747913e-9 -3.1697514690243715e-7
vn -0.9999999999999498 2.110036794630216e-9 -3.169751469024371e-7
vn -0.9999999999999498 2.110036794630216e-9 -3.169751469024371e-7
vn -0.9999999999999498 2.1100367946263974e-9 -3.169751753241427e-7
vn -1 0 0
vn 1 0 0
vn -1 0 0
vn -1 0 0
vn -0.9999999999999527 -5.546028634854702e-9 3.076371675636659e-7
vn -0.9999999999999527 -5.546028634854702e-9 3.076371675636659e-7
vn -0.9999999999999527 -5.546029078943853e-9 3.07637167563666e-7
vn -0.9999999999999527 -5.546029078943853e-9 3.07637167563666e-7
vn 1 0 0
vn 1 0 0
vn 0.2518088868857973 0.18503507404294386 0.9499233157783096
vn -0.2517233435794142 0.185035394058233 0.9499459254309766
vn 1 0 0
vn 1 0 0
vn -0.2514426579236119 -1.300421842083381e-7 -0.967872197026184
vn 0.25144268584173146 -1.3004218323385714e-7 -0.9678721897733602
vn -1 0 0
vn -1 0 0
vn 0 0.7275400744397396 0.6860651864686172
vn 0 0.7275400744397396 0.6860651864686172
vn 0 0.7275400744397396 0.6860651864686172
vn 0 0.7275400744397396 0.6860651864686172
vn -0.2514426579236119 -1.300421842083381e-7 -0.967872197026184
vn 0.2514426858417313 -9.320740187089971e-8 -0.9678721897733645
vn 0 -1.343588384994376e-7 -0.9999999999999909
vn 0 -1.343588384994376e-7 -0.9999999999999909
vn 0.2517230885122321 0.185035180209812 0.9499460346749101
vn -0.2518091879988459 0.1850348756000583 0.9499232746127619
vn -1 0 0
vn -1 0 0
vn 1 0 0
vn 1 0 0
vn 1 0 0
vn -1 0 0
vn 1 0 0
vn 1 0 0
vn -0.9999999999999203 -6.12174277704118e-9 3.99614610268698e-7
vn -0.9999999999999203 -6.121743221130331e-9 3.996146102686981e-7
vn -0.9999999999999203 -6.121742777037361e-9 3.9961463869040364e-7
vn -0.9999999999999203 -6.1217432211265115e-9 3.996146386904037e-7
vn 1 0 0
vn 1 0 0
vn -1 0 0
vn -1 0 0
vn 1 0 0
vn 1 0 0
vn -0.9999999999999376 1.3585225483749478e-9 -3.537198078410724e-7
vn -0.9999999999999376 1.3585225483749478e-9 -3.537198078410724e-7
vn -0.9999999999999376 1.3585226593934167e-9 -3.53719836262778e-7
vn -0.9999999999999376 1.358522437356479e-9 -3.537197794193667e-7
vn -0.9999999999999503 2.1027489951643333e-9 -3.158767616663885e-7
vn -0.9999999999999503 2.102748995168152e-9 -3.158767332446829e-7
vn -0.9999999999999503 2.102748995168152e-9 -3.158767332446829e-7
vn -0.9999999999999503 2.1027489951643333e-9 -3.158767616663885e-7
vn -1 0 0
vn 1 0 0
vn -1 0 0
vn -1 0 0
vn -0.9999999999999531 -5.5268245868610036e-9 3.0657123991382485e-7
vn -0.9999999999999531 -5.526824586864822e-9 3.0657121149211923e-7
vn -0.9999999999999531 -5.526824586864822e-9 3.0657121149211923e-7
vn -0.9999999999999531 -5.526825030950154e-9 3.065712399138249e-7
vn 1 0 0
vn 1 0 0
vn 0.2543602576811584 0.10973644273240064 0.9608635555836289
vn -0.2543033814734846 0.10971630549800714 0.96088090962357
vn 1 0 0
vn 1 0 0
vn -0.25144268584173146 -1.3004218323385714e-7 -0.9678721897733602
vn 0.2514426579236119 -1.300421842083381e-7 -0.967872197026184
vn -1 0 0
vn -1 0 0
vn 0 0.7275399010214347 0.6860653703705799
vn 0 0.7275399010214347 0.6860653703705799
vn 0 0.7275399010214347 0.6860653703705799
vn 0 0.7275399010214347 0.6860653703705799
vn -0.25144268584173146 -1.3004218323385714e-7 -0.9678721897733602
vn 0.2514426858417313 -1.674902197754299e-7 -0.9678721897733545
vn 0 -1.343588384994376e-7 -0.9999999999999909
vn 0 -1.343588384994376e-7 -0.9999999999999909
vn 0.25430304217906474 0.10971596323050632 0.9608810385010598
vn -0.25436060008363626 0.10973667458238574 0.960863438463912
vn 1 0 0
vn 1 0 0
vn -0.9999999999999207 -6.103775531475234e-9 3.9844340862143746e-7
vn -0.9999999999999207 -6.103775531471415e-9 3.984434370431431e-7
vn -0.9999999999999207 -6.103775531475234e-9 3.9844340862143746e-7
vn -0.9999999999999207 -6.103775975560564e-9 3.9844343704314313e-7
vn -0.9999999999999378 1.3545051241352462e-9 -3.5268318297175734e-7
vn -0.9999999999999378 1.3545051241390648e-9 -3.526831545500517e-7
vn -0.9999999999999378 1.3545050131167773e-9 -3.526831545500517e-7
vn -0.9999999999999378 1.3545050131167773e-9 -3.526831545500517e-7
vn -0.9999999999999505 2.096540975268471e-9 -3.1495103829207597e-7
vn -0.9999999999999505 2.09654097527229e-9 -3.1495100987037035e-7
vn -0.9999999999999505 2.0965411973130463e-9 -3.1495103829207597e-7
vn -0.9999999999999505 2.09654097527229e-9 -3.1495100987037035e-7
vn -1 0 0
vn -0.9999999999999534 -5.510613677239711e-9 3.0567277295384995e-7
vn -0.9999999999999534 -5.510613677239711e-9 3.0567277295384995e-7
vn -0.9999999999999534 -5.510614121325043e-9 3.056728013755556e-7
vn -0.9999999999999534 -5.510614121325043e-9 3.056728013755556e-7
vn 1 0 0
vn 2.869509546721199e-7 0.7275394385723519 0.686065860775585
vn 2.869509706502829e-7 0.7275394666274474 0.6860658310245215
vn 2.869509706502829e-7 0.7275394666274474 0.6860658310245215
vn 2.869509706502829e-7 0.7275394666274474 0.6860658310245215
vn 1 0 0
vn 1 0 0
vn 3.346582480756515e-8 0.7275399885785948 0.686065277520337
vn 3.346582699177182e-8 0.7275399588275413 0.6860653090699298
vn 3.346582699177182e-8 0.7275399588275413 0.6860653090699298
vn 3.346582699177182e-8 0.7275399588275413 0.6860653090699298
vn 0.9999999999999876 -2.8161643039425294e-8 -1.5557643369587147e-7
vn 0.9999999999999876 -2.8161643039425294e-8 -1.5557643369587147e-7
vn 0.9999999999999876 -2.8161643039427203e-8 -1.5557644790672428e-7
vn 0.9999999999999876 -2.8161641263068693e-8 -1.555764336958717e-7
vn -0.999999999999917 1.7381564767256072e-7 3.68972917898906e-7
vn -0.999999999999917 1.7381564767256072e-7 3.68972917898906e-7
vn -0.999999999999917 1.738156476725569e-7 3.6897288947720036e-7
vn -0.999999999999917 1.7381564767256072e-7 3.68972917898906e-7
vn -0.999999999999946 -3.8573108770002486e-8 -3.265974804013686e-7
vn -0.999999999999946 -3.857310876999867e-8 -3.26597451979663e-7
vn -0.999999999999946 -3.857310521728165e-8 -3.2659742355795786e-7
vn -0.999999999999946 -3.857310876999867e-8 -3.26597451979663e-7
vn -0.9999999999999558 -5.970394586581424e-8 -2.9165600321347307e-7
vn -0.9999999999999558 -5.970394586581424e-8 -2.9165600321347307e-7
vn -0.9999999999999558 -5.970395297124828e-8 -2.9165606005688335e-7
vn -0.9999999999999558 -5.970394586581806e-8 -2.916560316351787e-7
vn -1 0 0
vn -1 0 0
vn -0.9999999999999476 1.5692424700273603e-7 2.8306396643612057e-7
vn -0.9999999999999476 1.5692424700273984e-7 2.830639948578262e-7
vn -0.9999999999999476 1.5692424700273984e-7 2.830639948578262e-7
vn -0.9999999999999476 1.5692424700273984e-7 2.830639948578262e-7
vn 1 0 0
vn 1 0 0
vn 0 -0.9999999999999909 1.343588384994376e-7
vn 0 -0.9999999999999909 1.343588384994376e-7
vn 0 -0.9999999999999909 1.343588384994376e-7
vn 0 -0.9999999999999909 1.343588384994376e-7
vn 0.2591984729619372 -0.2591990697824183 -0.930393461841886
vn -0.2591984729619372 -0.2591990697824183 -0.930393461841886
vn -0.4867287617129737 -1.1736958711265993e-7 -0.8735531538042444
vn -0.4867287617129737 -1.1736958711265993e-7 -0.8735531538042444
vn -0.4867287337691701 -1.1736958920460085e-7 -0.8735531693740495
vn -0.4867287110271619 -1.1736959090712265e-7 -0.8735531820455031
vn -0.4867287110271619 -1.1736959090712265e-7 -0.8735531820455031
vn -0.4867287337691701 -1.1736958920460085e-7 -0.8735531693740495
vn -0.4867287110271619 -1.1736959090712265e-7 -0.8735531820455031
vn -0.4867287110271619 -1.1736959090712265e-7 -0.8735531820455031
vn -0.4867287337691701 -1.1736958920460085e-7 -0.8735531693740495
vn -0.4867287110271619 -1.1736959090712265e-7 -0.8735531820455031
vn -0.4867287110271619 -1.1736959090712265e-7 -0.8735531820455031
vn -0.4867287337691701 -1.1736958920460085e-7 -0.8735531693740495
vn -0.47426723679156085 0.0014258679995656776 -0.880379778849188
vn -0.502077833716282 0.3810716028325525 -0.7763390254298664
vn -0.502077833716282 0.3810716028325525 -0.7763390254298664
vn -0.46713742598882607 0.7704071570158146 -0.4338841293010657
vn -0.24384844327059266 0.4378536026107749 -0.8653451099967423
vn -0.4766776424089546 0.8296737040963029 -0.2905511486099503
vn -0.48651039416519737 0.8549571926455113 -0.17987727792283917
vn -0.4864932240571081 0.869124081867337 -0.0891497238626073
vn -0.48682543115017873 0.8730545466711849 -0.027870380733213993
vn -0.4863396319455268 0.8736856015962202 0.012133917856172356
vn -0.48268590540033574 0.8710048553200976 0.09145960166474638
vn -0.4774560148844086 0.8240111484988055 0.3050268529168851
vn -0.4857690185625596 0.5717893293388441 0.661124363080807
vn -0.4770974835134685 0.16336027323831173 0.8635342566178946
vn -0.48032232512477924 0.0007310563392637215 0.8770917452258655
vn -0.48032232512477924 0.0007310563392637215 0.8770917452258655
vn -0.4865568617637166 0.020176912282027035 0.8734158874679386
vn -0.48709763974729864 0.0990842981166258 0.8677085865769376
vn -0.4864934740717073 0.16703440318028823 0.8575684274970984
vn -0.48667457559250604 0.18008509351262902 0.8548199907386359
vn -0.48660550766949995 0.19907901014146617 0.8506366013914531
vn -0.48690751889163403 0.2573908941244992 0.8346681949544884
vn -0.4865739818403842 0.31680823193027535 0.8141733871708202
vn -0.48352098639133273 0.36170534797837495 0.7971051981783803
vn -0.4903775251378949 0.16745667787513593 0.8552708014860886
vn -0.48545642078036466 -0.27853765624481663 0.8287031058085653
vn -0.4916284066273793 -0.2478315261822878 0.834794013171622
vn -0.4828786938428395 0.000030687244969653564 0.8756872535848209
vn -0.2591984729619372 -0.2591988197692392 0.9303935314932242
vn 0.2591984729619372 -0.2591988197692392 0.9303935314932242
vn 0.4828786938428395 0.000030687244969653564 0.8756872535848209
vn 0.49162961952496986 -0.24783114899537637 0.8347934108468783
vn 0.4854600330291215 -0.27853946062590784 0.8287003832541607
vn 0.4903869536591466 0.16745579773353014 0.8552655678129042
vn 0.4835428488584468 0.3617018891112504 0.7970935056385857
vn 0.4866145844025269 0.3168015250818801 0.8141517303012693
vn 0.4869626713508706 0.2573834829403768 0.8346383045489253
vn 0.486669286168689 0.19907208172246374 0.850601735349008
vn 0.4867441485239195 0.1800780466784813 0.8547818616361647
vn 0.4865613265128306 0.1670283954495622 0.8575311018590633
vn 0.4871444446147397 0.09908304344961298 0.8676824537708243
vn 0.48657494639451904 0.020177264097480514 0.8734058046261837
vn 0.4803252226142613 0.0007310892622268745 0.8770901584381455
vn 0.4803252226142613 0.0007310892622268745 0.8770901584381455
vn 0.4770975697492812 0.1633604266718105 0.8635341799471136
vn 0.48576902736336264 0.5717894238276309 0.6611242748933959
vn 0.4774559449755556 0.8240111984907542 0.3050268272944695
vn 0.4826859314461707 0.8710048427150621 0.0914595842481936
vn 0.48633965779962474 0.8736855884371993 0.012133829094260522
vn 0.48682550594630275 0.873054508152104 -0.027870280863574116
vn 0.4864932724630171 0.8691240618607046 -0.08914965475521945
vn 0.4865103967732611 0.8549571972287325 -0.17987724908479716
vn 0.4766776382813575 0.8296736969120754 -0.29055117589635937
vn 0.46713742598882607 0.7704071570158146 -0.4338841293010657
vn 0.5004119857580316 0.38130185786003834 -0.7773009312371798
vn 0.3439711613967926 0.2918672103440952 -0.8924670143222647
vn 0.48672936600957023 -1.7742124305874827e-7 -0.8735528171003115
vn 0.4867287617129724 -1.8985943387360068e-7 -0.8735531538042323
vn 0.4867287617129724 -4.606684409621023e-8 -0.8735531538042516
vn 0.48672878445498147 -4.60668576388352e-8 -0.8735531411327957
vn 0.4867287844549827 -1.1736958541013781e-7 -0.8735531411327883
vn 0.48672875911207397 -1.8861093468887908e-7 -0.8735531552534082
vn 0.4867287363700654 -1.8861094453022992e-7 -0.8735531679248629
vn 0.4867287617129722 -4.149735798933808e-8 -0.8735531538042518
vn 0.48672875911207386 -4.1497370340552094e-8 -0.8735531552534277
vn 0.4867287337691701 -1.1736958920460085e-7 -0.8735531693740495
vn 0.4867287617129737 -1.1736958711265993e-7 -0.8735531538042444
vn 0.4867287617129737 -1.1736958711265993e-7 -0.8735531538042444
vn -0.2592003653052129 -0.25920011606591237 0.9303926431658096
vn 0.2591980009727627 -0.2592002551286451 0.930393263105967
vn 0.4828786938428395 0.000030687244969653564 0.8756872535848209
vn 0.4916283143676879 -0.24783152474421424 0.8347940679322918
vn 0.48545636999278335 -0.2785376740065328 0.8287031295901208
vn 0.4903775251378949 0.16745667787513593 0.8552708014860886
vn 0.48352098639133273 0.36170534797837495 0.7971051981783803
vn 0.4865740045868821 0.31680822733622765 0.8141733753644624
vn 0.48690751889163403 0.2573908941244992 0.8346681949544884
vn 0.4866056025043051 0.19907902455473603 0.8506365437681106
vn 0.48667461846770266 0.18008511712451847 0.8548199613541817
vn 0.486493495867613 0.16703414244287507 0.8575684659179592
vn 0.4870976213311024 0.09908421102580549 0.8677086068600309
vn 0.4865568147702781 0.02017706554189469 0.8734159101062443
vn 0.4803223000141136 0.0007310563592606522 0.8770917589772186
vn 0.4803223000141136 0.0007310563592606522 0.8770917589772186
vn 0.47709693321132446 0.16336049751765622 0.8635345182279239
vn 0.485767753876414 0.5717898259673554 0.6611248628013358
vn 0.47745528725746683 0.824011484776075 0.30502708343197654
vn 0.4826858014662809 0.8710048828842499 0.0914598876811483
vn 0.4863396566619564 0.8736855863934593 0.012134021849646449
vn 0.48682550594630275 0.873054508152104 -0.027870280863574116
vn 0.4864932887491197 0.8691240377138483 -0.08914980128997926
vn 0.4865104227094544 0.8549571380622699 -0.1798774601539638
vn 0.47667763111068434 0.8296736689659088 -0.29055126746127585
vn 0.46713742598882607 0.7704071570158146 -0.4338841293010657
vn 0.5020778569491331 0.3810716204660412 -0.7763390017490754
vn 0.4742672865657244 0.001425868032810667 -0.8803797520354146
vn 0.4867287337691701 -1.1736958920460085e-7 -0.8735531693740495
vn 0.4867287337691701 -1.1736958920460085e-7 -0.8735531693740495
vn 0.4867287337691701 -1.1736958920460085e-7 -0.8735531693740495
vn 0.4867287818540829 -1.1736958560484752e-7 -0.8735531425819651
vn 0.4867287844549827 -1.1736958541013781e-7 -0.8735531411327883
vn 0.4867287110271619 -1.1736959090712265e-7 -0.8735531820455031
vn 0.4867287337691701 -1.1736958920460085e-7 -0.8735531693740495
vn 0.4867287110271619 -1.1736959090712265e-7 -0.8735531820455031
vn 0.4867287110271619 -1.1736959090712265e-7 -0.8735531820455031
vn 0.4867287337691701 -1.1736958920460085e-7 -0.8735531693740495
vn 0.4867287617129737 -1.1736958711265993e-7 -0.8735531538042444
vn 0.4867287617129737 -1.1736958711265993e-7 -0.8735531538042444
vn 0.2591984729619372 -0.2591990697824183 -0.930393461841886
vn -0.2591984729619372 -0.2591990697824183 -0.930393461841886
vn -0.4867287337691701 -1.1736958920460085e-7 -0.8735531693740495
vn -0.4867287337691701 -1.1736958920460085e-7 -0.8735531693740495
vn -0.4867287337691701 -1.1736958920460085e-7 -0.8735531693740495
vn -0.4867287110271619 -1.1736959090712265e-7 -0.8735531820455031
vn -0.4867287110271619 -1.1736959090712265e-7 -0.8735531820455031
vn -0.4867287337691701 -1.1736958920460085e-7 -0.8735531693740495
vn -0.4867287110271619 -1.1736959090712265e-7 -0.8735531820455031
vn -0.4867287110271619 -1.1736959090712265e-7 -0.8735531820455031
vn -0.4867287337691701 -1.1736958920460085e-7 -0.8735531693740495
vn -0.4867287110271619 -1.1736959090712265e-7 -0.8735531820455031
vn -0.4867287110271619 -1.1736959090712265e-7 -0.8735531820455031
vn -0.4867287591120753 -1.1736958730736949e-7 -0.87355315525342
vn -0.3439699935805418 0.2918673546670449 -0.8924674172180537
vn -0.5004112409506803 0.38130183534238066 -0.7773014217758334
vn -0.5004112409506803 0.38130183534238066 -0.7773014217758334
vn -0.46713741994838875 0.7704071470538683 -0.43388415349293646
vn -0.24299369550624358 0.4378549427573038 -0.865584838734608
vn -0.4766776382813575 0.8296736969120754 -0.29055117589635937
vn -0.48651039025310117 0.8549571857706783 -0.1798773211799013
vn -0.4864933150524628 0.8691240314629027 -0.08914971869241183
vn -0.48682550594630275 0.873054508152104 -0.027870280863574116
vn -0.48633960914826574 0.8736856141804791 0.01213392548152522
vn -0.48268590540033574 0.8710048553200976 0.09145960166474638
vn -0.47745484963643275 0.8240116880073324 0.3050272194181336
vn -0.48576649903119445 0.5717903236243295 0.6611253543985145
vn -0.4770963579759895 0.16336068815415986 0.8635347999773059
vn -0.4803252018629794 0.0007311146998952971 0.8770901697810685
vn -0.4803252018629794 0.0007311146998952971 0.8770901697810685
vn -0.48657492213023223 0.02017741892666895 0.8734058145669835
vn -0.4871444233232862 0.09908301537836738 0.8676824689300534
vn -0.48656138502831103 0.16702827119585326 0.8575310928594112
vn -0.48674416790181524 0.1800780466971801 0.8547818505977405
vn -0.4866692847250315 0.1990720960330952 0.850601732825778
vn -0.4869627093506975 0.25738353112581724 0.8346382675189497
vn -0.486614631630637 0.3168015558288614 0.8141516901090314
vn -0.48354285393160384 0.36170184081091955 0.797093524478572
vn -0.490386929967897 0.1674557347632519 0.8552655937260427
vn -0.4854600330291215 -0.27853946062590784 0.8287003832541607
vn -0.49162961952496986 -0.24783114899537637 0.8347934108468783
vn -0.48287976859946896 0.000030626221555163695 0.8756866609349249
vn 0 -0.015573254916504436 0.9998787295123872
vn 0 -0.015573331266426549 0.9998787283232233
vn 0.000002629402968913373 6.534204819418153e-7 0.9999999999963296
vn 0.000002629402968913373 6.534204819418153e-7 0.9999999999963296
vn 0.000002629402968913373 6.534204819418153e-7 0.9999999999963296
vn 0.000002629402968913373 6.534204819418153e-7 0.9999999999963296
vn 0.0000011182357095049638 6.281752964460687e-7 0.9999999999991773
vn 0.0000011182357095049638 6.281752964460687e-7 0.9999999999991773
vn 0.0000011182357095049638 6.281752964460687e-7 0.9999999999991773
vn 0.0000011182357095049638 6.281752964460687e-7 0.9999999999991773
vn 0 1.343588384994376e-7 0.9999999999999909
vn 0 1.343588384994376e-7 0.9999999999999909
vn 0 1.343588384994376e-7 0.9999999999999909
vn 0 1.343588384994376e-7 0.9999999999999909
vn 0 1.343588384994376e-7 0.9999999999999909
vn 0 1.343588384994376e-7 0.9999999999999909
vn 0 1.343588384994376e-7 0.9999999999999909
vn 0 1.343588384994376e-7 0.9999999999999909
vn 0.0000021283299833257884 1.3435883849913332e-7 0.999999999997726
vn 0.0000021283299833257884 1.3435883849913332e-7 0.999999999997726
vn 0.0000021283299833257884 1.3435883849913332e-7 0.999999999997726
vn 0.0000021283297559520825 1.3435883849913332e-7 0.999999999997726
vn 0.0000021283299833257884 1.3435883849913332e-7 0.999999999997726
vn 0.0000021283299833257884 1.3435883849913332e-7 0.999999999997726
vn 0.0000021283299833257884 1.3435883849913332e-7 0.999999999997726
vn 0.0000021283299833257884 1.3435883849913332e-7 0.999999999997726
vn 0 1.343588384994376e-7 0.9999999999999909
vn 0 1.343588384994376e-7 0.9999999999999909
vn 0 1.343588384994376e-7 0.9999999999999909
vn 0 1.343588384994376e-7 0.9999999999999909
vn 0 1.343588384994376e-7 0.9999999999999909
vn 0 1.343588384994376e-7 0.9999999999999909
vn 0 1.343588384994376e-7 0.9999999999999909
vn 0 1.343588384994376e-7 0.9999999999999909
vn 0 1.343588384994376e-7 0.9999999999999909
vn 0 1.343588384994376e-7 0.9999999999999909
vn 0 1.343588384994376e-7 0.9999999999999909
vn 0 1.343588384994376e-7 0.9999999999999909
vn 0 1.343588384994376e-7 0.9999999999999909
vn 0 1.343588384994376e-7 0.9999999999999909
vn -8.273121895556264e-7 -9.680113814960064e-7 0.9999999999991891
vn -8.273122463990528e-7 -9.680113814960064e-7 0.9999999999991891
vn -8.273121327121999e-7 -9.680113814960064e-7 0.9999999999991891
vn -8.273121895556264e-7 -9.680113814960064e-7 0.9999999999991891
vn -0.0000016546268802213254 1.343588384992537e-7 0.999999999998622
vn -0.0000016546268802213254 1.343588384992537e-7 0.999999999998622
vn -0.0000016546268802213254 1.343588384992537e-7 0.999999999998622
vn -0.0000016546268802213254 1.343588384992537e-7 0.999999999998622
vn -0.0000018299872593516092 1.3435883849921265e-7 0.9999999999983165
vn -0.0000018299872593516092 1.3435883849921265e-7 0.9999999999983165
vn -0.0000018299872593516092 1.3435883849921265e-7 0.9999999999983165
vn -0.0000018299872593516092 1.3435883849921265e-7 0.9999999999983165
vn -0.0000029831985017845757 0.0000031175485266376873 0.9999999999906906
vn -0.000002983198047037164 0.000003117548071890336 0.9999999999906906
vn -0.00000298319827441087 0.000003117548299264012 0.9999999999906906
vn -0.000002983198047037164 0.000003117548071890336 0.9999999999906906
vn 0 1.343588384994376e-7 0.9999999999999909
vn 0 1.343588384994376e-7 0.9999999999999909
vn 0 1.343588384994376e-7 0.9999999999999909
vn 0 1.343588384994376e-7 0.9999999999999909
vn 0 1.343588384994376e-7 0.9999999999999909
vn 0 1.343588384994376e-7 0.9999999999999909
vn 0 1.343588384994376e-7 0.9999999999999909
vn 0 1.343588384994376e-7 0.9999999999999909
vn 0 1.343588384994376e-7 0.9999999999999909
vn 0 1.343588384994376e-7 0.9999999999999909
vn 0 1.343588384994376e-7 0.9999999999999909
vn 0 1.343588384994376e-7 0.9999999999999909
vn -0.0000017378945419611564 1.3435883849923472e-7 0.9999999999984808
vn -0.0000017378945419611564 1.3435883849923472e-7 0.9999999999984808
vn -0.0000017378945419611564 1.3435883849923472e-7 0.9999999999984808
vn -0.0000017378945419611564 1.3435883849923472e-7 0.9999999999984808
vn 0 1.343588384994376e-7 0.9999999999999909
vn 0 1.343588384994376e-7 0.9999999999999909
vn 0 1.343588384994376e-7 0.9999999999999909
vn 0 1.343588384994376e-7 0.9999999999999909
vn -0.0000017378945419611564 1.3435883849923472e-7 0.9999999999984808
vn -0.0000017378945419611564 1.3435883849923472e-7 0.9999999999984808
vn -0.0000017378945419611564 1.3435883849923472e-7 0.9999999999984808
vn -0.0000017378945419611564 1.3435883849923472e-7 0.9999999999984808
vn -1 0 0
vn -1 0 0
vn -1 0 0
vn -1 0 0
vn 0 -0.9999999999999909 1.343588384994376e-7
vn 0 -0.9999999999999909 1.343588384994376e-7
vn 0 -0.9999999999999909 1.343588384994376e-7
vn 0 -0.9999999999999909 1.343588384994376e-7
vn 1 0 0
vn 1 0 0
vn 1 0 0
vn 1 0 0
vn 0 0.9999999999999909 -1.343588384994376e-7
vn 0 0.9999999999999909 -1.343588384994376e-7
vn 0 0.9999999999999909 -1.343588384994376e-7
vn 0 0.9999999999999909 -1.343588384994376e-7
vn 1 0 0
vn 1 0 0
vn 1 0 0
vn 1 0 0
vn 0 -0.9999999999999909 1.343588384994376e-7
vn 0 -0.9999999999999909 1.343588384994376e-7
vn 0 -0.9999999999999909 1.343588384994376e-7
vn 0 -0.9999999999999909 1.343588384994376e-7
vn -1 0 0
vn -1 0 0
vn -1 0 0
vn -1 0 0
vn 0 0.9999999999999909 -1.343588384994376e-7
vn 0 0.9999999999999909 -1.343588384994376e-7
vn 0 0.9999999999999909 -1.343588384994376e-7
vn 0 0.9999999999999909 -1.343588384994376e-7
vn -1 0 0
vn -1 0 0
vn -1 0 0
vn -1 0 0
vn 0 -0.9999999999999909 1.343588384994376e-7
vn 0 -0.9999999999999909 1.343588384994376e-7
vn 0 -0.9999999999999909 1.343588384994376e-7
vn 0 -0.9999999999999909 1.343588384994376e-7
vn 1 0 0
vn 1 0 0
vn 1 0 0
vn 1 0 0
vn 0 0.9999999999999909 -1.343588384994376e-7
vn 0 0.9999999999999909 -1.343588384994376e-7
vn 0 0.9999999999999909 -1.343588384994376e-7
vn 0 0.9999999999999909 -1.343588384994376e-7
vn 1 0 0
vn 1 0 0
vn 1 0 0
vn 1 0 0
vn 0 -0.9999999999999909 1.343588384994376e-7
vn 0 -0.9999999999999909 1.343588384994376e-7
vn 0 -0.9999999999999909 1.343588384994376e-7
vn 0 -0.9999999999999909 1.343588384994376e-7
vn -1 0 0
vn -1 0 0
vn -1 0 0
vn -1 0 0
vn 0 0.9999999999999909 -1.343588384994376e-7
vn 0 0.9999999999999909 -1.343588384994376e-7
vn 0 0.9999999999999909 -1.343588384994376e-7
vn 0 0.9999999999999909 -1.343588384994376e-7
vn 0 1.343588384994376e-7 0.9999999999999909
vn 0 1.343588384994376e-7 0.9999999999999909
vn 0 1.343588384994376e-7 0.9999999999999909
vn 0 1.343588384994376e-7 0.9999999999999909
vn 0.0000021283299833257884 1.3435883849913332e-7 0.999999999997726
vn 0.0000021283299833257884 1.3435883849913332e-7 0.999999999997726
vn 0 1.343588384994376e-7 0.9999999999999909
vn 0 1.343588384994376e-7 0.9999999999999909
vn 0 1.343588384994376e-7 0.9999999999999909
vn 0 1.343588384994376e-7 0.9999999999999909
vn 0 1.343588384994376e-7 0.9999999999999909
vn 0 1.343588384994376e-7 0.9999999999999909
vn -0.0000018299873730384624 1.3435883849921265e-7 0.9999999999983165
vn -0.0000018299873730384624 1.3435883849921265e-7 0.9999999999983165
vn -0.0000018299873730384624 1.3435883849921265e-7 0.9999999999983165
vn -0.0000018299873730384624 1.3435883849921265e-7 0.9999999999983165
vn 0.0000011182358231906305 -0.0000014037691651288556 0.9999999999983894
vn 0.0000011182358231906305 -0.0000014037691651288556 0.9999999999983894
vn 0.0000011182358231906305 -0.0000014037691651288556 0.9999999999983894
vn 0.0000011182358231906305 -0.0000014037691651288556 0.9999999999983894
vn 0 1.343588384994376e-7 0.9999999999999909
vn 0 1.343588384994376e-7 0.9999999999999909
vn 0 1.343588384994376e-7 0.9999999999999909
vn 0 1.343588384994376e-7 0.9999999999999909
vn -0.000024805283515954028 1.3435883845810195e-7 0.9999999996923398
vn -0.000024805283515954028 1.3435883845810195e-7 0.9999999996923398
vn -0.000024805283515954028 1.3435883845810195e-7 0.9999999996923398
vn -0.000024805283515954028 1.3435883845810195e-7 0.9999999996923398
vn 0 1.343588384994376e-7 0.9999999999999909
vn 0 1.343588384994376e-7 0.9999999999999909
vn 0 1.343588384994376e-7 0.9999999999999909
vn 0 1.343588384994376e-7 0.9999999999999909
vn 0 1.343588384994376e-7 0.9999999999999909
vn 0 1.343588384994376e-7 0.9999999999999909
vn 0 1.343588384994376e-7 0.9999999999999909
vn 0 1.343588384994376e-7 0.9999999999999909
vn 0 1.343588384994376e-7 0.9999999999999909
vn 0 1.343588384994376e-7 0.9999999999999909
vn 0 1.343588384994376e-7 0.9999999999999909
vn 0 1.343588384994376e-7 0.9999999999999909
vn -0.0000017378945419611564 1.3435883849923472e-7 0.9999999999984808
vn -0.0000017378945419611564 1.3435883849923472e-7 0.9999999999984808
vn -0.0000017378945419611564 1.3435883849923472e-7 0.9999999999984808
vn -0.0000017378945419611564 1.3435883849923472e-7 0.9999999999984808
vn 0 1.343588384994376e-7 0.9999999999999909
vn 0 1.343588384994376e-7 0.9999999999999909
vn 0 1.343588384994376e-7 0.9999999999999909
vn 0 1.343588384994376e-7 0.9999999999999909
vn -0.0000017378945419611564 1.3435883849923472e-7 0.9999999999984808
vn -0.0000017378945419611564 1.3435883849923472e-7 0.9999999999984808
vn -0.0000017378945419611564 1.3435883849923472e-7 0.9999999999984808
vn -0.0000017378945419611564 1.3435883849923472e-7 0.9999999999984808
vn -1 0 0
vn -1 0 0
vn -1 0 0
vn -1 0 0
vn 0 -0.9999999999999909 1.343588384994376e-7
vn 0 -0.9999999999999909 1.343588384994376e-7
vn 0 -0.9999999999999909 1.343588384994376e-7
vn 0 -0.9999999999999909 1.343588384994376e-7
vn 1 0 0
vn 1 0 0
vn 1 0 0
vn 1 0 0
vn 0 0.9999999999999909 -1.343588384994376e-7
vn 0 0.9999999999999909 -1.343588384994376e-7
vn 0 0.9999999999999909 -1.343588384994376e-7
vn 0 0.9999999999999909 -1.343588384994376e-7
vn 1 0 0
vn 1 0 0
vn 1 0 0
vn 1 0 0
vn 0 -0.9999999999999909 1.343588384994376e-7
vn 0 -0.9999999999999909 1.343588384994376e-7
vn 0 -0.9999999999999909 1.343588384994376e-7
vn 0 -0.9999999999999909 1.343588384994376e-7
vn -1 0 0
vn -1 0 0
vn -1 0 0
vn -1 0 0
vn 0 0.9999999999999909 -1.343588384994376e-7
vn 0 0.9999999999999909 -1.343588384994376e-7
vn 0 0.9999999999999909 -1.343588384994376e-7
vn 0 0.9999999999999909 -1.343588384994376e-7
vn -1 0 0
vn -1 0 0
vn -1 0 0
vn -1 0 0
vn 0 -0.9999999999999909 1.343588384994376e-7
vn 0 -0.9999999999999909 1.343588384994376e-7
vn 0 -0.9999999999999909 1.343588384994376e-7
vn 0 -0.9999999999999909 1.343588384994376e-7
vn 1 0 0
vn 1 0 0
vn 1 0 0
vn 1 0 0
vn 0 0.9999999999999909 -1.343588384994376e-7
vn 0 0.9999999999999909 -1.343588384994376e-7
vn 0 0.9999999999999909 -1.343588384994376e-7
vn 0 0.9999999999999909 -1.343588384994376e-7
vn 1 0 0
vn 1 0 0
vn 1 0 0
vn 1 0 0
vn 0 -0.9999999999999909 1.343588384994376e-7
vn 0 -0.9999999999999909 1.343588384994376e-7
vn 0 -0.9999999999999909 1.343588384994376e-7
vn 0 -0.9999999999999909 1.343588384994376e-7
vn -1 0 0
vn -1 0 0
vn -1 0 0
vn -1 0 0
vn 0 0.9999999999999909 -1.343588384994376e-7
vn 0 0.9999999999999909 -1.343588384994376e-7
vn 0 0.9999999999999909 -1.343588384994376e-7
vn 0 0.9999999999999909 -1.343588384994376e-7
vn 1 0 0
vn 0.9238820208730532 0.3826774248731176 -5.141609432590835e-8
vn 0.9238820208730532 0.3826774248731176 -5.141609432590835e-8
vn 1 0 0
vn 0.7071140110121309 0.7070995512870356 -9.500507441440048e-8
vn 0.7071140110121309 0.7070995512870356 -9.500507441440048e-8
vn 0.38268575576497743 0.9238785701241115 -1.24131251596398e-7
vn 0.38268575576497743 0.9238785701241115 -1.24131251596398e-7
vn 0 0.9999999999999909 -1.343588384994376e-7
vn 0 0.9999999999999909 -1.343588384994376e-7
vn -0.38268575576497743 0.9238785701241115 -1.24131251596398e-7
vn -0.38268575576497743 0.9238785701241115 -1.24131251596398e-7
vn -0.7071140110121309 0.7070995512870356 -9.500507441440048e-8
vn -0.7071140110121309 0.7070995512870356 -9.500507441440048e-8
vn -0.9238820208730532 0.3826774248731176 -5.141609432590835e-8
vn -0.9238820208730532 0.3826774248731176 -5.141609432590835e-8
vn -1 0 0
vn -1 0 0
vn -0.9238820208730532 -0.3826774248731176 5.141609432590835e-8
vn -0.9238820208730532 -0.3826774248731176 5.141609432590835e-8
vn -0.7071140110121309 -0.7070995512870356 9.500507441440048e-8
vn -0.7071140110121309 -0.7070995512870356 9.500507441440048e-8
vn -0.38268575576497743 -0.9238785701241115 1.24131251596398e-7
vn -0.38268575576497743 -0.9238785701241115 1.24131251596398e-7
vn 0 -0.9999999999999909 1.343588384994376e-7
vn 0 -0.9999999999999909 1.343588384994376e-7
vn 0.38268575576497743 -0.9238785701241115 1.24131251596398e-7
vn 0.38268575576497743 -0.9238785701241115 1.24131251596398e-7
vn 0.7071140110121309 -0.7070995512870356 9.500507441440048e-8
vn 0.7071140110121309 -0.7070995512870356 9.500507441440048e-8
vn 0.9238820208730532 -0.3826774248731176 5.141609432590835e-8
vn 0.9238820208730532 -0.3826774248731176 5.141609432590835e-8
vn 0 1.343588384994376e-7 0.9999999999999909
vn 0 1.343588384994376e-7 0.9999999999999909
vn 0 1.343588384994376e-7 0.9999999999999909
vn 0 1.343588384994376e-7 0.9999999999999909
vn 0 1.343588384994376e-7 0.9999999999999909
vn 0 1.343588384994376e-7 0.9999999999999909
vn 0 1.343588384994376e-7 0.9999999999999909
vn 0 1.343588384994376e-7 0.9999999999999909
vn 0 1.343588384994376e-7 0.9999999999999909
vn 0 1.343588384994376e-7 0.9999999999999909
vn 0 1.343588384994376e-7 0.9999999999999909
vn 0 1.343588384994376e-7 0.9999999999999909
vn 0 1.343588384994376e-7 0.9999999999999909
vn 0 1.343588384994376e-7 0.9999999999999909
vn 0 1.343588384994376e-7 0.9999999999999909
vn 0 1.343588384994376e-7 0.9999999999999909
vn 0 1.343588384994376e-7 0.9999999999999909
vn 0 1.343588384994376e-7 0.9999999999999909
vn 0 1.343588384994376e-7 0.9999999999999909
vn 0 1.343588384994376e-7 0.9999999999999909
vn 0 1.343588384994376e-7 0.9999999999999909
vn 0 1.343588384994376e-7 0.9999999999999909
vn 0 1.343588384994376e-7 0.9999999999999909
vn 0 1.343588384994376e-7 0.9999999999999909
vn 0 1.343588384994376e-7 0.9999999999999909
vn 0 1.343588384994376e-7 0.9999999999999909
vn 0 1.343588384994376e-7 0.9999999999999909
vn 0 1.343588384994376e-7 0.9999999999999909
vn 0 1.343588384994376e-7 0.9999999999999909
vn 0 1.343588384994376e-7 0.9999999999999909
vn 0 1.343588384994376e-7 0.9999999999999909
vn 0 1.343588384994376e-7 0.9999999999999909
vn 0 1.343588384994376e-7 0.9999999999999909
vn 0 1.343588384994376e-7 0.9999999999999909
vn 0 1.343588384994376e-7 0.9999999999999909
vn 0 1.343588384994376e-7 0.9999999999999909
vn 1 0 0
vn 0.9238796170781669 0.3826832282025133 -5.141687405450538e-8
vn 0.9238796170781669 0.3826832282025133 -5.141687405450538e-8
vn 1 0 0
vn 0.7071068286895752 0.7071067336835104 -9.500603943284848e-8
vn 0.7071068286895752 0.7071067336835104 -9.500603943284848e-8
vn 0.3826910634117171 0.9238763715913477 -1.2413095620408943e-7
vn 0.3826910634117171 0.9238763715913477 -1.2413095620408943e-7
vn 0 0.9999999999999909 -1.343588384994376e-7
vn 0 0.9999999999999909 -1.343588384994376e-7
vn -0.3826910634117171 0.9238763715913477 -1.2413095620408943e-7
vn -0.3826910634117171 0.9238763715913477 -1.2413095620408943e-7
vn -0.7071068286895752 0.7071067336835104 -9.500603943284848e-8
vn -0.7071068286895752 0.7071067336835104 -9.500603943284848e-8
vn -0.9238796170781669 0.3826832282025133 -5.141687405450538e-8
vn -0.9238796170781669 0.3826832282025133 -5.141687405450538e-8
vn -0.9238796170781669 0.3826832282025133 -5.141687405450538e-8
vn -1 0 0
vn -1 0 0
vn -0.9238796170781669 0.3826832282025133 -5.141687405450538e-8
vn -0.9238796170781669 -0.3826832282025133 5.141687405450538e-8
vn -0.9238796170781669 -0.3826832282025133 5.141687405450538e-8
vn -0.7071068286895752 -0.7071067336835104 9.500603943284848e-8
vn -0.7071068286895752 -0.7071067336835104 9.500603943284848e-8
vn -0.3826910634117171 -0.9238763715913477 1.2413095620408943e-7
vn -0.3826910634117171 -0.9238763715913477 1.2413095620408943e-7
vn 0 -0.9999999999999909 1.343588384994376e-7
vn 0 -0.9999999999999909 1.343588384994376e-7
vn 0.3826910634117171 -0.9238763715913477 1.2413095620408943e-7
vn 0.3826910634117171 -0.9238763715913477 1.2413095620408943e-7
vn 0.7071068286895752 -0.7071067336835104 9.500603943284848e-8
vn 0.7071068286895752 -0.7071067336835104 9.500603943284848e-8
vn 0.9238796170781669 -0.3826832282025133 5.141687405450538e-8
vn 0.9238796170781669 -0.3826832282025133 5.141687405450538e-8
vn 1 0 0
vn 0.9238781642470018 0.38268673563057726 -5.1417345308466176e-8
vn 0.9238781642470018 0.38268673563057726 -5.1417345308466176e-8
vn 1 0 0
vn 0.7071068286895752 0.7071067336835104 -9.500603943284848e-8
vn 0.7071068286895752 0.7071067336835104 -9.500603943284848e-8
vn 0.38268575576497743 0.9238785701241115 -1.24131251596398e-7
vn 0.38268575576497743 0.9238785701241115 -1.24131251596398e-7
vn -0.0000023696946755677177 0.9999999999971831 -1.3435883849906036e-7
vn -0.0000023696946755677177 0.9999999999971831 -1.3435883849906036e-7
vn -0.3826879586298124 0.9238776576580535 -1.2413112899851825e-7
vn -0.3826879586298124 0.9238776576580535 -1.2413112899851825e-7
vn -0.7071068286895752 0.7071067336835104 -9.500603943284848e-8
vn -0.7071068286895752 0.7071067336835104 -9.500603943284848e-8
vn -0.9238781642470018 0.38268673563057726 -5.1417345308466176e-8
vn -0.9238781642470018 0.38268673563057726 -5.1417345308466176e-8
vn -1 0 0
vn -1 0 0
vn -0.9238781642470018 -0.38268673563057726 5.1417345308466176e-8
vn -0.9238781642470018 -0.38268673563057726 5.1417345308466176e-8
vn -0.7071068286895752 -0.7071067336835104 9.500603943284848e-8
vn -0.7071068286895752 -0.7071067336835104 9.500603943284848e-8
vn -0.3826879586298124 -0.9238776576580535 1.2413112899851825e-7
vn -0.3826879586298124 -0.9238776576580535 1.2413112899851825e-7
vn -0.0000023696946755677177 -0.9999999999971831 1.3435883849906036e-7
vn -0.0000023696946755677177 -0.9999999999971831 1.3435883849906036e-7
vn 0.38268575576497743 -0.9238785701241115 1.24131251596398e-7
vn 0.38268575576497743 -0.9238785701241115 1.24131251596398e-7
vn 0.7071068286895752 -0.7071067336835104 9.500603943284848e-8
vn 0.7071068286895752 -0.7071067336835104 9.500603943284848e-8
vn 0.9238781642470018 -0.38268673563057726 5.1417345308466176e-8
vn 0.9238781642470018 -0.38268673563057726 5.1417345308466176e-8
vn 0 1.343588384994376e-7 0.9999999999999909
vn 0 1.343588384994376e-7 0.9999999999999909
vn 0 1.343588384994376e-7 0.9999999999999909
vn 0 1.343588384994376e-7 0.9999999999999909
vn 0 1.343588384994376e-7 0.9999999999999909
vn 0 1.343588384994376e-7 0.9999999999999909
vn 0 1.343588384994376e-7 0.9999999999999909
vn 0 1.343588384994376e-7 0.9999999999999909
vn 0 1.343588384994376e-7 0.9999999999999909
vn 0 1.343588384994376e-7 0.9999999999999909
vn 0 1.343588384994376e-7 0.9999999999999909
vn 0 1.343588384994376e-7 0.9999999999999909
vn 0 1.343588384994376e-7 0.9999999999999909
vn 0 1.343588384994376e-7 0.9999999999999909
vn 0 1.343588384994376e-7 0.9999999999999909
vn 0 1.343588384994376e-7 0.9999999999999909
vn 0 1.343588384994376e-7 0.9999999999999909
vn 0 1.343588384994376e-7 0.9999999999999909
vn 0 1.343588384994376e-7 0.9999999999999909
vn 0 1.343588384994376e-7 0.9999999999999909
vn 0 1.343588384994376e-7 0.9999999999999909
vn 0 1.343588384994376e-7 0.9999999999999909
vn 0 1.343588384994376e-7 0.9999999999999909
vn 0 1.343588384994376e-7 0.9999999999999909
vn 0 1.343588384994376e-7 0.9999999999999909
vn 0 1.343588384994376e-7 0.9999999999999909
vn 0 1.343588384994376e-7 0.9999999999999909
vn 0 1.343588384994376e-7 0.9999999999999909
vn 0 1.343588384994376e-7 0.9999999999999909
vn 0 1.343588384994376e-7 0.9999999999999909
vn 0 1.343588384994376e-7 0.9999999999999909
vn 0 1.343588384994376e-7 0.9999999999999909
vn 0 1.343588384994376e-7 0.9999999999999909
vn 0 1.343588384994376e-7 0.9999999999999909
vn 0 1.343588384994376e-7 0.9999999999999909
vn 0 1.343588384994376e-7 0.9999999999999909
vn 1 0 0
vn 0.9238796170781669 0.3826832282025133 -5.141687405450538e-8
vn 0.9238796170781669 0.3826832282025133 -5.141687405450538e-8
vn 1 0 0
vn 0.7071068286895752 0.7071067336835104 -9.500603943284848e-8
vn 0.7071068286895752 0.7071067336835104 -9.500603943284848e-8
vn 0.3826910634117171 0.9238763715913477 -1.2413095620408943e-7
vn 0.3826910634117171 0.9238763715913477 -1.2413095620408943e-7
vn -0.000004207429466549805 0.9999999999911395 -1.3435883849824835e-7
vn -0.000004207429466549805 0.9999999999911395 -1.3435883849824835e-7
vn -0.38269496473904124 0.9238747555612548 -1.2413073907616316e-7
vn -0.38269496473904124 0.9238747555612548 -1.2413073907616316e-7
vn -0.7071068286895752 0.7071067336835104 -9.500603943284848e-8
vn -0.7071068286895752 0.7071067336835104 -9.500603943284848e-8
vn -0.7071068286895752 0.7071067336835104 -9.500603943284848e-8
vn -0.9238796170781669 0.3826832282025133 -5.141687405450538e-8
vn -0.9238796170781669 0.3826832282025133 -5.141687405450538e-8
vn -0.7071068286895752 0.7071067336835104 -9.500603943284848e-8
vn -1 0 0
vn -1 0 0
vn -0.9238796170781669 -0.3826832282025133 5.141687405450538e-8
vn -0.9238796170781669 -0.3826832282025133 5.141687405450538e-8
vn -0.7071068286895752 -0.7071067336835104 9.500603943284848e-8
vn -0.7071068286895752 -0.7071067336835104 9.500603943284848e-8
vn -0.38269496473904124 -0.9238747555612548 1.2413073907616316e-7
vn -0.38269496473904124 -0.9238747555612548 1.2413073907616316e-7
vn -0.000004207429466549805 -0.9999999999911395 1.3435883849824835e-7
vn -0.000004207429466549805 -0.9999999999911395 1.3435883849824835e-7
vn 0.3826910634117171 -0.9238763715913477 1.2413095620408943e-7
vn 0.3826910634117171 -0.9238763715913477 1.2413095620408943e-7
vn 0.7071068286895752 -0.7071067336835104 9.500603943284848e-8
vn 0.7071068286895752 -0.7071067336835104 9.500603943284848e-8
vn 0.9238796170781669 -0.3826832282025133 5.141687405450538e-8
vn 0.9238796170781669 -0.3826832282025133 5.141687405450538e-8
vn 1 0 0
vn 0.923880673430337 0.38268067793122806 -5.1416531403017643e-8
vn 0.923880673430337 0.38268067793122806 -5.1416531403017643e-8
vn 1 0 0
vn 0.707112491107873 0.7071010712191074 -9.500527863070825e-8
vn 0.707112491107873 0.7071010712191074 -9.500527863070825e-8
vn 0.38268293877288556 0.9238797369637094 -1.2413140837161107e-7
vn 0.38268293877288556 0.9238797369637094 -1.2413140837161107e-7
vn 0 0.9999999999999909 -1.343588384994376e-7
vn 0 0.9999999999999909 -1.343588384994376e-7
vn -0.38268293877288556 0.9238797369637094 -1.2413140837161107e-7
vn -0.38268293877288556 0.9238797369637094 -1.2413140837161107e-7
vn -0.707112491107873 0.7071010712191074 -9.500527863070825e-8
vn -0.707112491107873 0.7071010712191074 -9.500527863070825e-8
vn -0.707112491107873 0.7071010712191074 -9.500527863070825e-8
vn -0.923880673430337 0.38268067793122806 -5.1416531403017643e-8
vn -0.923880673430337 0.38268067793122806 -5.1416531403017643e-8
vn -0.707112491107873 0.7071010712191074 -9.500527863070825e-8
vn -1 0 0
vn -1 0 0
vn -0.923880673430337 -0.38268067793122806 5.1416531403017643e-8
vn -0.923880673430337 -0.38268067793122806 5.1416531403017643e-8
vn -0.707112491107873 -0.7071010712191074 9.500527863070825e-8
vn -0.707112491107873 -0.7071010712191074 9.500527863070825e-8
vn -0.38268293877288556 -0.9238797369637094 1.2413140837161107e-7
vn -0.38268293877288556 -0.9238797369637094 1.2413140837161107e-7
vn 0 -0.9999999999999909 1.343588384994376e-7
vn 0 -0.9999999999999909 1.343588384994376e-7
vn 0.38268293877288556 -0.9238797369637094 1.2413140837161107e-7
vn 0.38268293877288556 -0.9238797369637094 1.2413140837161107e-7
vn 0.707112491107873 -0.7071010712191074 9.500527863070825e-8
vn 0.707112491107873 -0.7071010712191074 9.500527863070825e-8
vn 0.923880673430337 -0.38268067793122806 5.1416531403017643e-8
vn 0.923880673430337 -0.38268067793122806 5.1416531403017643e-8
vn 0 1.343588384994376e-7 0.9999999999999909
vn 0 1.343588384994376e-7 0.9999999999999909
vn 0 1.343588384994376e-7 0.9999999999999909
vn 0 1.343588384994376e-7 0.9999999999999909
vn 0 1.343588384994376e-7 0.9999999999999909
vn 0 1.343588384994376e-7 0.9999999999999909
vn 0 1.343588384994376e-7 0.9999999999999909
vn 0 1.343588384994376e-7 0.9999999999999909
vn 0 1.343588384994376e-7 0.9999999999999909
vn 0 1.343588384994376e-7 0.9999999999999909
vn 0 1.343588384994376e-7 0.9999999999999909
vn 0 1.343588384994376e-7 0.9999999999999909
vn 0 1.343588384994376e-7 0.9999999999999909
vn 0 1.343588384994376e-7 0.9999999999999909
vn 0 1.343588384994376e-7 0.9999999999999909
vn 0 1.343588384994376e-7 0.9999999999999909
vn 0 1.343588384994376e-7 0.9999999999999909
vn 0 1.343588384994376e-7 0.9999999999999909
vn 0 1.343588384994376e-7 0.9999999999999909
vn 0 1.343588384994376e-7 0.9999999999999909
vn 0 1.343588384994376e-7 0.9999999999999909
vn 0 1.343588384994376e-7 0.9999999999999909
vn 0 1.343588384994376e-7 0.9999999999999909
vn 0 1.343588384994376e-7 0.9999999999999909
vn 0 1.343588384994376e-7 0.9999999999999909
vn 0 1.343588384994376e-7 0.9999999999999909
vn 0 1.343588384994376e-7 0.9999999999999909
vn 0 1.343588384994376e-7 0.9999999999999909
vn 0 1.343588384994376e-7 0.9999999999999909
vn 0 1.343588384994376e-7 0.9999999999999909
vn 0 1.343588384994376e-7 0.9999999999999909
vn 0 1.343588384994376e-7 0.9999999999999909
vn 0 1.343588384994376e-7 0.9999999999999909
vn 0 1.343588384994376e-7 0.9999999999999909
vn -0.9238822683267857 -0.3826768274554271 5.141601405756135e-8
vn -0.9238822683267857 -0.3826768274554271 5.141601405756135e-8
vn -1 0 0
vn -1 0 0
vn -0.7071068286895752 -0.7071067336835104 9.500603943284848e-8
vn -0.7071068286895752 -0.7071067336835104 9.500603943284848e-8
vn -0.38268203248684063 -0.9238801123585925 1.2413145880923154e-7
vn -0.38268203248684063 -0.9238801123585925 1.2413145880923154e-7
vn 0 -0.9999999999999909 1.343588384994376e-7
vn 0 -0.9999999999999909 1.343588384994376e-7
vn 0.38268203248684063 -0.9238801123585925 1.2413145880923154e-7
vn 0.38268203248684063 -0.9238801123585925 1.2413145880923154e-7
vn 0.7071068286895752 -0.7071067336835104 9.500603943284848e-8
vn 0.7071068286895752 -0.7071067336835104 9.500603943284848e-8
vn 0.7071068286895752 -0.7071067336835104 9.500603943284848e-8
vn 0.9238822683267857 -0.3826768274554271 5.141601405756135e-8
vn 0.9238822683267857 -0.3826768274554271 5.141601405756135e-8
vn 0.7071068286895752 -0.7071067336835104 9.500603943284848e-8
vn 1 0 0
vn 1 0 0
vn 0.9238822683267857 0.3826768274554271 -5.141601405756135e-8
vn 0.9238822683267857 0.3826768274554271 -5.141601405756135e-8
vn 0.7071068286895752 0.7071067336835104 -9.500603943284848e-8
vn 0.7071068286895752 0.7071067336835104 -9.500603943284848e-8
vn 0.38268203248684063 0.9238801123585925 -1.2413145880923154e-7
vn 0.38268203248684063 0.9238801123585925 -1.2413145880923154e-7
vn 0 0.9999999999999909 -1.343588384994376e-7
vn 0 0.9999999999999909 -1.343588384994376e-7
vn -0.38268203248684063 0.9238801123585925 -1.2413145880923154e-7
vn -0.38268203248684063 0.9238801123585925 -1.2413145880923154e-7
vn -0.7071068286895752 0.7071067336835104 -9.500603943284848e-8
vn -0.7071068286895752 0.7071067336835104 -9.500603943284848e-8
vn -0.9238822683267857 0.3826768274554271 -5.141601405756135e-8
vn -0.9238822683267857 0.3826768274554271 -5.141601405756135e-8
vn 0 1.343588384994376e-7 0.9999999999999909
vn 0 1.343588384994376e-7 0.9999999999999909
vn 0 1.343588384994376e-7 0.9999999999999909
vn 0 1.343588384994376e-7 0.9999999999999909
vn 0 1.343588384994376e-7 0.9999999999999909
vn 0 1.343588384994376e-7 0.9999999999999909
vn 0 1.343588384994376e-7 0.9999999999999909
vn 0 1.343588384994376e-7 0.9999999999999909
vn 0 1.343588384994376e-7 0.9999999999999909
vn 0 1.343588384994376e-7 0.9999999999999909
vn 0 1.343588384994376e-7 0.9999999999999909
vn 0 1.343588384994376e-7 0.9999999999999909
vn 0 1.343588384994376e-7 0.9999999999999909
vn 0 1.343588384994376e-7 0.9999999999999909
vn 0 1.343588384994376e-7 0.9999999999999909
vn 0 1.343588384994376e-7 0.9999999999999909
vn 0 1.343588384994376e-7 0.9999999999999909
vn 0 1.343588384994376e-7 0.9999999999999909
vn 0 1.343588384994376e-7 0.9999999999999909
vn 0 1.343588384994376e-7 0.9999999999999909
vn 0 1.343588384994376e-7 0.9999999999999909
vn 0 1.343588384994376e-7 0.9999999999999909
vn 0 1.343588384994376e-7 0.9999999999999909
vn 0 1.343588384994376e-7 0.9999999999999909
vn 0 1.343588384994376e-7 0.9999999999999909
vn 0 1.343588384994376e-7 0.9999999999999909
vn 0 1.343588384994376e-7 0.9999999999999909
vn 0 1.343588384994376e-7 0.9999999999999909
vn 0 1.343588384994376e-7 0.9999999999999909
vn 0 1.343588384994376e-7 0.9999999999999909
vn 0 1.343588384994376e-7 0.9999999999999909
vn 0 1.343588384994376e-7 0.9999999999999909
vn 0 1.343588384994376e-7 0.9999999999999909
vn 0 1.343588384994376e-7 0.9999999999999909
vn 0 1.343588384994376e-7 0.9999999999999909
vn 0 1.343588384994376e-7 0.9999999999999909
vn 0 1.343588384994376e-7 0.9999999999999909
vn 0 1.343588384994376e-7 0.9999999999999909
vn 0.0000027938407699436055 -0.0000026594738253630006 0.9999999999925607
vn 0.0000027938409973173115 -0.000002659474052736676 0.9999999999925607
vn 0.0000027938407699436055 -0.0000026594738253630006 0.9999999999925607
vn 0.0000027938407699436055 -0.000002659474052736676 0.9999999999925607
vn 0 1.343588384994376e-7 0.9999999999999909
vn 0 1.343588384994376e-7 0.9999999999999909
vn 0 1.343588384994376e-7 0.9999999999999909
vn 0 1.343588384994376e-7 0.9999999999999909
vn -8.431936744846563e-7 -0.0000012391527841588025 0.9999999999988767
vn -8.431936176412298e-7 -0.0000012391526704719648 0.9999999999988767
vn -8.431936744846563e-7 -0.0000012391527841588025 0.9999999999988767
vn -8.431936176412298e-7 -0.0000012391526704719648 0.9999999999988767
vn 0 1.343588384994376e-7 0.9999999999999909
vn 0 1.343588384994376e-7 0.9999999999999909
vn 0 1.343588384994376e-7 0.9999999999999909
vn 0 1.343588384994376e-7 0.9999999999999909
vn 0 1.343588384994376e-7 0.9999999999999909
vn 0 1.343588384994376e-7 0.9999999999999909
vn 0 1.343588384994376e-7 0.9999999999999909
vn 0 1.343588384994376e-7 0.9999999999999909
vn 0 1.343588384994376e-7 0.9999999999999909
vn 0 1.343588384994376e-7 0.9999999999999909
vn 0 -1.343588384994376e-7 -0.9999999999999909
vn 0 -1.343588384994376e-7 -0.9999999999999909
vn 0 -1.343588384994376e-7 -0.9999999999999909
vn 0 -1.343588384994376e-7 -0.9999999999999909
vn 0 -0.000003210614845745909 -0.9999999999948458
vn 0 -0.000003210614845745909 -0.9999999999948458
vn 0 -0.000003210614845745909 -0.9999999999948458
vn 0 -0.000003210614845745909 -0.9999999999948458
vn 0 8.532740773943472e-7 -0.999999999999636
vn 0 8.532740773943472e-7 -0.999999999999636
vn 0 8.532740773943472e-7 -0.999999999999636
vn 0 8.532740773943472e-7 -0.999999999999636
vn 0 -1.343588384994376e-7 -0.9999999999999909
vn 0 -1.343588384994376e-7 -0.9999999999999909
vn 0 -1.343588384994376e-7 -0.9999999999999909
vn 0 -1.343588384994376e-7 -0.9999999999999909
vn 0 -1.343588384994376e-7 -0.9999999999999909
vn 0 -1.343588384994376e-7 -0.9999999999999909
vn 0 -1.343588384994376e-7 -0.9999999999999909
vn 0 -1.343588384994376e-7 -0.9999999999999909
vn 0 -1.343588384994376e-7 -0.9999999999999909
vn 0 -1.343588384994376e-7 -0.9999999999999909
vn 0 -1.343588384994376e-7 -0.9999999999999909
vn 0 -1.343588384994376e-7 -0.9999999999999909
vn 0 -1.343588384994376e-7 -0.9999999999999909
vn 0 -1.343588384994376e-7 -0.9999999999999909
vn 0 -1.343588384994376e-7 -0.9999999999999909
vn 0 -1.343588384994376e-7 -0.9999999999999909
vn 0 -1.343588384994376e-7 -0.9999999999999909
vn 0 -1.343588384994376e-7 -0.9999999999999909
vn 0 -1.343588384994376e-7 -0.9999999999999909
vn 0 -1.343588384994376e-7 -0.9999999999999909
vn 0 -1.343588384994376e-7 -0.9999999999999909
vn 0 -1.343588384994376e-7 -0.9999999999999909
vn 0 -1.343588384994376e-7 -0.9999999999999909
vn 0 -1.343588384994376e-7 -0.9999999999999909
vn 0 -1.343588384994376e-7 -0.9999999999999909
vn 0 -1.343588384994376e-7 -0.9999999999999909
vn 0 -1.343588384994376e-7 -0.9999999999999909
vn 0 -1.343588384994376e-7 -0.9999999999999909
vn 0 -1.343588384994376e-7 -0.9999999999999909
vn 0 -1.343588384994376e-7 -0.9999999999999909
vn 0 -1.343588384994376e-7 -0.9999999999999909
vn 0 -1.343588384994376e-7 -0.9999999999999909
vn 0 -1.343588384994376e-7 -0.9999999999999909
vn 0 -1.343588384994376e-7 -0.9999999999999909
vn 0 -1.343588384994376e-7 -0.9999999999999909
vn 0 -1.343588384994376e-7 -0.9999999999999909
vn 0 8.532740773943472e-7 -0.999999999999636
vn 0 8.532740773943472e-7 -0.999999999999636
vn 0 8.532740773943472e-7 -0.999999999999636
vn 0 8.532740773943472e-7 -0.999999999999636
vn 0 -0.000003210614845745909 -0.9999999999948458
vn 0 -0.000003210614845745909 -0.9999999999948458
vn 0 -0.000003210614845745909 -0.9999999999948458
vn 0 -0.000003210614845745909 -0.9999999999948458
vn 0 -1.343588384994376e-7 -0.9999999999999909
vn 0 -1.343588384994376e-7 -0.9999999999999909
vn 0 -1.343588384994376e-7 -0.9999999999999909
vn 0 -1.343588384994376e-7 -0.9999999999999909
vn 0 -1.343588384994376e-7 -0.9999999999999909
vn 0 -1.343588384994376e-7 -0.9999999999999909
vn 0 -1.343588384994376e-7 -0.9999999999999909
vn 0 -1.343588384994376e-7 -0.9999999999999909
vn 0 -1.343588384994376e-7 -0.9999999999999909
vn 0 -1.343588384994376e-7 -0.9999999999999909
vn 0 -1.343588384994376e-7 -0.9999999999999909
vn 0 -1.343588384994376e-7 -0.9999999999999909
vn -0.000003701940883599059 -2.9805098389153365e-9 -0.9999999999931478
vn -0.000003701940883599059 -2.9805098389153365e-9 -0.9999999999931478
vn -0.000003701940883599059 -2.9805098389153365e-9 -0.9999999999931478
vn -0.000003701940883599059 -2.9805098389153365e-9 -0.9999999999931478
vn 0.0000016546266528476194 -1.343588384992537e-7 -0.999999999998622
vn 0.0000016546266528476194 -1.343588384992537e-7 -0.999999999998622
vn 0.0000016546266528476194 -1.343588384992537e-7 -0.999999999998622
vn 0.0000016546266528476194 -1.343588384992537e-7 -0.999999999998622
vn 0 -1.343588384994376e-7 -0.9999999999999909
vn 0 -1.343588384994376e-7 -0.9999999999999909
vn 0 -1.343588384994376e-7 -0.9999999999999909
vn 0 -1.343588384994376e-7 -0.9999999999999909
vn 0 -1.343588384994376e-7 -0.9999999999999909
vn 0 -1.343588384994376e-7 -0.9999999999999909
vn 0 -1.343588384994376e-7 -0.9999999999999909
vn 0 -1.343588384994376e-7 -0.9999999999999909
vn 0 -1.343588384994376e-7 -0.9999999999999909
vn 0 -1.343588384994376e-7 -0.9999999999999909
vn 0 -1.343588384994376e-7 -0.9999999999999909
vn 0 -1.343588384994376e-7 -0.9999999999999909
vn 0 -1.343588384994376e-7 -0.9999999999999909
vn 0 -1.343588384994376e-7 -0.9999999999999909
vn 0.0000034147453829385957 1.3173046431371415e-8 0.9999999999941697
vn 0.0000034147458376860076 1.3173046431371415e-8 0.9999999999941697
vn 0.0000034147458376860076 1.3173046431371415e-8 0.9999999999941697
vn 0.0000034147458376860076 1.3173046431371415e-8 0.9999999999941697
vn 0 1.343588384994376e-7 0.9999999999999909
vn 0 1.343588384994376e-7 0.9999999999999909
vn 0 1.343588384994376e-7 0.9999999999999909
vn 0 1.343588384994376e-7 0.9999999999999909
vn 0 1.343588384994376e-7 0.9999999999999909
vn 0 1.343588384994376e-7 0.9999999999999909
vn 0 1.343588384994376e-7 0.9999999999999909
vn 0 1.343588384994376e-7 0.9999999999999909
vn 0 1.343588384994376e-7 0.9999999999999909
vn 0 1.343588384994376e-7 0.9999999999999909
vn 0 1.343588384994376e-7 0.9999999999999909
vn 0 1.343588384994376e-7 0.9999999999999909
vn 0 1.343588384994376e-7 0.9999999999999909
vn 0 1.343588384994376e-7 0.9999999999999909
vn 0 1.343588384994376e-7 0.9999999999999909
vn 0 1.343588384994376e-7 0.9999999999999909
vn 0 1.343588384994376e-7 0.9999999999999909
vn 0 1.343588384994376e-7 0.9999999999999909
vn 0 1.343588384994376e-7 0.9999999999999909
vn 0 1.343588384994376e-7 0.9999999999999909
vn 0 1.343588384994376e-7 0.9999999999999909
vn 0 1.343588384994376e-7 0.9999999999999909
vn 0 1.343588384994376e-7 0.9999999999999909
vn 0 1.343588384994376e-7 0.9999999999999909
vn 0 1.343588384994376e-7 0.9999999999999909
vn 0 1.343588384994376e-7 0.9999999999999909
vn 0 1.343588384994376e-7 0.9999999999999909
vn 0 1.343588384994376e-7 0.9999999999999909
vn 0.0000034147456103123016 2.555448863613201e-7 0.999999999994137
vn 0.0000034147453829385957 2.555448863613201e-7 0.999999999994137
vn 0.0000034147456103123016 2.555448863613201e-7 0.999999999994137
vn 0.0000034147453829385957 2.555448863613201e-7 0.999999999994137
vn 0 1.343588384994376e-7 0.9999999999999909
vn 0 1.343588384994376e-7 0.9999999999999909
vn 0 1.343588384994376e-7 0.9999999999999909
vn 0 1.343588384994376e-7 0.9999999999999909
vn 0 1.343588384994376e-7 0.9999999999999909
vn 0 1.343588384994376e-7 0.9999999999999909
vn -0.0000016546266528476194 1.343588384992537e-7 0.999999999998622
vn -0.0000016546266528476194 1.343588384992537e-7 0.999999999998622
vn -0.0000016546266528476194 1.343588384992537e-7 0.999999999998622
vn -0.0000016546266528476194 1.343588384992537e-7 0.999999999998622
vn 0 1.343588384994376e-7 0.9999999999999909
vn 0 1.343588384994376e-7 0.9999999999999909
vn 0 1.343588384994376e-7 0.9999999999999909
vn 0 1.343588384994376e-7 0.9999999999999909
vn 0 1.343588384994376e-7 0.9999999999999909
vn 0 1.343588384994376e-7 0.9999999999999909
vn 0 1.343588384994376e-7 0.9999999999999909
vn 0 1.343588384994376e-7 0.9999999999999909
vn 0 1.343588384994376e-7 0.9999999999999909
vn 0 1.343588384994376e-7 0.9999999999999909
vn 0 1.343588384994376e-7 0.9999999999999909
vn 0 1.343588384994376e-7 0.9999999999999909
vn 0 1.343588384994376e-7 0.9999999999999909
vn 0 1.343588384994376e-7 0.9999999999999909
vn 0 -0.000002941897168748305 0.9999999999956725
vn 0 -0.000002941897168748305 0.9999999999956725
vn 0 -0.000002941897168748305 0.9999999999956725
vn 0 -0.000002941897168748305 0.9999999999956725
vn 0 0.0000011219917543930912 0.9999999999993704
vn 0 0.0000011219917543930912 0.9999999999993704
vn 0 0.0000011219917543930912 0.9999999999993704
vn 0 0.0000011219917543930912 0.9999999999993704
vn 0 1.343588384994376e-7 0.9999999999999909
vn 0 1.343588384994376e-7 0.9999999999999909
vn 0 1.343588384994376e-7 0.9999999999999909
vn 0 1.343588384994376e-7 0.9999999999999909
vn 0 1.343588384994376e-7 0.9999999999999909
vn 0 1.343588384994376e-7 0.9999999999999909
vn 0 1.343588384994376e-7 0.9999999999999909
vn 0 1.343588384994376e-7 0.9999999999999909
vn 0 1.343588384994376e-7 0.9999999999999909
vn 0 1.343588384994376e-7 0.9999999999999909
vn 0 1.343588384994376e-7 0.9999999999999909
vn 0 1.343588384994376e-7 0.9999999999999909
vn 0 1.343588384994376e-7 0.9999999999999909
vn 0 1.343588384994376e-7 0.9999999999999909
vn -0.0000037019549807688294 2.9802682543851722e-9 0.9999999999931476
vn -0.0000037019547533951235 2.9802824652398907e-9 0.9999999999931476
vn -0.0000037019549807688294 2.9802682543851722e-9 0.9999999999931476
vn -0.0000037019549807688294 2.9802682543851722e-9 0.9999999999931476
vn 0 1.343588384994376e-7 0.9999999999999909
vn 0 1.343588384994376e-7 0.9999999999999909
vn 0 1.343588384994376e-7 0.9999999999999909
vn 0 1.343588384994376e-7 0.9999999999999909
vn 0 1.343588384994376e-7 0.9999999999999909
vn 0 1.343588384994376e-7 0.9999999999999909
vn 0 1.343588384994376e-7 0.9999999999999909
vn 0 1.343588384994376e-7 0.9999999999999909
vn 0 0.9999999999999909 -1.343588384994376e-7
vn 0.07088961371622594 0.9974841666247874 -1.3402081404928715e-7
vn 0.07088976939215519 0.9974841555611343 -1.3402081256278758e-7
vn 0 0.9999999999999909 -1.343588384994376e-7
vn 0.33457891755199615 0.942367734979142 -1.2661543431114452e-7
vn 0.33457891755199615 0.942367734979142 -1.2661543431114452e-7
vn 0.7071052193624154 0.7071083430072236 -9.500625565971335e-8
vn 0.7071052193624154 0.7071083430072236 -9.500625565971335e-8
vn 0.9423676787575096 0.33457907590460756 -4.495365602475865e-8
vn 0.9423676787575096 0.33457907590460756 -4.495365602475865e-8
vn 0.9974843042663655 0.070887676942081 -9.524385937861455e-9
vn 0.9974843042663655 0.070887676942081 -9.524385937861455e-9
vn 1 0 0
vn 1 0 0
vn 1 0 0
vn 1 0 0
vn 1 0 0
vn 1 0 0
vn 1 0 0
vn 1 0 0
vn 0.9974843042663655 -0.070887676942081 9.524385937861455e-9
vn 0.9974843042663655 -0.070887676942081 9.524385937861455e-9
vn 0.9423673634984474 -0.33457996385465605 4.495377532869581e-8
vn 0.9423673634984474 -0.33457996385465605 4.495377532869581e-8
vn 0.7071068286895752 -0.7071067336835104 9.500603943284848e-8
vn 0.7071068286895752 -0.7071067336835104 9.500603943284848e-8
vn 0.3345804893962955 -0.9423671769089368 1.2661535932947994e-7
vn 0.3345804893962955 -0.9423671769089368 1.2661535932947994e-7
vn 0.07088806655218861 -0.9974842765780694 1.340208288224824e-7
vn 0.07088821583113397 -0.9974842659692735 1.3402082739709692e-7
vn 0 -0.9999999999999909 1.343588384994376e-7
vn 0 -0.9999999999999909 1.343588384994376e-7
vn 0 -0.9999999999999909 1.343588384994376e-7
vn 0 -0.9999999999999909 1.343588384994376e-7
vn 0 -0.9999999999999909 1.343588384994376e-7
vn 0 -0.9999999999999909 1.343588384994376e-7
vn 0 -0.9999999999999909 1.343588384994376e-7
vn 0 -0.9999999999999909 1.343588384994376e-7
vn -0.0708881374850869 -0.9974842715370892 1.3402082814518218e-7
vn -0.0708881374850869 -0.9974842715370892 1.3402082814518218e-7
vn -0.3345804893962955 -0.9423671769089368 1.2661535932947994e-7
vn -0.3345804893962955 -0.9423671769089368 1.2661535932947994e-7
vn -0.7071068286895752 -0.7071067336835104 9.500603943284848e-8
vn -0.7071068286895752 -0.7071067336835104 9.500603943284848e-8
vn -0.9423673407571207 -0.3345800279071518 4.495378393471475e-8
vn -0.9423673407571207 -0.3345800279071518 4.495378393471475e-8
vn -0.9974843037395398 -0.07088768435522035 9.524386933882247e-9
vn -0.9974843037395398 -0.07088768435522035 9.524386933882247e-9
vn -1 0 0
vn -1 0 0
vn -1 0 0
vn -1 0 0
vn -1 0 0
vn -1 0 0
vn -1 0 0
vn -1 0 0
vn -0.9974843042663655 0.070887676942081 -9.524385937861455e-9
vn -0.9974843042663655 0.070887676942081 -9.524385937861455e-9
vn -0.9423676787575096 0.33457907590460756 -4.495365602475865e-8
vn -0.9423676787575096 0.33457907590460756 -4.495365602475865e-8
vn -0.7071052193624154 0.7071083430072236 -9.500625565971335e-8
vn -0.7071052193624154 0.7071083430072236 -9.500625565971335e-8
vn -0.33457891755199615 0.942367734979142 -1.2661543431114452e-7
vn -0.33457891755199615 0.942367734979142 -1.2661543431114452e-7
vn -0.07088914247345772 0.9974842001118721 0.0000025605867028269917
vn -0.07088931297567264 0.9974841879946169 0.000002560580077885387
vn 2.5947998172215756e-7 0.9999999999862308 0.000005241291905524011
vn 2.594816017598127e-7 0.9999999999862308 0.00000524129145077666
vn -2.0682800475578168e-7 0.9999999999967185 0.0000025534665335409616
vn -2.0682800475578168e-7 0.9999999999967185 0.0000025534665335409616
vn 0 0.9999999999999909 -1.343588384994376e-7
vn 0 0.9999999999999909 -1.343588384994376e-7
vn -0.00024880221125228954 -0.9999999690487202 1.3435883434086083e-7
vn -0.0002488025022906062 -0.9999999690486479 1.343588343408511e-7
vn -0.07643639670176926 -0.9970744592352329 1.3396576624030194e-7
vn -0.07643631976684069 -0.9970744651331129 1.3396576703273427e-7
vn 0 -0.9999999999999909 1.343588384994376e-7
vn 0 -0.9999999999999909 1.343588384994376e-7
vn 0 -0.9999999999999909 1.343588384994376e-7
vn 0 -0.9999999999999909 1.343588384994376e-7
vn 0.0002695697449363296 -0.9999999636660666 1.3435883361765375e-7
vn 0.0002695700359746415 -0.999999963665988 1.3435883361764319e-7
vn 0.07645702659753782 -0.9970728775189132 1.339655537227344e-7
vn 0.07645711548187197 -0.9970728707031267 1.3396555280697325e-7
vn 0.34261727131064584 -0.9394750690676317 1.2622677907910706e-7
vn 0.34261727131064584 -0.9394750690676317 1.2622677907910706e-7
vn 0.7071070075034778 -0.7071065548695382 9.500601540761087e-8
vn 0.7071070075034778 -0.7071065548695382 9.500601540761087e-8
vn 0.9394753473231164 -0.34261650831812995 4.6033556108357263e-8
vn 0.9394753473231164 -0.34261650831812995 4.6033556108357263e-8
vn 0.9970733521422557 -0.07645083680251909 1.0271845635096618e-8
vn 0.9970733521422557 -0.07645083680251909 1.0271845635096618e-8
vn 0.9999999652070636 -0.0002637913411844497 3.544269820775185e-11
vn 0.9999999652070636 -0.0002637913411844497 3.544269820775185e-11
vn 1 0 0
vn 1 0 0
vn 1 0 0
vn 1 0 0
vn 0.9999992055938984 0.0012604806907753582 -1.6935672156354746e-10
vn 0.9999992055938984 0.0012604806907753582 -1.6935672156354746e-10
vn 0.996996659078047 0.07744457235476619 -1.0405362789672137e-8
vn 0.996996659078047 0.07744457235476619 -1.0405362789672137e-8
vn 0.9394748308954031 0.3426179243910796 -4.603374637027401e-8
vn 0.9394748308954031 0.3426179243910796 -4.603374637027401e-8
vn 0.707108527419754 0.707105034949022 -9.50058111928557e-8
vn 0.707108527419754 0.707105034949022 -9.50058111928557e-8
vn 0.3426181492379312 0.939474748895764 -1.262267360611868e-7
vn 0.3426181492379312 0.939474748895764 -1.262267360611868e-7
vn 0.07645498630350546 0.9970730339695849 -1.3396557474326494e-7
vn 0.07645489001211912 0.9970730413531482 -1.3396557573531194e-7
vn 0.00027002815938139264 0.999999963542387 -1.3435883360103628e-7
vn 0.00027002815938139264 0.999999963542387 -1.3435883360103628e-7
vn 0 0.9999999999999909 -1.343588384994376e-7
vn 0 0.9999999999999909 -1.343588384994376e-7
vn 0 0.9999999999999909 -1.343588384994376e-7
vn 0 0.9999999999999909 -1.343588384994376e-7
vn -0.0002492261085604187 0.999999968943164 -1.3435883432667843e-7
vn -0.0002492263704949036 0.9999999689430987 -1.3435883432666966e-7
vn -0.07643414327979849 0.9970746319815109 -1.3396578945029124e-7
vn -0.07643423216444242 0.9970746251677526 -1.339657885348026e-7
vn -0.3426181492379312 0.939474748895764 -1.262267360611868e-7
vn -0.3426181492379312 0.939474748895764 -1.262267360611868e-7
vn -0.707108527419754 0.707105034949022 -9.50058111928557e-8
vn -0.707108527419754 0.707105034949022 -9.50058111928557e-8
vn -0.9394748308954031 0.3426179243910796 -4.603374637027401e-8
vn -0.9394748308954031 0.3426179243910796 -4.603374637027401e-8
vn -0.996996659078047 0.07744457235476619 -1.0405362789672137e-8
vn -0.996996659078047 0.07744457235476619 -1.0405362789672137e-8
vn -0.9999992055938984 0.0012604806907753582 -1.6935672156354746e-10
vn -0.9999992055954178 0.0012604794853394924 -1.6935655960258464e-10
vn -1 0 0
vn -1 0 0
vn -1 0 0
vn -1 0 0
vn -0.9999999652070636 -0.0002637913411844497 3.544269820775185e-11
vn -0.9999999652070636 -0.0002637913411844497 3.544269820775185e-11
vn -0.9970733521422557 -0.07645083680251909 1.0271845635096618e-8
vn -0.9970733521422557 -0.07645083680251909 1.0271845635096618e-8
vn -0.9394753473231164 -0.34261650831812995 4.6033556108357263e-8
vn -0.9394753473231164 -0.34261650831812995 4.6033556108357263e-8
vn -0.7071070075034778 -0.7071065548695382 9.500601540761087e-8
vn -0.7071070075034778 -0.7071065548695382 9.500601540761087e-8
vn -0.34261727131064584 -0.9394750690676317 1.2622677907910706e-7
vn -0.34261727131064584 -0.9394750690676317 1.2622677907910706e-7
vn 0 1.343588384994376e-7 0.9999999999999909
vn 0 1.343588384994376e-7 0.9999999999999909
vn 0 1.343588384994376e-7 0.9999999999999909
vn 0 1.343588384994376e-7 0.9999999999999909
vn 0 1.343588384994376e-7 0.9999999999999909
vn 0 1.343588384994376e-7 0.9999999999999909
vn -0.000003102314584144345 1.3435883849879106e-7 0.9999999999951787
vn -0.000003102314584144345 1.3435883849879106e-7 0.9999999999951787
vn -0.000003102314584144345 1.3435883849879106e-7 0.9999999999951787
vn -0.000003102314584144345 1.3435883849879106e-7 0.9999999999951787
vn 0 1.343588384994376e-7 0.9999999999999909
vn 0 1.343588384994376e-7 0.9999999999999909
vn 0 1.343588384994376e-7 0.9999999999999909
vn -0.000003102315038891757 1.3435883849879106e-7 0.9999999999951787
vn -0.000003102315038891757 1.3435883849879106e-7 0.9999999999951787
vn -0.000003102315038891757 1.3435883849879106e-7 0.9999999999951787
vn -0.000003102315038891757 1.3435883849879106e-7 0.9999999999951787
vn 0 1.343588384994376e-7 0.9999999999999909
vn 0 1.343588384994376e-7 0.9999999999999909
vn 0 0.9999999999999909 -1.343588384994376e-7
vn 0 0.9999999999999909 -1.343588384994376e-7
vn 0 0.9999999999999909 -1.343588384994376e-7
vn 0 0.9999999999999909 -1.343588384994376e-7
vn -1 0 0
vn -1 0 0
vn -1 0 0
vn -1 0 0
vn 0 -0.9999999999999909 1.343588384994376e-7
vn 0 -0.9999999999999909 1.343588384994376e-7
vn 0 -0.9999999999999909 1.343588384994376e-7
vn 0 -0.9999999999999909 1.343588384994376e-7
vn 1 0 0
vn 1 0 0
vn 1 0 0
vn 1 0 0
vn 0 0.9999999999999909 -1.343588384994376e-7
vn 0 0.9999999999999909 -1.343588384994376e-7
vn 0 0.9999999999999909 -1.343588384994376e-7
vn 0 0.9999999999999909 -1.343588384994376e-7
vn -0.9999999993373019 -4.8914671747540575e-12 -0.00003640599479262756
vn -0.9999999993373019 -4.8914671747540575e-12 -0.00003640599479262756
vn -0.9999999993373019 -4.8914671747540575e-12 -0.00003640599479262756
vn -0.9999999993373019 -4.8914671747540575e-12 -0.00003640599479262756
vn 0 -0.9999999999999909 1.343588384994376e-7
vn 0 -0.9999999999999909 1.343588384994376e-7
vn 0 -0.9999999999999909 1.343588384994376e-7
vn 0 -0.9999999999999909 1.343588384994376e-7
vn 0.9999999993373019 4.8914671747540575e-12 0.00003640599479262756
vn 0.9999999993373019 4.8914671747540575e-12 0.00003640599479262756
vn 0.9999999993373019 4.8914671747540575e-12 0.00003640599479262756
vn 0.9999999993373019 4.8914671747540575e-12 0.00003640599479262756
vn 0 0.7566530412349524 -0.6538166219896047
vn -0.2236211971653995 0.7566524854395115 -0.6143863413655314
vn -0.420269413883744 0.7566512518242797 -0.5008517773419244
vn -0.5662256462176299 0.7566486310461155 -0.32691186381265985
vn -0.6438841661145576 0.7566521600320574 -0.113537171647803
vn -0.6438841305049728 0.7566522783435475 0.11353658512291787
vn -0.6438841305049728 0.7566522783435475 0.11353658512291787
vn -0.5662257046736577 0.756649214240345 0.3269104127376308
vn -0.4202697774687487 0.7566510454580005 0.5008517840176707
vn -0.22362135518750195 0.7566519061638255 0.6143869972604845
vn -0.0000010235656064559583 0.7566527477056585 0.6538169616860895
vn 0.22361833708656417 0.7566531397525742 0.6143865765307793
vn 0.4202680565724324 0.7566523109076899 0.5008513162834684
vn 0.566220471453121 0.7566534621906904 0.32690964479844714
vn 0.6438808047215414 0.7566550343488667 0.11353707899032632
vn 0.6438808047215414 0.7566550343488667 0.11353707899032632
vn 0.6438801878914081 0.7566557647157675 -0.11353570963939998
vn 0.566217862267319 0.7566550016016369 -0.32691060093036806
vn 0.4202662321586913 0.7566524686390939 -0.5008526088676208
vn 0.22362004446618353 0.7566527563122992 -0.6143864273223673
vn 0 0.4918591821674971 -0.8706747641441784
vn -0.2977911880994144 0.4918591984678779 -0.8181655927578938
vn -0.5596638893692679 0.4918594272181299 -0.6669712398542511
vn -0.7540248397254702 0.4918600800558105 -0.43533918124201787
vn -0.8574477400826525 0.49185660590957725 -0.15119673359653993
vn -0.8574477915198827 0.49185685046982924 0.15119564631157925
vn -0.8574477915198827 0.49185685046982924 0.15119564631157925
vn -0.7540244736384902 0.491860340532808 0.43533952102370377
vn -0.5596634379715518 0.4918587049307279 0.6669721512789948
vn -0.2977916033055083 0.4918574286015585 0.8181665056271842
vn -0.0000017240269110272067 0.49185714047900675 0.8706759175243348
vn 0.29778823527909176 0.49185689155889084 0.8181680543478765
vn 0.5596582323540185 0.49185963379600917 0.6669758343451667
vn 0.7540236117260972 0.49186143439305996 0.43533977800832024
vn 0.8574474761388029 0.4918580071916894 0.15119367190665456
vn 0.8574474761388029 0.4918580071916894 0.15119367190665456
vn 0.8574482839983875 0.4918572316575768 -0.15119161330697328
vn 0.7540246915350894 0.4918601414794285 -0.4353393685152419
vn 0.5596560440859598 0.49186063911066485 -0.6669769291450062
vn 0.2977894588971798 0.49185925697020577 -0.8181661869708635
vn 0 0.17045485796541965 -0.9853654862009267
vn -0.3370154906255679 0.17045473297029223 -0.9259404641155035
vn -0.6333826171726312 0.1704573588193185 -0.7548316031327055
vn -0.8533525048734092 0.17045897631531537 -0.49267965232980016
vn -0.9703956091922521 0.1704546516472532 -0.17110690632528933
vn -0.9703958224884424 0.17045467388119703 0.17110567450857464
vn -0.9703958224884424 0.17045467388119703 0.17110567450857464
vn -0.8533519472832489 0.17045917898853166 0.49268054798869715
vn -0.6333808784632863 0.17045752797576585 0.7548330238890364
vn -0.33701551618695086 0.17045499454304244 0.9259404066593996
vn -8.068591660781414e-7 0.17045430251951305 0.9853655822850396
vn 0.33701244015414816 0.17045372471098094 0.9259417600008653
vn 0.6333779758505521 0.1704563407316045 0.754835727567163
vn 0.8533513340976345 0.17045762584463506 0.4926821474187975
vn 0.9703960929013793 0.1704533980014444 0.17110541192931006
vn 0.9703960929013793 0.1704533980014444 0.17110541192931006
vn 0.9703966708663893 0.17045157560863378 -0.17110394952765628
vn 0.8533523708104729 0.17045520635003347 -0.4926811888638662
vn 0.6333780651584204 0.17045675569544405 -0.7548355589225771
vn 0.3370129579771249 0.17045552300952968 -0.9259412404850841
vn -2.490306484146332e-9 -0.17045509381412277 -0.9853654454022723
vn -0.33701551618695086 -0.17045499454304244 -0.9259404066593996
vn -0.6333826155638306 -0.17045757612410323 -0.7548315554104881
vn -0.8533525048734092 -0.1704591087070409 -0.49267960652444226
vn -0.9703956091922521 -0.17045469762669746 -0.17110686052110516
vn -0.9703958190210011 -0.17045465266399912 0.17110571531002677
vn -0.9703958190210011 -0.17045465266399912 0.17110571531002677
vn -0.8533519472832489 -0.17045904659655314 0.49268059379407403
vn -0.6333808696583072 -0.17045735371130757 0.7548330706299404
vn -0.3370154897695569 -0.17045474743850236 0.9259404617636395
vn 2.490306484146332e-9 -0.17045482902900314 0.9853654912065335
vn 0.33701233880533366 -0.1704548258597179 0.9259415941808059
vn 0.6333773976044536 -0.1704568728411607 0.7548360926088674
vn 0.8533513591572698 -0.17045749845791347 0.49268214808729444
vn 0.9703960879624295 -0.1704533660560032 0.17110547176344384
vn 0.9703960879624295 -0.1704533660560032 0.17110547176344384
vn 0.9703966708663893 -0.17045162158728344 -0.17110390372429865
vn 0.8533523708104729 -0.17045533874217186 -0.4926811430595213
vn 0.6333781237607143 -0.17045695940317765 -0.7548354637484785
vn 0.3370129393772469 -0.1704557624187895 -0.92594120318222
vn -4.954095085932155e-9 -0.49185230631995264 -0.870678648393162
vn -0.2977925284879513 -0.49185226458387943 -0.8181692733172409
vn -0.5596665165913428 -0.49185239112044243 -0.6669742240563838
vn -0.7540282734087417 -0.49185304995226975 -0.43534117672565975
vn -0.8574517035559462 -0.49184951094252305 -0.1511973367973334
vn -0.8574517707767234 -0.4918496491079301 0.15119650612453814
vn -0.8574517707767234 -0.4918496491079301 0.15119650612453814
vn -0.7540279832230866 -0.49185305729004064 0.4353416710481146
vn -0.5596659773932661 -0.4918513750052648 0.6669754258245731
vn -0.2977929752128744 -0.49185002803893396 0.8181704552426494
vn 4.95409199122386e-9 -0.4918499577698196 0.8706799751009704
vn 0.2977899440039744 -0.4918500021060021 0.8181715741080446
vn 0.5596596297331571 -0.49185242190341544 0.6669799801453489
vn 0.7540271421544442 -0.4918541349437999 0.43534191026489516
vn 0.8574514718376612 -0.49185078545897837 0.15119450481685712
vn 0.8574514718376612 -0.49185078545897837 0.15119450481685712
vn 0.8574522532720331 -0.49185014001691035 -0.15119217282670022
vn 0.7540281962610034 -0.49185311626919276 -0.43534123542304365
vn 0.559658750822788 -0.4918536575366274 -0.6669798064374354
vn 0.2977908448745678 -0.49185235954154033 -0.8181698290222577
vn 0 -0.7767331828144827 -0.629829788684914
vn -0.2154179083121319 -0.7767327122163487 -0.5918457726058883
vn -0.4048505960455625 -0.7767313753828886 -0.4824773211015819
vn -0.5454532971190674 -0.7767286688660626 -0.31491788711264496
vn -0.6202626267295756 -0.7767319427438844 -0.10936984503892631
vn -0.6202631076686194 -0.7767316204677768 0.10936940628333117
vn -0.6202631076686194 -0.7767316204677768 0.10936940628333117
vn -0.5454554226102107 -0.7767276865719686 0.31491662842357854
vn -0.4048534499304127 -0.7767284306186195 0.4824796670826442
vn -0.21541830137763698 -0.7767287705495823 0.5918508025103184
vn 0 -0.7767292550615675 0.6298346325278581
vn 0.21541571063419607 -0.7767290759957842 0.5918513446083397
vn 0.4048514665824326 -0.7767289952112778 0.48248042240502587
vn 0.5454496912291347 -0.7767308919291595 0.3149186495921986
vn 0.620262160389497 -0.776731866894326 0.10937302839278293
vn 0.620262160389497 -0.776731866894326 0.10937302839278293
vn 0.6202610116268598 -0.7767330234291806 -0.10937132974499698
vn 0.5454454751747221 -0.7767338005786758 -0.3149187778618916
vn 0.4048477574724173 -0.7767318977192382 -0.48247886206032453
vn 0.21541632086834722 -0.7767326240527496 -0.591846466100521
vn 0 -0.8984924703447937 -0.4389889300810554
vn -0.15014662296509432 -0.8984925061635654 -0.41251328218627525
vn -0.2821780623191626 -0.8984910663529769 -0.3362875924408941
vn -0.38017822668827217 -0.8984923475441206 -0.21949035823201046
vn -0.43232070352149043 -0.8984927427980074 -0.0762207350134953
vn -0.4323217436483494 -0.8984921201292977 0.07622217547676405
vn -0.4323217436483494 -0.8984921201292977 0.07622217547676405
vn -0.38018346679463744 -0.8984901199087221 0.21949040070677606
vn -0.2821826090916044 -0.8984881685165744 0.33629151961057024
vn -0.1501450890879119 -0.8984891527368599 0.41252114447259863
vn 0 -0.8984892274919746 0.4389955672679108
vn 0.15014334507832416 -0.898489357684871 0.41252133284924675
vn 0.2821808593550363 -0.8984889707623381 0.33629084440717005
vn 0.3801809008673534 -0.8984890401054226 0.21949926520634136
vn 0.4323224998700275 -0.8984908892984784 0.07623239438558697
vn 0.4323224998700275 -0.8984908892984784 0.07623239438558697
vn 0.43232117029226996 -0.8984917728708659 -0.0762295205316834
vn 0.380176009147803 -0.8984917119114723 -0.21949680110389264
vn 0.28217698384356216 -0.898492121430754 -0.336285678428049
vn 0.15014487994275605 -0.8984926874534604 -0.4125135217415712
vn -0.34203057872584314 -1.2625549874808298e-7 -0.9396888225452343
vn 0 -1.343588384994376e-7 -0.9999999999999909
vn 0 -1.343588384994376e-7 -0.9999999999999909
vn -0.34203057872584314 -1.2625549874808298e-7 -0.9396888225452343
vn 0.34203057872584314 -1.2625549874808298e-7 -0.9396888225452343
vn 0.34203057872584314 -1.2625549874808298e-7 -0.9396888225452343
vn 0.6427814225767854 -1.0292553914824289e-7 -0.766049634677906
vn 0.6427814225767854 -1.0292553914824289e-7 -0.766049634677906
vn 0.8660234144785943 -6.717988219155673e-8 -0.5000034455629603
vn 0.8660234144785943 -6.717988219155673e-8 -0.5000034455629603
vn 0.9848099529007398 -2.332949111067102e-8 -0.17363570101693354
vn 0.9848099529007398 -2.332949111067102e-8 -0.17363570101693354
vn 0.9848092484451128 2.3330027929988776e-8 0.17363969643192634
vn 0.9848092484451128 2.3330027929988776e-8 0.17363969643192634
vn 0.866025203617571 6.717946583179705e-8 0.50000034669902
vn 0.866025203617571 6.717946583179705e-8 0.50000034669902
vn 0.6427793821906312 1.0292576917790457e-7 0.7660513467324627
vn 0.6427793821906312 1.0292576917790457e-7 0.7660513467324627
vn 0.34200982982544137 1.2625651342383652e-7 0.939696374528899
vn 0.34200982982544137 1.2625651342383652e-7 0.939696374528899
vn 0 1.343588384994376e-7 0.9999999999999909
vn 0 1.343588384994376e-7 0.9999999999999909
vn -0.34200982982544137 1.2625651342383652e-7 0.939696374528899
vn -0.34200982982544137 1.2625651342383652e-7 0.939696374528899
vn -0.6427852460271049 1.029251080956121e-7 0.7660464264585167
vn -0.6427852460271049 1.029251080956121e-7 0.7660464264585167
vn -0.8660494482319243 6.717382340329311e-8 0.49995835148257595
vn -0.8660494482319243 6.717382340329311e-8 0.49995835148257595
vn -0.984816335579734 2.3324626710054646e-8 0.17359949647192036
vn -0.984816335579734 2.3324626710054646e-8 0.17359949647192036
vn -0.984816335579734 2.3324626710054646e-8 0.17359949647192036
vn -0.984816335579734 -2.3324626710054646e-8 -0.17359949647192036
vn -0.984816335579734 -2.3324626710054646e-8 -0.17359949647192036
vn -0.984816335579734 2.3324626710054646e-8 0.17359949647192036
vn -0.8660417878811238 -6.717560625851384e-8 -0.4999716208382852
vn -0.8660417878811238 -6.717560625851384e-8 -0.4999716208382852
vn -0.6427814225767854 -1.0292553914824289e-7 -0.766049634677906
vn -0.6427814225767854 -1.0292553914824289e-7 -0.766049634677906
vn 0.9999999999999019 -5.95351063975642e-14 -4.431052475778351e-7
vn 0.9396941538515924 -4.595286326876227e-8 -0.34201593123294377
vn 0.9352172185055029 0.09749090923793186 -0.3403884205239533
vn 0.9952371558482686 0.09748335046993283 -4.533383361441817e-7
vn 0.766048414853259 -8.636356067079038e-8 -0.642782876328237
vn 0.7623989749178148 0.0975011586568959 -0.639719725430464
vn 0.4999966091355646 -1.1635843039880873e-7 -0.8660273614920742
vn 0.497617313525308 0.09749461505213819 -0.8619001156257554
vn 0.17364492808439527 -1.3231770282536543e-7 -0.9848083259957482
vn 0.17281769652907444 0.09748357553893343 -0.9801178481522157
vn -0.17364840748636431 -1.3231762039528508e-7 -0.9848077124888046
vn -0.17282106830414107 0.09748360670618533 -0.9801172505235122
vn -0.4999996340368248 -1.1635819575200606e-7 -0.8660256150732655
vn -0.49761951945195243 0.09748696502710134 -0.8618997073385121
vn -0.7660427000818063 -8.636447573823824e-8 -0.6427896869516251
vn -0.7623929923261997 0.09748737953320505 -0.6397289551705879
vn -0.9396928580463549 -4.595334161636387e-8 -0.34201949145724264
vn -0.9352174492205618 0.0974836826100175 -0.34038985633854474
vn -1 0 0
vn -0.9952371831601275 0.09748307163548196 7.984158589100239e-8
vn -0.9396928580463549 4.595334161636387e-8 0.34201949145724264
vn -0.9352169390600218 0.09748569285474853 0.3403906822811593
vn -0.7660427000818063 8.636447573823824e-8 0.6427896869516251
vn -0.7623926320470299 0.09749129163402706 0.6397287883595137
vn -0.4999996340368248 1.1635819575200606e-7 0.8660256150732655
vn -0.4976187977492091 0.09749210369194322 0.8618995427799871
vn -0.17364840748636431 1.3231762039528508e-7 0.9848077124888046
vn -0.17282154054711663 0.09748664006015728 0.9801168655485439
vn 0.173646655463237 1.3231766190246048e-7 0.9848080214165674
vn 0.17281907047825634 0.09748182897320741 0.9801177796056297
vn 0.49999806570752575 1.1635831741024831e-7 0.8660265205458314
vn 0.4976170300473567 0.09748539049711183 0.8619013226851863
vn 0.7660446621372475 8.636416156952014e-8 0.6427873486706337
vn 0.7623957916802342 0.09748881049427788 0.6397254009781695
vn 0.9396923355370471 4.595353449952237e-8 0.34202092703945414
vn 0.9352162218020506 0.09748594472851226 0.3403925807926593
vn 0.10936354222403827 0.9940018187267964 -1.7889536600490071e-7
vn 0.10276770582464909 0.9940018700404776 -0.0374042911384777
vn 0 0.9999999999999909 -1.343588384994376e-7
vn 0 0.9999999999999909 -1.343588384994376e-7
vn 0.08377793560202304 0.9940017664793763 -0.07029755146619944
vn 0 0.9999999999999909 -1.343588384994376e-7
vn 0.05468261737140569 0.9940016303153529 -0.09471309459537698
vn 0 0.9999999999999909 -1.343588384994376e-7
vn 0.018990938794498244 0.994001719211765 -0.1077029546844441
vn 0 0.9999999999999909 -1.343588384994376e-7
vn -0.018990938794498244 0.994001719211765 -0.1077029546844441
vn 0 0.9999999999999909 -1.343588384994376e-7
vn -0.05468261733281799 0.9940016296139182 -0.09471310197912139
vn 0 0.9999999999999909 -1.343588384994376e-7
vn -0.08377818380894993 0.9940017058170694 -0.07029811342013369
vn 0 0.9999999999999909 -1.343588384994376e-7
vn -0.10276980665626897 0.9940016169156052 -0.03740524574168187
vn 0 0.9999999999999909 -1.343588384994376e-7
vn -0.10936593941671137 0.9940015549763968 -7.32951728374062e-8
vn 0 0.9999999999999909 -1.343588384994376e-7
vn -0.10276976901495032 0.9940016356685047 0.03740485082113042
vn 0 0.9999999999999909 -1.343588384994376e-7
vn -0.08377836446723454 0.9940017157791838 0.07029775725607504
vn 0 0.9999999999999909 -1.343588384994376e-7
vn -0.05468261737140567 0.9940016557663996 0.09471282748956451
vn 0 0.9999999999999909 -1.343588384994376e-7
vn -0.018990938794498237 0.9940017481534168 0.10770268757860728
vn 0 0.9999999999999909 -1.343588384994376e-7
vn 0.018990111801082753 0.9940018467534842 0.10770192340179087
vn 0 0.9999999999999909 -1.343588384994376e-7
vn 0.05468164373796993 0.9940018103565754 0.09471176719903684
vn 0 0.9999999999999909 -1.343588384994376e-7
vn 0.08377726299347661 0.9940018205775143 0.07029758810875994
vn 0 0.9999999999999909 -1.343588384994376e-7
vn 0.10276761745657485 0.994001877680505 0.03740433089803494
vn 0 0.9999999999999909 -1.343588384994376e-7
vn 1 0 0
vn 0.9396917198479827 -4.5953761778605783e-8 -0.3420226186221289
vn 0.9351016336749113 0.09871430183742773 -0.34035337711158536
vn 0.9951157374435788 0.09871509049840128 -1.2090550096759694e-7
vn 0.7660469972988492 -8.636378765566848e-8 -0.6427845657212138
vn 0.7623037434515699 0.09872169964355999 -0.63964601830951
vn 0.5000021826304317 -1.1635799805173952e-7 -0.8660241436384961
vn 0.4975582109944805 0.09873735604225312 -0.8617927600030982
vn 0.17364774102652866 -1.3231763618443423e-7 -0.9848078300035831
vn 0.17280229635986438 0.09874061098032881 -0.9799947235143611
vn -0.17364774102652866 -1.3231763618443423e-7 -0.9848078300035831
vn -0.17279924992540557 0.09873778450458595 -0.9799955454676021
vn -0.499998712303994 -1.163582672526104e-7 -0.8660261472347901
vn -0.4975557365856602 0.09873988316314954 -0.8617938990638242
vn -0.7660444415078977 -8.63641968972837e-8 -0.6427876116065442
vn -0.7623018192533083 0.09874900383438008 -0.6396440968263635
vn -0.9396959242494028 -4.595220971579479e-8 -0.3420110669979238
vn -0.9351025930801388 0.09875249295732352 -0.3403396620282661
vn -1 0 0
vn -0.9951123569605327 0.09874916214557537 -1.326782272867226e-8
vn -0.9396959242494028 4.595220971579479e-8 0.3420110669979238
vn -0.9351025930801388 0.09875258441260332 0.34033963549171325
vn -0.7660444415078977 8.63641968972837e-8 0.6427876116065442
vn -0.7623018244702047 0.0987491692139182 0.6396440650775697
vn -0.499998712303994 1.163582672526104e-7 0.8660261472347901
vn -0.497555714527288 0.09874010882861063 0.8617938859435903
vn -0.17364774102652866 1.3231763618443423e-7 0.9848078300035831
vn -0.17279924992540557 0.09873804784670882 0.9799955189349787
vn 0.17364774102652866 1.3231763618443423e-7 0.9848078300035831
vn 0.17280266413082065 0.09874380074558105 0.9799943372711946
vn 0.5000021826304317 1.1635799805173952e-7 0.8660241436384961
vn 0.49756021026782926 0.0987457524203438 0.8617906436816157
vn 0.7660469972988492 8.636378765566848e-8 0.6427845657212138
vn 0.7623027766017464 0.09872522285094848 0.6396466267856796
vn 0.9396917198479827 4.5953761778605783e-8 0.3420226186221289
vn 0.9351023980547403 0.09871161196526881 0.34035205716359657
vn 0.49611929189817483 0.868254368377339 -3.491149991812725e-7
vn 0.46620609667763585 0.8682506308771751 -0.16968416956802426
vn 0.3800587949682189 0.8682483706954333 -0.31890449848196056
vn 0.2480613802346007 0.8682529524233968 -0.4296537701966078
vn 0.08615074800999302 0.8682572267658492 -0.48857695073160745
vn -0.08614573411029593 0.8682591220700284 -0.48857446662385234
vn -0.2480557444384208 0.8682582983459254 -0.4296462207497449
vn -0.3800413416212549 0.8682588858225058 -0.3188966695482683
vn -0.46618533969948023 0.8682626397975254 -0.16967974947268485
vn -0.496102907195982 0.868263730367496 1.2085010736340013e-7
vn -0.46618535211331236 0.8682627681185856 0.1696790587374828
vn -0.38004279334495766 0.8682578790066815 0.3188976807212316
vn -0.24805729519747716 0.8682561077468002 0.42964975230958596
vn -0.08614696015206755 0.8682579683600387 0.4885763007308645
vn 0.0861510582037123 0.8682576881618994 0.4885760760804142
vn 0.24806036432491516 0.8682551448332142 0.4296499262441981
vn 0.3800506330722498 0.8682532848887413 0.31890084600278523
vn 0.46620211646670157 0.868252791508329 0.16968404945651752
vn 0.8884379949018946 0.45899665490556163 -4.5369957427777194e-7
vn 0.8348584574874506 0.4589982091984654 -0.30386181055584544
vn 0.6805782820426132 0.4590057579515493 -0.5710752281260756
vn 0.44421445892039324 0.45900590257772794 -0.7694069767586382
vn 0.15427209939631323 0.459002539159381 -0.8749381626109899
vn -0.1542786386555841 0.45900531831287156 -0.8749355515779884
vn -0.4442135143216625 0.45900778950187326 -0.769406396432082
vn -0.68057808859595 0.4590090263382463 -0.571072831662563
vn -0.8348507664526517 0.45901123169178665 -0.3038632701301839
vn -0.8884295022871282 0.4590130929132729 1.9108646276928875e-7
vn -0.8348505201342817 0.45901312991206555 0.30386107944231405
vn -0.6805772164926424 0.45901088294524645 0.5710723787130246
vn -0.4442145327668318 0.4590091936857964 0.7694049707343075
vn -0.15427983125829484 0.4590059423700046 0.8749350138929953
vn 0.15427282810108833 0.4590009069366196 0.8749388904038113
vn 0.44421880260882585 0.4590001421599446 0.7694079054090437
vn 0.6805807781642365 0.4590005122841759 0.5710764695872403
vn 0.8348580679211745 0.45899740902514824 0.30386408957809463
vn 0.027720607506586368 0.9996157101203624 -1.718580186048798e-7
vn 0.02604807749390941 0.999615732937024 -0.009480723793447868
vn -0.11305752301288145 0.9927359707462035 0.04114959145343377
vn -0.12031330170082241 0.9927359716630777 -1.096542918850789e-7
vn 0.021233030584708313 0.9996157828149298 -0.017816990752757687
vn -0.09216550645989044 0.9927359293313817 0.07733624010481796
vn 0.013858673159674954 0.9996157850561417 -0.024004571332293275
vn -0.060156752096734316 0.992735935134957 0.10419466526120595
vn 0.004813244797397283 0.9996157580793974 -0.027297781482603083
vn -0.020891975860197004 0.9927359648062611 0.11848556673636935
vn -0.004813443601534588 0.9996157511759637 -0.027297999223545154
vn 0.020892343249798433 0.9927359861160567 0.1184853234105949
vn -0.01386026290131066 0.9996157159975049 -0.02400652917650073
vn 0.060156256535555556 0.9927359950024344 0.10419438097208268
vn -0.02123517661359022 0.9996157074378241 -0.01781866206446474
vn 0.09216550348036541 0.992735977490079 0.07733562545830908
vn -0.02604443562656983 0.9996158369558921 -0.009479761593238437
vn 0.11305864714700006 0.9927358494192983 0.0411494299235656
vn -0.027714691335798264 0.9996158741657436 -1.343072277985105e-7
vn 0.12031516608371956 0.9927357457099192 -1.3338282173045902e-7
vn -0.026044433456268737 0.9996158395809097 0.009479490750808358
vn 0.11305864712966884 0.9927358382095023 -0.04114970040821767
vn -0.021235171030288602 0.9996157124441226 0.017818387866006796
vn 0.09216549603996732 0.9927359568182803 -0.0773358996831374
vn -0.013860261866081209 0.9996157225178495 0.02400625826990593
vn 0.06015625653555554 0.9927359670035263 -0.10419464773778936
vn -0.004813443601534589 0.9996157585113826 0.027297730609121627
vn 0.020892343249798433 0.99273595427692 -0.11848559017629869
vn 0.004812730153219543 0.9996157841617834 0.027296917098727596
vn -0.02089216351795195 0.9927359106613444 -0.11848598730200378
vn 0.01385811214922485 0.9996158179892759 0.02400352376820026
vn -0.06015668271564192 0.9927358687533696 -0.10419533778025786
vn 0.021232082569466484 0.9996158224727585 0.01781589548335831
vn -0.09216532029061532 0.9927359095756972 -0.07733671556667908
vn 0.026047443207922984 0.9996157572272864 0.009479905339667402
vn -0.11305776533378101 0.992735934349229 -0.04114980376010644
vn 0.4445012717970015 0.8957782199689265 -3.868915614600355e-7
vn 0.4176942292330303 0.895778200993508 -0.15202942310703918
vn 0.34050993143174924 0.8957775293995807 -0.2857194505439358
vn 0.22225430012329736 0.8957748845562369 -0.38495503929025776
vn 0.07719168485163523 0.8957725917537923 -0.4377589606763744
vn -0.07718802484438153 0.8957736172177034 -0.4377575076652989
vn -0.22225415086382452 0.895775419546104 -0.3849538805633758
vn -0.34051654283383 0.8957740003236704 -0.2857226354362309
vn -0.41771295274146175 0.895768970063257 -0.1520323695264311
vn -0.4445261285930813 0.8957658851497039 -1.2289253422828477e-7
vn -0.41771295274146175 0.8957690109170099 0.15203212881746883
vn -0.34051655099957145 0.8957740797890917 0.28572237657096805
vn -0.22225417664419073 0.8957755067798501 0.38495366268879083
vn -0.07718801844520039 0.8957737470524334 0.43775724311557257
vn 0.07719318862093862 0.8957716220194593 0.43776067984134814
vn 0.22226100662242118 0.8957705807397176 0.3849611819604895
vn 0.34051383519561185 0.8957733545573782 0.2857278868178557
vn 0.4176953265948409 0.8957775704687128 0.1520301232848258
vn 0.8788123247541721 0.47716757838314394 -3.654897675700262e-7
vn 0.825815749774791 0.4771654229341607 -0.3005686387166222
vn 0.6732071442701473 0.47717116042690383 -0.5648892144133
vn 0.4394019930031229 0.47718035649594964 -0.7610681940005651
vn 0.15259451429076024 0.47718040057224165 -0.8654558218176603
vn -0.15260262217489845 0.4771796736872437 -0.8654547929990801
vn -0.4394006168075992 0.4771848832684016 -0.761066150297872
vn -0.6731982517649182 0.4771907026599774 -0.5648833039801537
vn -0.8258074353805005 0.47718370460002435 -0.3005624589573305
vn -0.8788079347382868 0.47717566350456636 -6.41127679086726e-8
vn -0.8258073927514941 0.47718385014070086 0.3005623450165989
vn -0.6731982613387345 0.4771908314380875 0.5648831837839854
vn -0.4394005822443437 0.4771851072868491 0.7610660297943735
vn -0.15260262217489845 0.47717990625022794 0.8654546647724355
vn 0.15259558474261276 0.47718107256546743 0.8654552625655068
vn 0.43939582054287396 0.47718016990921286 0.7610718746182052
vn 0.6732078405776535 0.4771666794329453 0.5648921697312768
vn 0.8258170076404524 0.4771613303044494 0.3005716798932612
vn 0.9999999999999019 -5.95351063975642e-14 -4.431052475778351e-7
vn 0.9396941538515924 -4.595286326876227e-8 -0.34201593123294377
vn 0.9352172185055029 0.09749090923793186 -0.3403884205239533
vn 0.9952371558482686 0.09748335046993283 -4.533383361441817e-7
vn 0.766048414853259 -8.636356067079038e-8 -0.642782876328237
vn 0.7623989754716525 0.09750115127714495 -0.6397197258951813
vn 0.4999966091355646 -1.1635843039880873e-7 -0.8660273614920742
vn 0.497617313525308 0.09749461505213819 -0.8619001156257554
vn 0.17364492808439527 -1.3231770282536543e-7 -0.9848083259957482
vn 0.17281769652907444 0.09748357553893343 -0.9801178481522157
vn -0.17364840748636431 -1.3231762039528508e-7 -0.9848077124888046
vn -0.17282106830414107 0.09748360670618533 -0.9801172505235122
vn -0.4999996340368248 -1.1635819575200606e-7 -0.8660256150732655
vn -0.49761951945195243 0.09748696502710134 -0.8618997073385121
vn -0.7660427000818063 -8.636447573823824e-8 -0.6427896869516251
vn -0.7623929923261997 0.09748737953320505 -0.6397289551705879
vn -0.9396928580463549 -4.595334161636387e-8 -0.34201949145724264
vn -0.9352174492205618 0.0974836826100175 -0.34038985633854474
vn -1 0 0
vn -0.9952371831601275 0.09748307163548196 7.984158589100239e-8
vn -0.9396928580463549 4.595334161636387e-8 0.34201949145724264
vn -0.9352169390600218 0.09748569285474853 0.3403906822811593
vn -0.7660427000818063 8.636447573823824e-8 0.6427896869516251
vn -0.7623926331545818 0.0974912768744955 0.6397287892888699
vn -0.4999996340368248 1.1635819575200606e-7 0.8660256150732655
vn -0.4976187977492091 0.09749210369194322 0.8618995427799871
vn -0.17364840748636431 1.3231762039528508e-7 0.9848077124888046
vn -0.172821540421591 0.09748664743993012 0.9801168648366537
vn 0.173646655463237 1.3231766190246048e-7 0.9848080214165674
vn 0.17281907047825634 0.09748182897320741 0.9801177796056297
vn 0.49999806570752575 1.1635831741024831e-7 0.8660265205458314
vn 0.4976170300473567 0.09748539049711183 0.8619013226851863
vn 0.7660446621372475 8.636416156952014e-8 0.6427873486706337
vn 0.7623957916802342 0.09748881049427788 0.6397254009781695
vn 0.9396923355370471 4.595353449952237e-8 0.34202092703945414
vn 0.9352162218020506 0.09748594472851226 0.3403925807926593
vn 0.10936354222403827 0.9940018187267964 -1.7889536600490071e-7
vn 0.10276770582464909 0.9940018700404776 -0.0374042911384777
vn 0 0.9999999999999909 -1.343588384994376e-7
vn 0 0.9999999999999909 -1.343588384994376e-7
vn 0.08377793560202304 0.9940017664793763 -0.07029755146619944
vn 0 0.9999999999999909 -1.343588384994376e-7
vn 0.05468261737140569 0.9940016303153529 -0.09471309459537698
vn 0 0.9999999999999909 -1.343588384994376e-7
vn 0.018990938794498244 0.994001719211765 -0.1077029546844441
vn 0 0.9999999999999909 -1.343588384994376e-7
vn -0.018990938794498244 0.994001719211765 -0.1077029546844441
vn 0 0.9999999999999909 -1.343588384994376e-7
vn -0.05468261733281799 0.9940016296139182 -0.09471310197912139
vn 0 0.9999999999999909 -1.343588384994376e-7
vn -0.08377818380894993 0.9940017058170694 -0.07029811342013369
vn 0 0.9999999999999909 -1.343588384994376e-7
vn -0.10276980665626897 0.9940016169156052 -0.03740524574168187
vn 0 0.9999999999999909 -1.343588384994376e-7
vn -0.10936593941671137 0.9940015549763968 -7.32951728374062e-8
vn 0 0.9999999999999909 -1.343588384994376e-7
vn -0.10276976901495032 0.9940016356685047 0.03740485082113042
vn 0 0.9999999999999909 -1.343588384994376e-7
vn -0.08377836446723454 0.9940017157791838 0.07029775725607504
vn 0 0.9999999999999909 -1.343588384994376e-7
vn -0.05468261737140567 0.9940016557663996 0.09471282748956451
vn 0 0.9999999999999909 -1.343588384994376e-7
vn -0.018990938794498237 0.9940017481534168 0.10770268757860728
vn 0 0.9999999999999909 -1.343588384994376e-7
vn 0.018990111801082753 0.9940018467534842 0.10770192340179087
vn 0 0.9999999999999909 -1.343588384994376e-7
vn 0.05468164373796993 0.9940018103565754 0.09471176719903684
vn 0 0.9999999999999909 -1.343588384994376e-7
vn 0.08377726299347661 0.9940018205775143 0.07029758810875994
vn 0 0.9999999999999909 -1.343588384994376e-7
vn 0.10276761745657485 0.994001877680505 0.03740433089803494
vn 0 0.9999999999999909 -1.343588384994376e-7
vn 1 0 0
vn 0.9396917198479827 -4.5953761778605783e-8 -0.3420226186221289
vn 0.9351016336749113 0.09871430183742773 -0.34035337711158536
vn 0.9951157374435788 0.09871509049840128 -1.2090550096759694e-7
vn 0.7660469972988492 -8.636378765566848e-8 -0.6427845657212138
vn 0.7623037434515699 0.09872169964355999 -0.63964601830951
vn 0.5000021826304317 -1.1635799805173952e-7 -0.8660241436384961
vn 0.4975582109944805 0.09873735604225312 -0.8617927600030982
vn 0.17364774102652866 -1.3231763618443423e-7 -0.9848078300035831
vn 0.1728022962327379 0.09874061835826783 -0.9799947227934036
vn -0.17364774102652866 -1.3231763618443423e-7 -0.9848078300035831
vn -0.17279924992540557 0.09873778450458595 -0.9799955454676021
vn -0.499998712303994 -1.163582672526104e-7 -0.8660261472347901
vn -0.4975557365856602 0.09873988316314954 -0.8617938990638242
vn -0.7660444415078977 -8.63641968972837e-8 -0.6427876116065442
vn -0.7623018198141625 0.09874899645645425 -0.6396440972969727
vn -0.9396959242494028 -4.595220971579479e-8 -0.3420110669979238
vn -0.9351025930801388 0.09875249295732352 -0.3403396620282661
vn -1 0 0
vn -0.9951123569605327 0.09874916214557537 -1.326782272867226e-8
vn -0.9396959242494028 4.595220971579479e-8 0.3420110669979238
vn -0.9351025930801388 0.09875258441260332 0.34033963549171325
vn -0.7660444415078977 8.63641968972837e-8 0.6427876116065442
vn -0.7623018244702047 0.0987491692139182 0.6396440650775697
vn -0.499998712303994 1.163582672526104e-7 0.8660261472347901
vn -0.497555714527288 0.09874010882861063 0.8617938859435903
vn -0.17364774102652866 1.3231763618443423e-7 0.9848078300035831
vn -0.17279924992540557 0.09873804784670882 0.9799955189349787
vn 0.17364774102652866 1.3231763618443423e-7 0.9848078300035831
vn 0.17280266413082065 0.09874380074558105 0.9799943372711946
vn 0.5000021826304317 1.1635799805173952e-7 0.8660241436384961
vn 0.49756021026782926 0.0987457524203438 0.8617906436816157
vn 0.7660469972988492 8.636378765566848e-8 0.6427845657212138
vn 0.7623027782839032 0.09872520071706384 0.6396466281971769
vn 0.9396917198479827 4.5953761778605783e-8 0.3420226186221289
vn 0.935102399430198 0.09871159720930624 0.3403520576642281
vn 0.49611929189817483 0.868254368377339 -3.491149991812725e-7
vn 0.46620609667763585 0.8682506308771751 -0.16968416956802426
vn 0.3800587949682189 0.8682483706954333 -0.31890449848196056
vn 0.2480613802346007 0.8682529524233968 -0.4296537701966078
vn 0.08615074800999302 0.8682572267658492 -0.48857695073160745
vn -0.08614573411029593 0.8682591220700284 -0.48857446662385234
vn -0.2480557444384208 0.8682582983459254 -0.4296462207497449
vn -0.3800413416212549 0.8682588858225058 -0.3188966695482683
vn -0.46618533969948023 0.8682626397975254 -0.16967974947268485
vn -0.496102907195982 0.868263730367496 1.2085010736340013e-7
vn -0.46618535211331236 0.8682627681185856 0.1696790587374828
vn -0.38004279334495766 0.8682578790066815 0.3188976807212316
vn -0.24805729519747716 0.8682561077468002 0.42964975230958596
vn -0.08614696015206755 0.8682579683600387 0.4885763007308645
vn 0.0861510582037123 0.8682576881618994 0.4885760760804142
vn 0.24806036432491516 0.8682551448332142 0.4296499262441981
vn 0.3800506330722498 0.8682532848887413 0.31890084600278523
vn 0.46620211646670157 0.868252791508329 0.16968404945651752
vn 0.8884379949018946 0.45899665490556163 -4.5369957427777194e-7
vn 0.8348584574874506 0.4589982091984654 -0.30386181055584544
vn 0.6805782820426132 0.4590057579515493 -0.5710752281260756
vn 0.44421445892039324 0.45900590257772794 -0.7694069767586382
vn 0.15427209939631323 0.459002539159381 -0.8749381626109899
vn -0.1542786386555841 0.45900531831287156 -0.8749355515779884
vn -0.4442135143216625 0.45900778950187326 -0.769406396432082
vn -0.68057808859595 0.4590090263382463 -0.571072831662563
vn -0.8348507664526517 0.45901123169178665 -0.3038632701301839
vn -0.8884295022871282 0.4590130929132729 1.9108646276928875e-7
vn -0.8348505201342817 0.45901312991206555 0.30386107944231405
vn -0.6805772164926424 0.45901088294524645 0.5710723787130246
vn -0.4442145327668318 0.4590091936857964 0.7694049707343075
vn -0.15427982492690984 0.45900601294013404 0.8749349779871207
vn 0.15427282810108833 0.4590009069366196 0.8749388904038113
vn 0.44421880260882585 0.4590001421599446 0.7694079054090437
vn 0.6805807781642365 0.4590005122841759 0.5710764695872403
vn 0.8348580679211745 0.45899740902514824 0.30386408957809463
vn 0.027720607506586368 0.9996157101203624 -1.718580186048798e-7
vn 0.026048083078053876 0.9996157327915248 -0.0094807237920679
vn -0.11305752301288145 0.9927359707462035 0.04114959145343377
vn -0.12031330170082241 0.9927359716630777 -1.096542918850789e-7
vn 0.021233034308319583 0.999615782735861 -0.01781699075134838
vn -0.09216549907259813 0.9927359300130802 0.07733624015792373
vn 0.013858675021962608 0.9996157850303378 -0.02400457133167363
vn -0.060156752096734316 0.992735935134957 0.10419466526120595
vn 0.004813244797397283 0.9996157580793974 -0.027297781482603083
vn -0.020891975860197004 0.9927359648062611 0.11848556673636935
vn -0.004813441738932518 0.999615751184926 -0.0272979992237899
vn 0.02089234511163078 0.9927359860774243 0.11848532340598403
vn -0.013860261970786707 0.9996157160551069 -0.024006527315239057
vn 0.060156256535555556 0.9927359950024344 0.10419438097208268
vn -0.02123517661359022 0.9996157074378241 -0.01781866206446474
vn 0.09216549609307274 0.9927359781717776 0.07733562551141442
vn -0.026044437487951645 0.9996158369073993 -0.009479761592778562
vn 0.11305864714700006 0.9927358494192983 0.0411494299235656
vn -0.027714691335798264 0.9996158741657436 -1.343072277985105e-7
vn 0.12031516608371956 0.9927357457099192 -1.3338282173045902e-7
vn -0.026044433456268737 0.9996158395809097 0.009479490750808358
vn 0.11305864712966884 0.9927358382095023 -0.04114970040821767
vn -0.021235171030288602 0.9996157124441226 0.017818387866006796
vn 0.09216550342726 0.9927359561365819 -0.07733589963003187
vn -0.0138602609355572 0.999615722575451 0.024006256408644133
vn 0.06015626395917516 0.992735966558583 -0.10419464769108942
vn -0.0048134422045830365 0.9996157585181042 0.027297730609305182
vn 0.02089234511163078 0.9927359542382875 -0.1184855901716878
vn 0.0048127301529748414 0.9996157841109585 0.02729691895998483
vn -0.020892163554838666 0.9927359124140978 -0.11848597261003947
vn 0.01385811214922485 0.9996158179892759 0.02400352376820026
vn -0.06015668271564192 0.9927358687533696 -0.10419533778025786
vn 0.021232082569466484 0.9996158224727585 0.01781589548335831
vn -0.09216532029061532 0.9927359095756972 -0.07733671556667908
vn 0.026047443207922984 0.9996157572272864 0.009479905339667402
vn -0.11305776533378101 0.992735934349229 -0.04114980376010644
vn 0.4445012717970015 0.8957782199689265 -3.868915614600355e-7
vn 0.4176942292330303 0.895778200993508 -0.15202942310703918
vn 0.34050993143174924 0.8957775293995807 -0.2857194505439358
vn 0.22225430012329736 0.8957748845562369 -0.38495503929025776
vn 0.07719168485163523 0.8957725917537923 -0.4377589606763744
vn -0.07718802484438153 0.8957736172177034 -0.4377575076652989
vn -0.22225415086382452 0.895775419546104 -0.3849538805633758
vn -0.34051654283383 0.8957740003236704 -0.2857226354362309
vn -0.41771295274146175 0.895768970063257 -0.1520323695264311
vn -0.4445261285930813 0.8957658851497039 -1.2289253422828477e-7
vn -0.41771295274146175 0.8957690109170099 0.15203212881746883
vn -0.34051655099957145 0.8957740797890917 0.28572237657096805
vn -0.22225417664419073 0.8957755067798501 0.38495366268879083
vn -0.07718801844520039 0.8957737470524334 0.43775724311557257
vn 0.07719318862093862 0.8957716220194593 0.43776067984134814
vn 0.22226100662242118 0.8957705807397176 0.3849611819604895
vn 0.34051383519561185 0.8957733545573782 0.2857278868178557
vn 0.4176953265948409 0.8957775704687128 0.1520301232848258
vn 0.8788123247541721 0.47716757838314394 -3.654897675700262e-7
vn 0.825815749774791 0.4771654229341607 -0.3005686387166222
vn 0.6732071442701473 0.47717116042690383 -0.5648892144133
vn 0.4394019930031229 0.47718035649594964 -0.7610681940005651
vn 0.15259451429076024 0.47718040057224165 -0.8654558218176603
vn -0.15260262217489845 0.4771796736872437 -0.8654547929990801
vn -0.4394006168075992 0.4771848832684016 -0.761066150297872
vn -0.6731982613387345 0.4771906796439734 -0.5648833120135768
vn -0.8258074353805005 0.47718370460002435 -0.3005624589573305
vn -0.8788079347382868 0.47717566350456636 -6.41127679086726e-8
vn -0.8258073927514941 0.47718385014070086 0.3005623450165989
vn -0.6731982613387345 0.4771908314380875 0.5648831837839854
vn -0.4394005822443437 0.4771851072868491 0.7610660297943735
vn -0.15260262217489845 0.47717990625022794 0.8654546647724355
vn 0.15259558474261276 0.47718107256546743 0.8654552625655068
vn 0.43939582054287396 0.47718016990921286 0.7610718746182052
vn 0.6732078405776535 0.4771666794329453 0.5648921697312768
vn 0.8258170076404524 0.4771613303044494 0.3005716798932612
vn 0 -0.9999999999999909 1.343588384994376e-7
vn 0 -0.9999999999999909 1.343588384994376e-7
vn 0 -0.9999999999999909 1.343588384994376e-7
vn 0 -0.9999999999999909 1.343588384994376e-7
vn -1 0 0
vn 1 0 0
vn 0 -0.9999999999999909 1.343588384994376e-7
vn 0 -0.9999999999999909 1.343588384994376e-7
vn 0.24299404941152924 0.43785490329550775 -0.8655847593451891
vn 1 0 0
vn -0.3439699935805418 0.2918673546670449 -0.8924674172180537
vn 4.11370442981174e-8 0.7792896402645367 -0.6266639103828837
vn 0.24384841811588007 0.4378535574430253 -0.8653451399394754
vn -1 0 0
vn -1 0 0
vn -1 0 0
vn -1 0 0
vn -1 0 0
vn -1 0 0
vn 0.9999999999995921 -8.331909501173807e-7 3.492964790304088e-7
vn 0.9999999999995921 -8.331910069607919e-7 3.492964790304165e-7
vn 0.9999999999995921 -8.331909501173768e-7 3.4929650745211444e-7
vn 0.9999999999995921 -8.331908932739694e-7 3.492964790304012e-7
vn -1 0 0
vn -1 0 0
vn -1 0 0
vn -1 0 0
vn -1 0 0
vn 0.5004119857580316 0.38130185786003834 -0.7773009312371798
vn 0.5020778569491331 0.3810716204660412 -0.7763390017490754
vn 0 0.6539527017490212 0.756535434646095
vn 0 0.653952731237721 0.7565354091559265
vn -1 0 0
vn -1 0 0
vn -1 0 0
vn -1 0 0
vn -1 0 0
vn -1 0 0
vn -1 0 0
vn -1 0 0
vn -1 0 0
vn 1 0 0
vn 1 0 0
vn 1 0 0
vn 1 0 0
vn 0.9999999999996936 6.409374249379511e-7 -4.4959702178530187e-7
vn 0.9999999999996936 6.409374249379511e-7 -4.4959702178530187e-7
vn 0.9999999999996936 6.409374249379549e-7 -4.4959699336359625e-7
vn 0.9999999999996936 6.409374817813586e-7 -4.495970502070151e-7
vn -1 0 0
vn -1 0 0
vn -1 0 0
vn -1 0 0
vn -1 0 0
vn 0 -0.9999999999999909 1.343588384994376e-7
vn 0 -0.9999999999999909 1.343588384994376e-7
vn 0 0.4472029391229433 0.8944325191090723
vn 0 1.343588384994376e-7 0.9999999999999909
vn 0 1.343588384994376e-7 0.9999999999999909
vn 0 -1.343588384994376e-7 -0.9999999999999909
vn 0 -1.343588384994376e-7 -0.9999999999999909
vn 9.07563923827739e-8 1.5482811810407697e-7 0.9999999999999839
vn 9.07563923827739e-8 1.5482811810407697e-7 0.9999999999999839
vn 9.07563923827739e-8 1.5482811810407697e-7 0.9999999999999839
vn 9.07563923827739e-8 1.5482811810407697e-7 0.9999999999999839
vn 0 -1.343588384994376e-7 -0.9999999999999909
vn 0 -1.343588384994376e-7 -0.9999999999999909
vn 0 0.00005548953505399244 0.9999999984604556
vn 0 0.00005548953505399244 0.9999999984604556
vn 0 0.00005548953505399244 0.9999999984604556
vn 0 0.00005548953505399244 0.9999999984604556
vn 0 1.343588384994376e-7 0.9999999999999909
vn 0 1.343588384994376e-7 0.9999999999999909
vn 0 1.343588384994376e-7 0.9999999999999909
vn 0 1.343588384994376e-7 0.9999999999999909
vn -3.160137465528628e-8 -1.8460054440616523e-7 -0.9999999999999823
vn -3.160137465528628e-8 -1.8460054440616523e-7 -0.9999999999999823
vn -3.160137465528628e-8 -1.8460054440616523e-7 -0.9999999999999823
vn -3.160137465528628e-8 -1.8460054440616523e-7 -0.9999999999999823
vn -3.0725181769457356e-8 0.7275399010214344 0.6860653703705797
vn -3.072518532217137e-8 0.7275399010214344 0.6860653703705797
vn -3.072518532217137e-8 0.7275399010214344 0.6860653703705797
vn -3.072518532217137e-8 0.7275399010214344 0.6860653703705797
vn 0 -1.343588384994376e-7 -0.9999999999999909
vn 0 -1.343588384994376e-7 -0.9999999999999909
vn 3.8591324603389567e-8 0.8634180098526231 0.5044891874581003
vn 0 -0.517873982316737 0.8554569179329863
vn 0 -0.5178740259357981 0.8554568915270062
vn 0 -0.9999999999999909 1.343588384994376e-7
vn 0 -0.9999999999999909 1.343588384994376e-7
vn 0 -0.9999999999999909 1.343588384994376e-7
vn 0 -0.9999999999999909 1.343588384994376e-7
vn 0 -0.9999999999999909 1.343588384994376e-7
vn 0 -0.9999999999999909 1.343588384994376e-7
vn 8.101283315108215e-8 -0.6702366742859653 0.7421474250053572
vn 8.101282956744484e-8 -0.6702366446377515 0.7421474517807913
vn 8.101283667287291e-8 -0.6702366446377515 0.7421474517807913
vn 8.101283315108215e-8 -0.6702366742859653 0.7421474250053572
vn 0 0.9999999999999909 -1.343588384994376e-7
vn -6.320275641600086e-8 0.9999999999999889 -1.3435883849943735e-7
vn 0 1.343588384994376e-7 0.9999999999999909
vn 0 1.343588384994376e-7 0.9999999999999909
vn 0 1.343588384994376e-7 0.9999999999999909
vn 0 1.343588384994376e-7 0.9999999999999909
vn 0 0.727539669796952 0.6860656155731332
vn 0 0.727539669796952 0.6860656155731332
vn 0 0.727539669796952 0.6860656155731332
vn 0 0.727539669796952 0.6860656155731332
vn 0 -1.343588384994376e-7 -0.9999999999999909
vn 0 -1.343588384994376e-7 -0.9999999999999909
vn 0 -0.9999999999999909 1.343588384994376e-7
vn 0 0.9999993362721442 0.0011521524511840632
vn 0 0.9950675716500883 0.0991994347282091
vn -8.134257993923491e-10 0.9950675701791928 0.09919944948273333
vn -2.4051495035719756e-11 0.9999993362717419 0.0011521528004295417
vn 0 -0.9999999999999909 1.343588384994376e-7
vn 0 -0.9999999999999909 1.343588384994376e-7
vn 6.517236524200146e-9 0.9944623498913076 -0.1050934567357014
vn 0 0.9993363494546659 -0.03642609859183255
vn -7.818172329569861e-11 0.9993363494546659 -0.03642609859183255
vn 4.799388310929292e-9 0.9944623475552937 -0.10509347884057514
vn 0 -0.9999999999999909 1.343588384994376e-7
vn 0 -0.9999999999999909 1.343588384994376e-7
vn 1.3379583220731504e-8 0.9422833113568462 -0.33481660821765763
vn 1.991764501954861e-8 0.978084076502906 -0.20821032465143757
vn -4.561224142301167e-8 0.9780841519167032 -0.20820997038898362
vn -1.1180182006557014e-7 0.9422832415788228 -0.3348168045957274
vn 0 -0.9999999999999909 1.343588384994376e-7
vn 0 0.8577626477336048 -0.5140459514022416
vn -7.164617093563836e-8 0.8577623692626535 -0.5140464160724344
vn 0 0.9203248719178552 0.3911548671937795
vn -8.007679705747101e-10 0.9203248719178552 0.3911548671937795
vn 0 0.7275397573541357 0.6860655227229285
vn 0 0.7275397573541357 0.6860655227229285
vn 0 0.7275397573541357 0.6860655227229285
vn 0 0.7275397573541357 0.6860655227229285
vn 0 -1.343588384994376e-7 -0.9999999999999909
vn 0 0.7275401619968825 0.6860650936183461
vn 0 0.7275401619968825 0.6860650936183461
vn 0 0.7275401619968825 0.6860650936183461
vn 0 0.7275401619968825 0.6860650936183461
vn 0 -1.343588384994376e-7 -0.9999999999999909
vn 0 0.7275396119908176 0.6860656768737602
vn 0 0.7275396119908176 0.6860656768737602
vn 0 0.7275396119908176 0.6860656768737602
vn 0 0.7275396119908176 0.6860656768737602
vn 0 -1.343588384994376e-7 -0.9999999999999909
vn 0 0.7275400744397396 0.6860651864686172
vn 0 0.7275400744397396 0.6860651864686172
vn 0 0.7275400744397396 0.6860651864686172
vn 0 0.7275400744397396 0.6860651864686172
vn 0 -1.343588384994376e-7 -0.9999999999999909
vn 0 0.7275405088333101 0.6860647258142399
vn 0 0.7275405088333101 0.6860647258142399
vn 0 0.7275405088333101 0.6860647258142399
vn 0 0.7275405088333101 0.6860647258142399
vn 0 -1.343588384994376e-7 -0.9999999999999909
vn -2.6508551105883165e-7 0.7275389761229549 0.6860663511803302
vn -2.650855002187571e-7 0.7275389463718961 0.6860663827298353
vn -2.650855002187571e-7 0.7275389463718961 0.6860663827298353
vn -2.6508551105883165e-7 0.7275389761229549 0.6860663511803302
vn 0 -1.343588384994376e-7 -0.9999999999999909
vn -3.091578464718469e-8 0.727540074439739 0.6860651864686168
vn -3.091578464718469e-8 0.727540074439739 0.6860651864686168
vn -3.0915782435126166e-8 0.727540046384696 0.6860652162196779
vn -3.091578464718469e-8 0.727540074439739 0.6860651864686168
vn 2.5281099724228257e-7 -0.9999999999999589 1.3435883849943332e-7
vn 2.5281099724228257e-7 -0.9999999999999589 1.3435883849943332e-7
vn 2.5281099724228257e-7 -0.9999999999999589 1.3435883849943332e-7
vn 2.5281099724228257e-7 -0.9999999999999589 1.3435883849943332e-7
vn 0 -0.9999999999999909 1.343588384994376e-7
vn 0.3439711613967926 0.2918672103440952 -0.8924670143222647
vn -1.950734241508334e-8 0.7792896402645372 -0.6266639103828842
vn -3.1601374655286016e-8 2.718199221262021e-9 -0.9999999999999993
vn -3.1601374655286016e-8 2.718199221262021e-9 -0.9999999999999993
vn -3.1601374655286016e-8 2.718199221262021e-9 -0.9999999999999993
vn -3.160137820800018e-8 2.718213432116713e-9 -0.9999999999999993
vn 0 1.343588384994376e-7 0.9999999999999909
vn 0 1.343588384994376e-7 0.9999999999999909
vn 0 0.000055489538691971235 0.9999999984604554
vn 0 0.00005548953505399244 0.9999999984604556
vn 0 0.7275400166336433 0.6860652477692761
vn 0 0.7275400166336433 0.6860652477692761
vn 0 0.7275400166336433 0.6860652477692761
vn 0 0.7275400166336433 0.6860652477692761
vn -3.160137465528632e-8 1.3435883849943756e-7 0.9999999999999905
vn -3.160137465528632e-8 1.3435883849943756e-7 0.9999999999999905
vn -3.1601378208000475e-8 1.3435883849943756e-7 0.9999999999999905
vn -3.160137465528632e-8 1.3435883849943756e-7 0.9999999999999905
vn -7.132487242166817e-8 0.7275388605105737 0.6860664737814922
vn -7.132486932868726e-8 0.7275388885657197 0.6860664440304248
vn -7.132487643411529e-8 0.7275388885657197 0.6860664440304248
vn -7.132487242166817e-8 0.7275388605105737 0.6860664737814922
vn 0 0.4472029391229433 0.8944325191090723
vn 0 1.343588384994376e-7 0.9999999999999909
vn 0 1.343588384994376e-7 0.9999999999999909
vn 0 -1.343588384994376e-7 -0.9999999999999909
vn 0 -1.343588384994376e-7 -0.9999999999999909
vn 9.82422879594611e-8 -1.8460054085345078e-7 -0.9999999999999781
vn 9.82422879594611e-8 -1.8460054085345078e-7 -0.9999999999999781
vn 9.82422879594611e-8 -1.8460054085345078e-7 -0.9999999999999781
vn 9.82422879594611e-8 -1.8460054085345078e-7 -0.9999999999999781
vn 0 -1.343588384994376e-7 -0.9999999999999909
vn 0 -1.343588384994376e-7 -0.9999999999999909
vn 1.13782961974741e-7 0.8634180098526181 0.5044891874580975
vn -5.037050082093241e-7 -0.6702365493310256 0.7421475378525392
vn -5.037050103683116e-7 -0.6702366118084563 0.7421474814289052
vn -5.037050082093241e-7 -0.6702365493310256 0.7421475378525392
vn -5.037050103683116e-7 -0.6702366118084563 0.7421474814289052
vn 0 -1.343588384994376e-7 -0.9999999999999909
vn 0 -1.343588384994376e-7 -0.9999999999999909
vn 0 -1.343588384994376e-7 -0.9999999999999909
vn 0 -1.343588384994376e-7 -0.9999999999999909
vn 0 -1.343588384994376e-7 -0.9999999999999909
vn 0 -1.343588384994376e-7 -0.9999999999999909
vn 0 -1.343588384994376e-7 -0.9999999999999909
vn 0 -1.343588384994376e-7 -0.9999999999999909
vn -7.859382468320243e-7 -0.999999999999682 1.3435883849939613e-7
vn -7.859382468320243e-7 -0.999999999999682 1.3435883849939613e-7
vn -7.859382468320243e-7 -0.999999999999682 1.3435883849939613e-7
vn -7.859382468320243e-7 -0.999999999999682 1.3435883849939613e-7
vn -1.2646343597209538e-8 0.7275396995480071 0.6860655840235648
vn -1.2646343597209538e-8 0.7275396995480071 0.6860655840235648
vn -1.2646343597209538e-8 0.7275396995480071 0.6860655840235648
vn -1.2646343597209538e-8 0.7275396995480071 0.6860655840235648
vn -7.079168415875816e-8 0.7275401900519136 0.686065063867284
vn -7.079168301805585e-8 0.7275401917479343 0.6860650620687327
vn -7.079168722862312e-8 0.7275401619968808 0.6860650936183443
vn -7.079168722862312e-8 0.7275401619968808 0.6860650936183443
vn 0 0.7275400463846964 0.6860652162196781
vn 0 0.7275400463846964 0.6860652162196781
vn 0 0.7275400463846964 0.6860652162196781
vn 0 0.7275400463846964 0.6860652162196781
vn -9.218546070530421e-8 0.7275399588275387 0.6860653090699274
vn -9.218546070530421e-8 0.7275399588275387 0.6860653090699274
vn -9.218545736958679e-8 0.727539988578592 0.6860652775203344
vn -9.21854644750151e-8 0.727539988578592 0.6860652775203344
vn -8.924422993271194e-8 0.727539815160256 0.686065461422285
vn -8.924422951864984e-8 0.7275398134642659 0.6860654632208015
vn -8.924422951864984e-8 0.7275398134642659 0.6860654632208015
vn -8.924422951864984e-8 0.7275398134642659 0.6860654632208015
vn -2.7488861800465595e-9 0.7275397573541357 0.6860655227229285
vn -2.7488861800465595e-9 0.7275397573541357 0.6860655227229285
vn -2.7488861800465595e-9 0.7275397573541357 0.6860655227229285
vn -2.7488861800465595e-9 0.7275397573541357 0.6860655227229285
vn 5.382441301287401e-9 0.7275405666393623 0.6860646645135396
vn 5.382442189465917e-9 0.7275405666393623 0.6860646645135396
vn 5.382441301287401e-9 0.7275405666393623 0.6860646645135396
vn 5.382441301287401e-9 0.7275405666393623 0.6860646645135396
vn 1 0 0
vn 1 0 0
vn 1 0 0
vn 1 0 0
vn 1 0 0
vn 1 0 0
vn -2.288881276778502e-8 0.6860661375275452 -0.7275391775966674
vn -2.288881276778502e-8 0.6860661375275452 -0.7275391775966674
vn -2.288881276778502e-8 0.6860661375275452 -0.7275391775966674
vn -2.288881276778502e-8 0.6860661375275452 -0.7275391775966674
vn -1 0 0
vn -1 0 0
vn -1 0 0
vn -1 0 0
vn -1 0 0
vn -1 0 0
vn -1 0 0
vn -1 0 0
vn -1 0 0
vn -1 0 0
vn -1 0 0
vn -1 0 0
vn -1 0 0
vn -1 0 0
vn -1 0 0
vn -1 0 0
vn 2.1948099669909583e-7 -0.68606374500247 0.7275414337294733
vn 2.1948099669909583e-7 -0.68606374500247 0.7275414337294733
vn 2.1948099669909583e-7 -0.68606374500247 0.7275414337294733
vn 2.1948099669909583e-7 -0.68606374500247 0.7275414337294733
vn 1 0 0
vn 1 0 0
vn 1 0 0
vn 1 0 0
vn 1 0 0
vn 1 0 0
vn 1 0 0
vn 1 0 0
vn 1 0 0
vn 1 0 0
vn -3.082472078722821e-7 0.0000033105888130681557 -0.9999999999944723
vn -0.34203200230147895 0.0000037929951941167606 -0.9396883043793055
vn -0.3420319688268694 0.000003792995491896672 -0.9396883165635447
vn -1.9265450492018548e-8 0.0000033105881309472865 -0.9999999999945198
vn 0.342031904198205 0.000002462421541328269 -0.9396883400918024
vn 0.34203286124879556 0.0000024624184304544832 -0.9396879917397577
vn 0.6427811009396308 5.953013385967965e-7 -0.7660499045587578
vn 0.6427812645723708 5.952995784080293e-7 -0.7660497672569255
vn 0.8660228008899636 -3.2737078494410714e-7 -0.5000045083182701
vn 0.8660228266996827 -3.2737064458366505e-7 -0.5000044636150607
vn 0.9848100874919177 -7.017113885992269e-7 -0.17363493765273563
vn 0.9848103596770416 -7.017187646137205e-7 -0.17363339388574897
vn 0.9848092629799 -0.00000243352653077698 0.17363961397983022
vn 0.9848090111702336 -0.0000024335342635622325 0.17364104212997805
vn 0.8660261666917907 -0.000004112196827885658 0.4999986785864665
vn 0.8660255660137951 -0.000004112202122713176 0.4999997189934968
vn 0.6427760439780391 -0.000005608032980317629 0.7660541477314067
vn 0.6427754007005729 -0.000005608037490376652 0.7660546874882808
vn 0.3420040348293157 -0.00000483054235557636 0.9396984836303262
vn 0.3420038051419683 -0.000004830540197153529 0.939698567225193
vn 0.0000017627815035668232 -0.0000032282504387237855 0.9999999999932355
vn 0.0000015797604495352294 -0.0000032282504387247727 0.9999999999935413
vn -0.34200398219778944 -0.000003947841934606841 0.9396985027897344
vn -0.3420029725037664 -0.000003947836925718938 0.9396988702680251
vn -0.6427806743655413 -0.0000030753226421297292 0.7660502624845986
vn -0.6427797038249301 -0.0000030753349548687525 0.7660510768488465
vn -0.8660489806322667 -2.621325866842991e-7 0.4999591614779582
vn -0.8660489806322667 -2.621325866842991e-7 0.4999591614779582
vn -0.9848162726415867 9.751004815906443e-7 0.1735998535119815
vn -0.9848162632026015 9.751004804242863e-7 0.17359990705848086
vn -0.9848163908745071 5.200431522457258e-7 -0.1735991827879368
vn -0.984816386530669 5.20043065737878e-7 -0.17359920743023288
vn -0.866041294460442 1.0408780758980903e-7 -0.49997247553167484
vn -0.8660413311781553 1.0408777834001186e-7 -0.49997241193005615
vn -0.64278243372025 0.0000020905428429353276 -0.7660487862377318
vn -0.6427822644593841 0.000002090545106213902 -0.766048928262481
vn 7.453738113380166e-7 0.9999999999913469 0.000004092720605271002
vn 7.453737544945901e-7 0.9999999999913469 0.000004092720605271002
vn 7.453738113380166e-7 0.9999999999913469 0.000004092720605271002
vn 7.453738113380166e-7 0.9999999999913469 0.000004092720605271002
vn -7.453717649746628e-7 0.9999999999913469 0.000004092721514765704
vn -7.453717081312362e-7 0.9999999999913469 0.000004092721060018353
vn -7.453717649746628e-7 0.9999999999913469 0.000004092721514765704
vn -7.453717649746628e-7 0.9999999999913469 0.000004092721060018353
vn -0.0000056759266393756675 0.9999999999834565 -9.332189667545625e-7
vn -0.0000056759266393756675 0.9999999999834565 -9.332190804414002e-7
vn -0.0000056759266393756675 0.9999999999834565 -9.332190235979813e-7
vn -0.0000056759266393756675 0.9999999999834565 -9.332190235979813e-7
vn 0 0.9999999999999909 -1.343588384994376e-7
vn 0 0.9999999999999909 -1.343588384994376e-7
vn 0 0.9999999999999909 -1.343588384994376e-7
vn 0 0.9999999999999909 -1.343588384994376e-7
vn 0 0.9999999999999909 -1.343588384994376e-7
vn 0 0.9999999999999909 -1.343588384994376e-7
vn 0.000002146158355582256 0.9999999999828493 -0.000005449339919438106
vn 0.000002146158582955962 0.9999999999828493 -0.000005449340374185457
vn 0.000002146158355582256 0.9999999999828493 -0.000005449339919438106
vn 0.00000214615812820855 0.9999999999828493 -0.000005449339919438106
vn 0.000004033466298842134 0.9999999999909762 0.0000013336092658954551
vn 0.0000040334667535895455 0.9999999999909762 0.0000013336094932691306
vn 0.000004033466298842134 0.9999999999909762 0.0000013336092658954551
vn 0.0000040334667535895455 0.9999999999909762 0.0000013336092658954551
vn 0.000003288041612637402 0.9999999999911496 0.000002624730673004504
vn 0.000003288041840011108 0.9999999999911496 0.000002624731127751855
vn 0.0000032880420673848138 0.9999999999911496 0.0000026247309003781794
vn 0.0000032880420673848138 0.9999999999911496 0.0000026247309003781794
vn 0.000002146081958032529 0.9999999999912784 0.0000035829094892861244
vn 0.000002146081730658823 0.9999999999912784 0.000003582909261912449
vn 0.000002146081730658823 0.9999999999912784 0.000003582909261912449
vn 0.000002146081958032529 0.9999999999912784 0.0000035829094892861244
vn 7.452414229977035e-7 0.9999999999913469 0.0000040927310644600725
vn 7.452414229977035e-7 0.9999999999913469 0.0000040927310644600725
vn 7.452414229977035e-7 0.9999999999913469 0.0000040927310644600725
vn 7.452414229977035e-7 0.9999999999913469 0.0000040927310644600725
vn -7.452254499948576e-7 0.9999999999913469 0.000004092735611933581
vn -7.452253931514311e-7 0.9999999999913469 0.0000040927351571862305
vn -7.452253931514311e-7 0.9999999999913469 0.0000040927351571862305
vn -7.452253363080047e-7 0.9999999999913469 0.0000040927351571862305
vn -0.0000021460899161122386 0.9999999999912784 0.0000035829088071650985
vn -0.0000021460899161122386 0.9999999999912784 0.0000035829088071650985
vn -0.0000021460899161122386 0.9999999999912784 0.0000035829090345387735
vn -0.0000021460899161122386 0.9999999999912784 0.0000035829088071650985
vn -0.000005060377359289913 0.9999999999832019 -0.000002826406994403016
vn -0.000005060377359289913 0.9999999999832019 -0.000002826406994403016
vn -0.000005060377359289913 0.9999999999832019 -0.000002826406994403016
vn -0.0000050603769045425 0.9999999999832019 -0.000002826406994403016
vn 0 0.9999999999999909 -1.343588384994376e-7
vn 0 0.9999999999999909 -1.343588384994376e-7
vn 0 0.9999999999999909 -1.343588384994376e-7
vn 0 0.9999999999999909 -1.343588384994376e-7
vn 0 0.9999999999999909 -1.343588384994376e-7
vn 0 0.9999999999999909 -1.343588384994376e-7
vn 0 0.9999999999999909 -1.343588384994376e-7
vn 0 0.9999999999999909 -1.343588384994376e-7
vn 0.000005060448299886178 0.9999999999832014 -0.0000028264474669172433
vn 0.000005060448299886178 0.9999999999832014 -0.0000028264476942909187
vn 0.000005060448299886178 0.9999999999832014 -0.000002826447239543568
vn 0.000005060448299886178 0.9999999999832014 -0.0000028264474669172433
vn 0.000002146236117405191 0.9999999999912784 0.0000035828130828477373
vn 0.000002146236117405191 0.9999999999912784 0.000003582812855474062
vn 0.000002146236117405191 0.9999999999912784 0.000003582813310221413
vn 0.000002146236117405191 0.9999999999912784 0.0000035828130828477373
vn 0.9999999999994131 -0.0000010808811122613156 -7.346615527170865e-8
vn 0.9999999999994131 -0.0000010808811122613156 -7.346615527170865e-8
vn 0.9999999999994131 -0.0000010808811122613156 -7.346615527170865e-8
vn 0.9999999999994131 -0.0000010808811122613156 -7.346615527170865e-8
vn 0.9999999999994131 -0.0000010808811122613156 -7.346615527170865e-8
vn 0.9999999999996729 5.289856689415947e-7 -6.121004960016756e-7
vn 0.9999999999996729 5.289856689415947e-7 -6.121004960016756e-7
vn 0.9999999999996729 5.289856689415871e-7 -6.121005528450868e-7
vn 0.9999999999996729 5.289856689415947e-7 -6.121004960016756e-7
vn 0.9999999999996729 5.289856689415871e-7 -6.121005528450868e-7
f 1/1/1 2/2/2 3/3/3
f 4/4/4 5/5/5 6/6/6
f 7/7/7 8/8/8 9/9/9
f 10/10/10 11/11/11 12/12/12
f 13/13/13 14/14/14 15/15/15
f 16/16/16 17/17/17 18/18/18
f 19/19/19 20/20/20 21/21/21
f 22/22/22 23/23/23 24/24/24
f 25/25/25 26/26/26 27/27/27
f 28/28/28 29/29/29 30/30/30
f 28/28/28 30/30/30 31/31/31
f 28/28/28 31/31/31 32/32/32
f 28/28/28 32/32/32 33/33/33
f 28/28/28 33/33/33 34/34/34
f 28/28/28 34/34/34 35/35/35
f 28/28/28 35/35/35 36/36/36
f 28/28/28 36/36/36 37/37/37
f 28/28/28 37/37/37 38/38/38
f 28/28/28 38/38/38 39/39/39
f 28/28/28 39/39/39 40/40/40
f 28/28/28 40/40/40 41/41/41
f 28/28/28 41/41/41 42/42/42
f 28/28/28 42/42/42 43/43/43
f 28/28/28 43/43/43 44/44/44
f 28/28/28 44/44/44 45/45/45
f 28/28/28 45/45/45 46/46/46
f 28/28/28 46/46/46 29/29/29
f 47/47/47 48/48/48 49/49/49
f 48/48/48 50/50/50 49/49/49
f 50/50/50 51/51/51 49/49/49
f 51/51/51 52/52/52 49/49/49
f 52/52/52 53/53/53 49/49/49
f 53/53/53 54/54/54 49/49/49
f 54/54/54 55/55/55 49/49/49
f 55/55/55 56/56/56 49/49/49
f 56/56/56 57/57/57 49/49/49
f 57/57/57 58/58/58 49/49/49
f 58/58/58 59/59/59 49/49/49
f 59/59/59 60/60/60 49/49/49
f 60/60/60 61/61/61 49/49/49
f 61/61/61 62/62/62 49/49/49
f 62/62/62 63/63/63 49/49/49
f 63/63/63 64/64/64 49/49/49
f 64/64/64 65/65/65 49/49/49
f 65/65/65 47/47/47 49/49/49
f 66/66/66 67/67/67 68/68/68
f 67/67/67 69/69/69 68/68/68
f 69/69/69 70/70/70 68/68/68
f 70/70/70 71/71/71 68/68/68
f 71/71/71 72/72/72 68/68/68
f 72/72/72 73/73/73 68/68/68
f 73/73/73 74/74/74 68/68/68
f 74/74/74 75/75/75 68/68/68
f 75/75/75 76/76/76 68/68/68
f 76/76/76 77/77/77 68/68/68
f 77/77/77 78/78/78 68/68/68
f 78/78/78 79/79/79 68/68/68
f 79/79/79 80/80/80 68/68/68
f 80/80/80 81/81/81 68/68/68
f 81/81/81 82/82/82 68/68/68
f 82/82/82 83/83/83 68/68/68
f 83/83/83 84/84/84 68/68/68
f 84/84/84 66/66/66 68/68/68
f 85/85/85 86/86/86 87/87/87
f 88/88/88 89/89/89 10/10/10
f 88/88/88 10/10/10 12/12/12
f 90/90/90 91/91/91 92/92/92
f 90/90/90 92/92/92 93/93/93
f 94/94/94 95/95/95 96/96/96
f 94/94/94 96/96/96 97/97/97
f 98/98/98 99/99/99 100/100/100
f 98/98/98 100/100/100 101/101/101
f 102/102/102 103/103/103 104/104/104
f 102/102/102 104/104/104 105/105/105
f 106/106/106 107/107/107 108/108/108
f 106/106/106 108/108/108 109/109/109
f 110/110/110 111/111/111 112/112/112
f 110/110/110 112/112/112 113/113/113
f 114/114/114 115/115/115 116/116/116
f 114/114/114 116/116/116 117/117/117
f 118/118/118 119/119/119 120/120/120
f 118/118/118 120/120/120 121/121/121
f 122/122/122 123/123/123 124/124/124
f 122/122/122 124/124/124 125/125/125
f 126/126/126 127/127/127 128/128/128
f 126/126/126 128/128/128 129/129/129
f 130/130/130 131/131/131 132/132/132
f 130/130/130 132/132/132 133/133/133
f 134/134/134 135/135/135 136/136/136
f 134/134/134 136/136/136 137/137/137
f 138/138/138 139/139/139 96/96/96
f 138/138/138 96/96/96 95/95/95
f 140/140/140 141/141/141 142/142/142
f 140/140/140 142/142/142 143/143/143
f 144/144/144 145/145/145 104/104/104
f 144/144/144 104/104/104 103/103/103
f 146/146/146 147/147/147 148/148/148
f 146/146/146 148/148/148 149/149/149
f 150/150/150 151/151/151 152/152/152
f 150/150/150 152/152/152 153/153/153
f 154/154/154 155/155/155 120/120/120
f 154/154/154 120/120/120 119/119/119
f 156/156/156 157/157/157 158/158/158
f 156/156/156 158/158/158 159/159/159
f 160/160/160 161/161/161 136/136/136
f 160/160/160 136/136/136 135/135/135
f 90/90/90 93/93/93 162/162/162
f 90/90/90 162/162/162 163/163/163
f 164/164/164 165/165/165 166/166/166
f 164/164/164 166/166/166 167/167/167
f 168/168/168 169/169/169 170/170/170
f 168/168/168 170/170/170 171/171/171
f 172/172/172 173/173/173 174/174/174
f 172/172/172 174/174/174 175/175/175
f 176/176/176 177/177/177 178/178/178
f 176/176/176 178/178/178 179/179/179
f 180/180/180 181/181/181 182/182/182
f 180/180/180 182/182/182 183/183/183
f 130/130/130 133/133/133 184/184/184
f 130/130/130 184/184/184 185/185/185
f 186/186/186 187/187/187 188/188/188
f 186/186/186 188/188/188 189/189/189
f 167/167/167 166/166/166 190/190/190
f 167/167/167 190/190/190 191/191/191
f 171/171/171 170/170/170 192/192/192
f 171/171/171 192/192/192 193/193/193
f 175/175/175 174/174/174 194/194/194
f 175/175/175 194/194/194 195/195/195
f 196/196/196 197/197/197 198/198/198
f 196/196/196 198/198/198 199/199/199
f 183/183/183 182/182/182 200/200/200
f 183/183/183 200/200/200 201/201/201
f 202/202/202 203/203/203 204/204/204
f 202/202/202 204/204/204 205/205/205
f 206/206/206 207/207/207 208/208/208
f 206/206/206 208/208/208 209/209/209
f 210/210/210 211/211/211 212/212/212
f 210/210/210 212/212/212 213/213/213
f 214/214/214 215/215/215 216/216/216
f 214/214/214 216/216/216 217/217/217
f 218/218/218 219/219/219 220/220/220
f 218/218/218 220/220/220 221/221/221
f 222/222/222 223/223/223 224/224/224
f 222/222/222 224/224/224 225/225/225
f 226/226/226 227/227/227 228/228/228
f 226/226/226 228/228/228 229/229/229
f 230/230/230 231/231/231 232/232/232
f 230/230/230 232/232/232 233/233/233
f 234/234/234 235/235/235 236/236/236
f 234/234/234 236/236/236 237/237/237
f 238/238/238 239/239/239 240/240/240
f 238/238/238 240/240/240 241/241/241
f 242/242/242 243/243/243 244/244/244
f 242/242/242 244/244/244 245/245/245
f 246/246/246 247/247/247 248/248/248
f 246/246/246 248/248/248 249/249/249
f 213/213/213 212/212/212 139/139/139
f 213/213/213 139/139/139 138/138/138
f 214/214/214 217/217/217 141/141/141
f 214/214/214 141/141/141 140/140/140
f 221/221/221 220/220/220 145/145/145
f 221/221/221 145/145/145 144/144/144
f 146/146/146 225/225/225 224/224/224
f 146/146/146 224/224/224 147/147/147
f 250/250/250 251/251/251 252/252/252
f 250/250/250 252/252/252 253/253/253
f 233/233/233 232/232/232 155/155/155
f 233/233/233 155/155/155 154/154/154
f 237/237/237 236/236/236 157/157/157
f 237/237/237 157/157/157 156/156/156
f 241/241/241 240/240/240 161/161/161
f 241/241/241 161/161/161 160/160/160
f 254/254/254 8/8/8 7/7/7
f 254/254/254 7/7/7 255/255/255
f 4/4/4 256/256/256 257/257/257
f 4/4/4 257/257/257 5/5/5
f 258/258/258 259/259/259 7/7/7
f 258/258/258 7/7/7 9/9/9
f 260/260/260 261/261/261 262/262/262
f 260/260/260 262/262/262 263/263/263
f 5/5/5 264/264/264 265/265/265
f 5/5/5 265/265/265 6/6/6
f 128/128/128 266/266/266 267/267/267
f 128/128/128 267/267/267 129/129/129
f 268/268/268 269/269/269 270/270/270
f 268/268/268 270/270/270 271/271/271
f 272/272/272 273/273/273 274/274/274
f 272/272/272 274/274/274 275/275/275
f 276/276/276 277/277/277 278/278/278
f 276/276/276 278/278/278 279/279/279
f 280/280/280 281/281/281 282/282/282
f 280/280/280 282/282/282 283/283/283
f 284/284/284 285/285/285 286/286/286
f 284/284/284 286/286/286 287/287/287
f 272/272/272 275/275/275 288/288/288
f 272/272/272 288/288/288 289/289/289
f 248/248/248 290/290/290 291/291/291
f 248/248/248 291/291/291 292/292/292
f 293/293/293 294/294/294 295/295/295
f 293/293/293 295/295/295 296/296/296
f 297/297/297 298/298/298 299/299/299
f 297/297/297 299/299/299 300/300/300
f 301/301/301 302/302/302 303/303/303
f 301/301/301 303/303/303 304/304/304
f 305/305/305 306/306/306 307/307/307
f 305/305/305 307/307/307 308/308/308
f 309/309/309 310/310/310 311/311/311
f 309/309/309 311/311/311 312/312/312
f 313/313/313 314/314/314 315/315/315
f 313/313/313 315/315/315 316/316/316
f 317/317/317 318/318/318 319/319/319
f 317/317/317 319/319/319 320/320/320
f 321/321/321 322/322/322 323/323/323
f 321/321/321 323/323/323 324/324/324
f 325/325/325 326/326/326 327/327/327
f 325/325/325 327/327/327 328/328/328
f 329/329/329 330/330/330 331/331/331
f 329/329/329 331/331/331 332/332/332
f 333/333/333 334/334/334 335/335/335
f 333/333/333 335/335/335 336/336/336
f 337/337/337 247/247/247 331/331/331
f 337/337/337 331/331/331 338/338/338
f 339/339/339 340/340/340 341/341/341
f 339/339/339 341/341/341 342/342/342
f 343/343/343 344/344/344 345/345/345
f 343/343/343 345/345/345 346/346/346
f 347/347/347 348/348/348 349/349/349
f 347/347/347 349/349/349 350/350/350
f 351/351/351 352/352/352 353/353/353
f 351/351/351 353/353/353 354/354/354
f 355/355/355 356/356/356 357/357/357
f 355/355/355 357/357/357 358/358/358
f 359/359/359 360/360/360 361/361/361
f 359/359/359 361/361/361 362/362/362
f 363/363/363 364/364/364 347/347/347
f 363/363/363 347/347/347 350/350/350
f 345/345/345 365/365/365 366/366/366
f 345/345/345 366/366/366 346/346/346
f 357/357/357 356/356/356 367/367/367
f 357/357/357 367/367/367 368/368/368
f 369/369/369 370/370/370 371/371/371
f 369/369/369 371/371/371 372/372/372
f 373/373/373 374/374/374 375/375/375
f 373/373/373 375/375/375 376/376/376
f 377/377/377 378/378/378 349/349/349
f 377/377/377 349/349/349 379/379/379
f 380/380/380 381/381/381 382/382/382
f 380/380/380 382/382/382 383/383/383
f 384/384/384 385/385/385 386/386/386
f 384/384/384 386/386/386 387/387/387
f 388/388/388 389/389/389 390/390/390
f 388/388/388 390/390/390 391/391/391
f 392/392/392 393/393/393 394/394/394
f 392/392/392 394/394/394 395/395/395
f 396/396/396 397/397/397 398/398/398
f 396/396/396 398/398/398 399/399/399
f 400/400/400 401/401/401 402/402/402
f 400/400/400 402/402/402 403/403/403
f 404/404/404 405/405/405 406/406/406
f 404/404/404 406/406/406 407/407/407
f 408/408/408 409/409/409 410/410/410
f 408/408/408 410/410/410 411/411/411
f 412/412/412 413/413/413 414/414/414
f 412/412/412 414/414/414 415/415/415
f 416/416/416 417/417/417 418/418/418
f 416/416/416 418/418/418 419/419/419
f 420/420/420 378/378/378 421/421/421
f 420/420/420 421/421/421 422/422/422
f 423/423/423 424/424/424 425/425/425
f 423/423/423 425/425/425 426/426/426
f 427/427/427 428/428/428 429/429/429
f 427/427/427 429/429/429 430/430/430
f 431/431/431 432/432/432 433/433/433
f 431/431/431 433/433/433 434/434/434
f 435/435/435 436/436/436 420/420/420
f 435/435/435 420/420/420 422/422/422
f 418/418/418 437/437/437 438/438/438
f 418/418/418 438/438/438 419/419/419
f 429/429/429 428/428/428 439/439/439
f 429/429/429 439/439/439 440/440/440
f 441/441/441 442/442/442 443/443/443
f 441/441/441 443/443/443 444/444/444
f 445/445/445 446/446/446 447/447/447
f 445/445/445 447/447/447 448/448/448
f 449/449/449 450/450/450 421/421/421
f 449/449/449 421/421/421 451/451/451
f 452/452/452 453/453/453 454/454/454
f 452/452/452 454/454/454 455/455/455
f 456/456/456 457/457/457 458/458/458
f 456/456/456 458/458/458 459/459/459
f 460/460/460 461/461/461 414/414/414
f 460/460/460 414/414/414 462/462/462
f 463/463/463 464/464/464 465/465/465
f 463/463/463 465/465/465 466/466/466
f 467/467/467 468/468/468 469/469/469
f 467/467/467 469/469/469 470/470/470
f 471/471/471 472/472/472 473/473/473
f 471/471/471 473/473/473 474/474/474
f 475/475/475 460/460/460 462/462/462
f 475/475/475 462/462/462 476/476/476
f 468/468/468 477/477/477 478/478/478
f 468/468/468 478/478/478 469/469/469
f 479/479/479 480/480/480 481/481/481
f 479/479/479 481/481/481 482/482/482
f 483/483/483 484/484/484 485/485/485
f 483/483/483 485/485/485 486/486/486
f 487/487/487 450/450/450 488/488/488
f 487/487/487 488/488/488 489/489/489
f 490/490/490 491/491/491 492/492/492
f 490/490/490 492/492/492 493/493/493
f 494/494/494 495/495/495 496/496/496
f 494/494/494 496/496/496 497/497/497
f 498/498/498 499/499/499 500/500/500
f 498/498/498 500/500/500 501/501/501
f 502/502/502 503/503/503 487/487/487
f 502/502/502 487/487/487 489/489/489
f 485/485/485 504/504/504 505/505/505
f 485/485/485 505/505/505 486/486/486
f 496/496/496 495/495/495 506/506/506
f 496/496/496 506/506/506 507/507/507
f 508/508/508 509/509/509 510/510/510
f 508/508/508 510/510/510 511/511/511
f 512/512/512 513/513/513 514/514/514
f 512/512/512 514/514/514 515/515/515
f 516/516/516 517/517/517 488/488/488
f 516/516/516 488/488/488 518/518/518
f 519/519/519 520/520/520 521/521/521
f 519/519/519 521/521/521 522/522/522
f 523/523/523 524/524/524 525/525/525
f 523/523/523 525/525/525 526/526/526
f 527/527/527 528/528/528 529/529/529
f 527/527/527 529/529/529 530/530/530
f 531/531/531 532/532/532 533/533/533
f 531/531/531 533/533/533 534/534/534
f 535/535/535 536/536/536 537/537/537
f 535/535/535 537/537/537 538/538/538
f 539/539/539 540/540/540 541/541/541
f 539/539/539 541/541/541 542/542/542
f 543/543/543 544/544/544 545/545/545
f 543/543/543 545/545/545 546/546/546
f 547/547/547 548/548/548 549/549/549
f 547/547/547 549/549/549 550/550/550
f 511/511/511 510/510/510 442/442/442
f 511/511/511 442/442/442 441/441/441
f 515/515/515 514/514/514 446/446/446
f 515/515/515 446/446/446 445/445/445
f 518/518/518 488/488/488 450/450/450
f 518/518/518 450/450/450 449/449/449
f 522/522/522 521/521/521 453/453/453
f 522/522/522 453/453/453 452/452/452
f 526/526/526 525/525/525 457/457/457
f 526/526/526 457/457/457 456/456/456
f 551/551/551 481/481/481 480/480/480
f 551/551/551 480/480/480 552/552/552
f 553/553/553 554/554/554 555/555/555
f 553/553/553 555/555/555 556/556/556
f 557/557/557 558/558/558 559/559/559
f 557/557/557 559/559/559 560/560/560
f 561/561/561 562/562/562 563/563/563
f 561/561/561 563/563/563 564/564/564
f 565/565/565 566/566/566 567/567/567
f 565/565/565 567/567/567 568/568/568
f 569/569/569 570/570/570 571/571/571
f 569/569/569 571/571/571 572/572/572
f 415/415/415 414/414/414 461/461/461
f 415/415/415 461/461/461 573/573/573
f 484/484/484 416/416/416 419/419/419
f 484/484/484 419/419/419 485/485/485
f 422/422/422 421/421/421 450/450/450
f 422/422/422 450/450/450 487/487/487
f 574/574/574 575/575/575 576/576/576
f 574/574/574 576/576/576 577/577/577
f 430/430/430 429/429/429 495/495/495
f 430/430/430 495/495/495 494/494/494
f 434/434/434 433/433/433 499/499/499
f 434/434/434 499/499/499 498/498/498
f 503/503/503 435/435/435 422/422/422
f 503/503/503 422/422/422 487/487/487
f 419/419/419 438/438/438 504/504/504
f 419/419/419 504/504/504 485/485/485
f 495/495/495 429/429/429 440/440/440
f 495/495/495 440/440/440 506/506/506
f 444/444/444 443/443/443 370/370/370
f 444/444/444 370/370/370 369/369/369
f 448/448/448 447/447/447 374/374/374
f 448/448/448 374/374/374 373/373/373
f 451/451/451 421/421/421 378/378/378
f 451/451/451 378/378/378 377/377/377
f 455/455/455 454/454/454 381/381/381
f 455/455/455 381/381/381 380/380/380
f 459/459/459 458/458/458 385/385/385
f 459/459/459 385/385/385 384/384/384
f 462/462/462 414/414/414 413/413/413
f 462/462/462 413/413/413 578/578/578
f 579/579/579 580/580/580 581/581/581
f 579/579/579 581/581/581 582/582/582
f 470/470/470 469/469/469 583/583/583
f 470/470/470 583/583/583 584/584/584
f 585/585/585 471/471/471 474/474/474
f 585/585/585 474/474/474 586/586/586
f 476/476/476 462/462/462 578/578/578
f 476/476/476 578/578/578 587/587/587
f 469/469/469 478/478/478 588/588/588
f 469/469/469 588/588/588 583/583/583
f 589/589/589 390/390/390 389/389/389
f 589/589/589 389/389/389 590/590/590
f 417/417/417 343/343/343 346/346/346
f 417/417/417 346/346/346 418/418/418
f 350/350/350 349/349/349 378/378/378
f 350/350/350 378/378/378 420/420/420
f 591/591/591 592/592/592 593/593/593
f 591/591/591 593/593/593 594/594/594
f 358/358/358 357/357/357 428/428/428
f 358/358/358 428/428/428 427/427/427
f 362/362/362 361/361/361 432/432/432
f 362/362/362 432/432/432 431/431/431
f 436/436/436 363/363/363 350/350/350
f 436/436/436 350/350/350 420/420/420
f 346/346/346 366/366/366 437/437/437
f 346/346/346 437/437/437 418/418/418
f 428/428/428 357/357/357 368/368/368
f 428/428/428 368/368/368 439/439/439
f 595/595/595 529/529/529 528/528/528
f 595/595/595 528/528/528 596/596/596
f 597/597/597 483/483/483 486/486/486
f 597/597/597 486/486/486 598/598/598
f 489/489/489 488/488/488 517/517/517
f 489/489/489 517/517/517 599/599/599
f 600/600/600 601/601/601 602/602/602
f 600/600/600 602/602/602 603/603/603
f 497/497/497 496/496/496 604/604/604
f 497/497/497 604/604/604 605/605/605
f 501/501/501 500/500/500 606/606/606
f 501/501/501 606/606/606 607/607/607
f 608/608/608 502/502/502 489/489/489
f 608/608/608 489/489/489 599/599/599
f 486/486/486 505/505/505 609/609/609
f 486/486/486 609/609/609 598/598/598
f 496/496/496 507/507/507 610/610/610
f 496/496/496 610/610/610 604/604/604
f 611/611/611 612/612/612 509/509/509
f 611/611/611 509/509/509 508/508/508
f 613/613/613 614/614/614 513/513/513
f 613/613/613 513/513/513 512/512/512
f 615/615/615 142/142/142 517/517/517
f 615/615/615 517/517/517 516/516/516
f 616/616/616 617/617/617 520/520/520
f 616/616/616 520/520/520 519/519/519
f 618/618/618 619/619/619 524/524/524
f 618/618/618 524/524/524 523/523/523
f 620/620/620 107/107/107 621/621/621
f 620/620/620 621/621/621 622/622/622
f 623/623/623 624/624/624 625/625/625
f 623/623/623 625/625/625 626/626/626
f 624/624/624 627/627/627 628/628/628
f 624/624/624 628/628/628 625/625/625
f 629/629/629 630/630/630 631/631/631
f 629/629/629 631/631/631 632/632/632
f 633/633/633 620/620/620 622/622/622
f 633/633/633 622/622/622 634/634/634
f 627/627/627 635/635/635 636/636/636
f 627/627/627 636/636/636 628/628/628
f 372/372/372 371/371/371 637/637/637
f 372/372/372 637/637/637 638/638/638
f 376/376/376 375/375/375 639/639/639
f 376/376/376 639/639/639 640/640/640
f 379/379/379 349/349/349 348/348/348
f 379/379/379 348/348/348 641/641/641
f 383/383/383 382/382/382 642/642/642
f 383/383/383 642/642/642 643/643/643
f 387/387/387 386/386/386 644/644/644
f 387/387/387 644/644/644 645/645/645
f 646/646/646 341/341/341 340/340/340
f 646/646/646 340/340/340 647/647/647
f 648/648/648 649/649/649 650/650/650
f 648/648/648 650/650/650 651/651/651
f 652/652/652 653/653/653 654/654/654
f 652/652/652 654/654/654 655/655/655
f 656/656/656 657/657/657 658/658/658
f 656/656/656 658/658/658 659/659/659
f 660/660/660 661/661/661 662/662/662
f 660/660/660 662/662/662 663/663/663
f 664/664/664 665/665/665 666/666/666
f 664/664/664 666/666/666 667/667/667
f 668/668/668 148/148/148 669/669/669
f 668/668/668 669/669/669 670/670/670
f 671/671/671 99/99/99 348/348/348
f 671/671/671 348/348/348 347/347/347
f 672/672/672 673/673/673 355/355/355
f 672/672/672 355/355/355 674/674/674
f 673/673/673 675/675/675 356/356/356
f 673/673/673 356/356/356 355/355/355
f 676/676/676 677/677/677 360/360/360
f 676/676/676 360/360/360 359/359/359
f 364/364/364 678/678/678 671/671/671
f 364/364/364 671/671/671 347/347/347
f 675/675/675 679/679/679 367/367/367
f 675/675/675 367/367/367 356/356/356
f 680/680/680 681/681/681 682/682/682
f 680/680/680 682/682/682 683/683/683
f 684/684/684 685/685/685 686/686/686
f 684/684/684 686/686/686 687/687/687
f 688/688/688 689/689/689 690/690/690
f 688/688/688 690/690/690 691/691/691
f 689/689/689 692/692/692 693/693/693
f 689/689/689 693/693/693 690/690/690
f 694/694/694 695/695/695 693/693/693
f 694/694/694 693/693/693 692/692/692
f 696/696/696 697/697/697 698/698/698
f 696/696/696 698/698/698 699/699/699
f 697/697/697 700/700/700 701/701/701
f 697/697/697 701/701/701 698/698/698
f 700/700/700 702/702/702 703/703/703
f 700/700/700 703/703/703 701/701/701
f 702/702/702 704/704/704 705/705/705
f 702/702/702 705/705/705 703/703/703
f 704/704/704 706/706/706 707/707/707
f 704/704/704 707/707/707 705/705/705
f 706/706/706 708/708/708 709/709/709
f 706/706/706 709/709/709 707/707/707
f 710/710/710 711/711/711 709/709/709
f 710/710/710 709/709/709 708/708/708
f 712/712/712 713/713/713 714/714/714
f 712/712/712 714/714/714 715/715/715
f 716/716/716 717/717/717 718/718/718
f 716/716/716 718/718/718 719/719/719
f 720/720/720 721/721/721 722/722/722
f 720/720/720 722/722/722 723/723/723
f 724/724/724 725/725/725 726/726/726
f 724/724/724 726/726/726 727/727/727
f 725/725/725 728/728/728 729/729/729
f 725/725/725 729/729/729 726/726/726
f 730/730/730 731/731/731 732/732/732
f 730/730/730 732/732/732 733/733/733
f 734/734/734 735/735/735 736/736/736
f 734/734/734 736/736/736 737/737/737
f 738/738/738 739/739/739 740/740/740
f 738/738/738 740/740/740 741/741/741
f 742/742/742 743/743/743 336/336/336
f 742/742/742 336/336/336 335/335/335
f 338/338/338 331/331/331 330/330/330
f 338/338/338 330/330/330 744/744/744
f 745/745/745 746/746/746 294/294/294
f 745/745/745 294/294/294 293/293/293
f 747/747/747 748/748/748 298/298/298
f 747/747/747 298/298/298 297/297/297
f 749/749/749 750/750/750 302/302/302
f 749/749/749 302/302/302 301/301/301
f 751/751/751 752/752/752 306/306/306
f 751/751/751 306/306/306 305/305/305
f 753/753/753 754/754/754 755/755/755
f 753/753/753 755/755/755 756/756/756
f 757/757/757 758/758/758 314/314/314
f 757/757/757 314/314/314 313/313/313
f 759/759/759 760/760/760 318/318/318
f 759/759/759 318/318/318 317/317/317
f 761/761/761 762/762/762 322/322/322
f 761/761/761 322/322/322 321/321/321
f 763/763/763 764/764/764 330/330/330
f 763/763/763 330/330/330 329/329/329
f 334/334/334 765/765/765 766/766/766
f 334/334/334 766/766/766 335/335/335
f 359/359/359 362/362/362 767/767/767
f 359/359/359 767/767/767 768/768/768
f 769/769/769 770/770/770 771/771/771
f 769/769/769 771/771/771 772/772/772
f 431/431/431 434/434/434 773/773/773
f 431/431/431 773/773/773 774/774/774
f 775/775/775 472/472/472 471/471/471
f 775/775/775 471/471/471 776/776/776
f 498/498/498 501/501/501 777/777/777
f 498/498/498 777/777/777 778/778/778
f 779/779/779 780/780/780 781/781/781
f 779/779/779 781/781/781 782/782/782
f 783/783/783 784/784/784 785/785/785
f 783/783/783 785/785/785 786/786/786
f 434/434/434 498/498/498 778/778/778
f 434/434/434 778/778/778 773/773/773
f 776/776/776 471/471/471 585/585/585
f 776/776/776 585/585/585 787/787/787
f 362/362/362 431/431/431 774/774/774
f 362/362/362 774/774/774 767/767/767
f 501/501/501 607/607/607 788/788/788
f 501/501/501 788/788/788 777/777/777
f 789/789/789 630/630/630 790/790/790
f 789/789/789 790/790/790 791/791/791
f 792/792/792 793/793/793 794/794/794
f 792/792/792 794/794/794 795/795/795
f 796/796/796 797/797/797 676/676/676
f 796/796/796 676/676/676 798/798/798
f 799/799/799 742/742/742 335/335/335
f 799/799/799 335/335/335 766/766/766
f 744/744/744 330/330/330 764/764/764
f 744/744/744 764/764/764 800/800/800
f 768/768/768 767/767/767 801/801/801
f 768/768/768 801/801/801 802/802/802
f 803/803/803 804/804/804 805/805/805
f 803/803/803 805/805/805 806/806/806
f 774/774/774 773/773/773 807/807/807
f 774/774/774 807/807/807 808/808/808
f 809/809/809 775/775/775 776/776/776
f 809/809/809 776/776/776 810/810/810
f 778/778/778 777/777/777 811/811/811
f 778/778/778 811/811/811 812/812/812
f 813/813/813 814/814/814 815/815/815
f 813/813/813 815/815/815 816/816/816
f 817/817/817 818/818/818 819/819/819
f 817/817/817 819/819/819 820/820/820
f 773/773/773 778/778/778 812/812/812
f 773/773/773 812/812/812 807/807/807
f 810/810/810 776/776/776 787/787/787
f 810/810/810 787/787/787 821/821/821
f 767/767/767 774/774/774 808/808/808
f 767/767/767 808/808/808 801/801/801
f 777/777/777 788/788/788 822/822/822
f 777/777/777 822/822/822 811/811/811
f 791/791/791 790/790/790 823/823/823
f 791/791/791 823/823/823 824/824/824
f 825/825/825 826/826/826 827/827/827
f 825/825/825 827/827/827 828/828/828
f 829/829/829 796/796/796 798/798/798
f 829/829/829 798/798/798 830/830/830
f 831/831/831 832/832/832 746/746/746
f 831/831/831 746/746/746 745/745/745
f 833/833/833 834/834/834 748/748/748
f 833/833/833 748/748/748 747/747/747
f 835/835/835 836/836/836 750/750/750
f 835/835/835 750/750/750 749/749/749
f 837/837/837 838/838/838 752/752/752
f 837/837/837 752/752/752 751/751/751
f 839/839/839 840/840/840 841/841/841
f 839/839/839 841/841/841 842/842/842
f 843/843/843 844/844/844 758/758/758
f 843/843/843 758/758/758 757/757/757
f 845/845/845 846/846/846 760/760/760
f 845/845/845 760/760/760 759/759/759
f 847/847/847 848/848/848 762/762/762
f 847/847/847 762/762/762 761/761/761
f 849/849/849 850/850/850 764/764/764
f 849/849/849 764/764/764 763/763/763
f 851/851/851 852/852/852 766/766/766
f 851/851/851 766/766/766 765/765/765
f 853/853/853 799/799/799 766/766/766
f 853/853/853 766/766/766 852/852/852
f 854/854/854 800/800/800 764/764/764
f 854/854/854 764/764/764 850/850/850
f 802/802/802 801/801/801 855/855/855
f 802/802/802 855/855/855 856/856/856
f 857/857/857 858/858/858 859/859/859
f 857/857/857 859/859/859 860/860/860
f 808/808/808 807/807/807 861/861/861
f 808/808/808 861/861/861 862/862/862
f 863/863/863 809/809/809 810/810/810
f 863/863/863 810/810/810 864/864/864
f 812/812/812 811/811/811 865/865/865
f 812/812/812 865/865/865 866/866/866
f 867/867/867 868/868/868 869/869/869
f 867/867/867 869/869/869 870/870/870
f 871/871/871 872/872/872 873/873/873
f 871/871/871 873/873/873 874/874/874
f 807/807/807 812/812/812 866/866/866
f 807/807/807 866/866/866 861/861/861
f 864/864/864 810/810/810 821/821/821
f 864/864/864 821/821/821 875/875/875
f 801/801/801 808/808/808 862/862/862
f 801/801/801 862/862/862 855/855/855
f 811/811/811 822/822/822 876/876/876
f 811/811/811 876/876/876 865/865/865
f 824/824/824 823/823/823 877/877/877
f 824/824/824 877/877/877 878/878/878
f 879/879/879 880/880/880 881/881/881
f 879/879/879 881/881/881 882/882/882
f 883/883/883 829/829/829 830/830/830
f 883/883/883 830/830/830 884/884/884
f 885/885/885 886/886/886 832/832/832
f 885/885/885 832/832/832 831/831/831
f 887/887/887 888/888/888 834/834/834
f 887/887/887 834/834/834 833/833/833
f 889/889/889 890/890/890 836/836/836
f 889/889/889 836/836/836 835/835/835
f 891/891/891 892/892/892 838/838/838
f 891/891/891 838/838/838 837/837/837
f 893/893/893 894/894/894 895/895/895
f 893/893/893 895/895/895 896/896/896
f 897/897/897 898/898/898 844/844/844
f 897/897/897 844/844/844 843/843/843
f 899/899/899 900/900/900 846/846/846
f 899/899/899 846/846/846 845/845/845
f 901/901/901 902/902/902 848/848/848
f 901/901/901 848/848/848 847/847/847
f 903/903/903 904/904/904 850/850/850
f 903/903/903 850/850/850 849/849/849
f 905/905/905 906/906/906 852/852/852
f 905/905/905 852/852/852 851/851/851
f 907/907/907 853/853/853 852/852/852
f 907/907/907 852/852/852 906/906/906
f 908/908/908 854/854/854 850/850/850
f 908/908/908 850/850/850 904/904/904
f 856/856/856 855/855/855 909/909/909
f 856/856/856 909/909/909 910/910/910
f 911/911/911 912/912/912 913/913/913
f 911/911/911 913/913/913 914/914/914
f 862/862/862 861/861/861 915/915/915
f 862/862/862 915/915/915 916/916/916
f 917/917/917 863/863/863 864/864/864
f 917/917/917 864/864/864 918/918/918
f 866/866/866 865/865/865 919/919/919
f 866/866/866 919/919/919 920/920/920
f 921/921/921 922/922/922 923/923/923
f 921/921/921 923/923/923 924/924/924
f 925/925/925 926/926/926 927/927/927
f 925/925/925 927/927/927 928/928/928
f 861/861/861 866/866/866 920/920/920
f 861/861/861 920/920/920 915/915/915
f 918/918/918 864/864/864 875/875/875
f 918/918/918 875/875/875 929/929/929
f 855/855/855 862/862/862 916/916/916
f 855/855/855 916/916/916 909/909/909
f 865/865/865 876/876/876 930/930/930
f 865/865/865 930/930/930 919/919/919
f 878/878/878 877/877/877 931/931/931
f 878/878/878 931/931/931 932/932/932
f 933/933/933 934/934/934 935/935/935
f 933/933/933 935/935/935 936/936/936
f 937/937/937 883/883/883 884/884/884
f 937/937/937 884/884/884 938/938/938
f 939/939/939 940/940/940 886/886/886
f 939/939/939 886/886/886 885/885/885
f 941/941/941 942/942/942 888/888/888
f 941/941/941 888/888/888 887/887/887
f 943/943/943 944/944/944 890/890/890
f 943/943/943 890/890/890 889/889/889
f 945/945/945 946/946/946 892/892/892
f 945/945/945 892/892/892 891/891/891
f 947/947/947 948/948/948 949/949/949
f 947/947/947 949/949/949 950/950/950
f 951/951/951 952/952/952 898/898/898
f 951/951/951 898/898/898 897/897/897
f 953/953/953 954/954/954 900/900/900
f 953/953/953 900/900/900 899/899/899
f 955/955/955 956/956/956 902/902/902
f 955/955/955 902/902/902 901/901/901
f 957/957/957 958/958/958 904/904/904
f 957/957/957 904/904/904 903/903/903
f 959/959/959 960/960/960 906/906/906
f 959/959/959 906/906/906 905/905/905
f 961/961/961 907/907/907 906/906/906
f 961/961/961 906/906/906 960/960/960
f 962/962/962 908/908/908 904/904/904
f 962/962/962 904/904/904 958/958/958
f 910/910/910 909/909/909 963/963/963
f 910/910/910 963/963/963 964/964/964
f 965/965/965 966/966/966 967/967/967
f 965/965/965 967/967/967 968/968/968
f 916/916/916 915/915/915 969/969/969
f 916/916/916 969/969/969 970/970/970
f 971/971/971 917/917/917 918/918/918
f 971/971/971 918/918/918 972/972/972
f 920/920/920 919/919/919 973/973/973
f 920/920/920 973/973/973 974/974/974
f 975/975/975 976/976/976 977/977/977
f 975/975/975 977/977/977 978/978/978
f 979/979/979 980/980/980 981/981/981
f 979/979/979 981/981/981 982/982/982
f 915/915/915 920/920/920 974/974/974
f 915/915/915 974/974/974 969/969/969
f 972/972/972 918/918/918 929/929/929
f 972/972/972 929/929/929 983/983/983
f 909/909/909 916/916/916 970/970/970
f 909/909/909 970/970/970 963/963/963
f 919/919/919 930/930/930 984/984/984
f 919/919/919 984/984/984 973/973/973
f 932/932/932 931/931/931 985/985/985
f 932/932/932 985/985/985 986/986/986
f 987/987/987 988/988/988 989/989/989
f 987/987/987 989/989/989 990/990/990
f 991/991/991 937/937/937 938/938/938
f 991/991/991 938/938/938 992/992/992
f 993/993/993 994/994/994 940/940/940
f 993/993/993 940/940/940 939/939/939
f 995/995/995 996/996/996 942/942/942
f 995/995/995 942/942/942 941/941/941
f 997/997/997 998/998/998 944/944/944
f 997/997/997 944/944/944 943/943/943
f 999/999/999 1000/1000/1000 946/946/946
f 999/999/999 946/946/946 945/945/945
f 1001/1001/1001 1002/1002/1002 1003/1003/1003
f 1001/1001/1001 1003/1003/1003 1004/1004/1004
f 1005/1005/1005 1006/1006/1006 952/952/952
f 1005/1005/1005 952/952/952 951/951/951
f 1007/1007/1007 1008/1008/1008 954/954/954
f 1007/1007/1007 954/954/954 953/953/953
f 1009/1009/1009 1010/1010/1010 956/956/956
f 1009/1009/1009 956/956/956 955/955/955
f 13/13/13 282/282/282 958/958/958
f 13/13/13 958/958/958 957/957/957
f 1011/1011/1011 1012/1012/1012 960/960/960
f 1011/1011/1011 960/960/960 959/959/959
f 2/2/2 961/961/961 960/960/960
f 2/2/2 960/960/960 1012/1012/1012
f 281/281/281 962/962/962 958/958/958
f 281/281/281 958/958/958 282/282/282
f 964/964/964 963/963/963 368/368/368
f 964/964/964 368/368/368 367/367/367
f 1013/1013/1013 1014/1014/1014 1015/1015/1015
f 1013/1013/1013 1015/1015/1015 1016/1016/1016
f 970/970/970 969/969/969 440/440/440
f 970/970/970 440/440/440 439/439/439
f 477/477/477 971/971/971 972/972/972
f 477/477/477 972/972/972 478/478/478
f 974/974/974 973/973/973 507/507/507
f 974/974/974 507/507/507 506/506/506
f 1017/1017/1017 1018/1018/1018 1019/1019/1019
f 1017/1017/1017 1019/1019/1019 1020/1020/1020
f 1021/1021/1021 1022/1022/1022 1023/1023/1023
f 1021/1021/1021 1023/1023/1023 1024/1024/1024
f 969/969/969 974/974/974 506/506/506
f 969/969/969 506/506/506 440/440/440
f 478/478/478 972/972/972 983/983/983
f 478/478/478 983/983/983 588/588/588
f 963/963/963 970/970/970 439/439/439
f 963/963/963 439/439/439 368/368/368
f 973/973/973 984/984/984 610/610/610
f 973/973/973 610/610/610 507/507/507
f 986/986/986 985/985/985 635/635/635
f 986/986/986 635/635/635 1025/1025/1025
f 1026/1026/1026 1027/1027/1027 1028/1028/1028
f 1026/1026/1026 1028/1028/1028 1029/1029/1029
f 1030/1030/1030 991/991/991 992/992/992
f 1030/1030/1030 992/992/992 679/679/679
f 189/189/189 188/188/188 994/994/994
f 189/189/189 994/994/994 993/993/993
f 191/191/191 190/190/190 996/996/996
f 191/191/191 996/996/996 995/995/995
f 193/193/193 192/192/192 998/998/998
f 193/193/193 998/998/998 997/997/997
f 195/195/195 194/194/194 1000/1000/1000
f 195/195/195 1000/1000/1000 999/999/999
f 1031/1031/1031 1032/1032/1032 1033/1033/1033
f 1031/1031/1031 1033/1033/1033 1034/1034/1034
f 201/201/201 200/200/200 1006/1006/1006
f 201/201/201 1006/1006/1006 1005/1005/1005
f 205/205/205 204/204/204 1008/1008/1008
f 205/205/205 1008/1008/1008 1007/1007/1007
f 209/209/209 208/208/208 1010/1010/1010
f 209/209/209 1010/1010/1010 1009/1009/1009
f 1035/1035/1035 1036/1036/1036 1012/1012/1012
f 1035/1035/1035 1012/1012/1012 1011/1011/1011
f 296/296/296 295/295/295 211/211/211
f 296/296/296 211/211/211 210/210/210
f 215/215/215 300/300/300 299/299/299
f 215/215/215 299/299/299 216/216/216
f 304/304/304 303/303/303 219/219/219
f 304/304/304 219/219/219 218/218/218
f 308/308/308 307/307/307 223/223/223
f 308/308/308 223/223/223 222/222/222
f 1037/1037/1037 1038/1038/1038 1039/1039/1039
f 1037/1037/1037 1039/1039/1039 1040/1040/1040
f 316/316/316 315/315/315 231/231/231
f 316/316/316 231/231/231 230/230/230
f 320/320/320 319/319/319 235/235/235
f 320/320/320 235/235/235 234/234/234
f 324/324/324 323/323/323 239/239/239
f 324/324/324 239/239/239 238/238/238
f 332/332/332 331/331/331 247/247/247
f 332/332/332 247/247/247 246/246/246
f 273/273/273 333/333/333 336/336/336
f 273/273/273 336/336/336 274/274/274
f 1041/1041/1041 1042/1042/1042 1043/1043/1043
f 1041/1041/1041 1043/1043/1043 1044/1044/1044
f 290/290/290 248/248/248 247/247/247
f 290/290/290 247/247/247 337/337/337
f 360/360/360 364/364/364 363/363/363
f 360/360/360 363/363/363 361/361/361
f 1045/1045/1045 1046/1046/1046 1047/1047/1047
f 1045/1045/1045 1047/1047/1047 1048/1048/1048
f 432/432/432 436/436/436 435/435/435
f 432/432/432 435/435/435 433/433/433
f 475/475/475 476/476/476 474/474/474
f 475/475/475 474/474/474 473/473/473
f 499/499/499 503/503/503 502/502/502
f 499/499/499 502/502/502 500/500/500
f 1049/1049/1049 1050/1050/1050 1051/1051/1051
f 1049/1049/1049 1051/1051/1051 1052/1052/1052
f 1053/1053/1053 1054/1054/1054 1055/1055/1055
f 1053/1053/1053 1055/1055/1055 1056/1056/1056
f 433/433/433 435/435/435 503/503/503
f 433/433/433 503/503/503 499/499/499
f 476/476/476 587/587/587 586/586/586
f 476/476/476 586/586/586 474/474/474
f 361/361/361 363/363/363 436/436/436
f 361/361/361 436/436/436 432/432/432
f 500/500/500 502/502/502 608/608/608
f 500/500/500 608/608/608 606/606/606
f 1057/1057/1057 633/633/633 631/631/631
f 1057/1057/1057 631/631/631 1058/1058/1058
f 1059/1059/1059 1060/1060/1060 1061/1061/1061
f 1059/1059/1059 1061/1061/1061 1062/1062/1062
f 1063/1063/1063 1064/1064/1064 678/678/678
f 1063/1063/1063 678/678/678 677/677/677
f 15/15/15 283/283/283 282/282/282
f 15/15/15 282/282/282 13/13/13
f 1012/1012/1012 1036/1036/1036 3/3/3
f 1012/1012/1012 3/3/3 2/2/2
f 1065/1065/1065 1066/1066/1066 1067/1067/1067
f 1065/1065/1065 1067/1067/1067 1068/1068/1068
f 1069/1069/1069 1070/1070/1070 118/118/118
f 1069/1069/1069 118/118/118 121/121/121
f 1070/1070/1070 1071/1071/1071 119/119/119
f 1070/1070/1070 119/119/119 118/118/118
f 1071/1071/1071 1072/1072/1072 154/154/154
f 1071/1071/1071 154/154/154 119/119/119
f 1072/1072/1072 1073/1073/1073 233/233/233
f 1072/1072/1072 233/233/233 154/154/154
f 1073/1073/1073 1074/1074/1074 230/230/230
f 1073/1073/1073 230/230/230 233/233/233
f 1074/1074/1074 1075/1075/1075 316/316/316
f 1074/1074/1074 316/316/316 230/230/230
f 1075/1075/1075 1076/1076/1076 313/313/313
f 1075/1075/1075 313/313/313 316/316/316
f 1076/1076/1076 1077/1077/1077 757/757/757
f 1076/1076/1076 757/757/757 313/313/313
f 1077/1077/1077 1078/1078/1078 843/843/843
f 1077/1077/1077 843/843/843 757/757/757
f 1078/1078/1078 1079/1079/1079 897/897/897
f 1078/1078/1078 897/897/897 843/843/843
f 1079/1079/1079 1080/1080/1080 951/951/951
f 1079/1079/1079 951/951/951 897/897/897
f 1080/1080/1080 1081/1081/1081 1005/1005/1005
f 1080/1080/1080 1005/1005/1005 951/951/951
f 1081/1081/1081 1082/1082/1082 201/201/201
f 1081/1081/1081 201/201/201 1005/1005/1005
f 1082/1082/1082 1083/1083/1083 183/183/183
f 1082/1082/1082 183/183/183 201/201/201
f 1083/1083/1083 1084/1084/1084 180/180/180
f 1083/1083/1083 180/180/180 183/183/183
f 1085/1085/1085 1086/1086/1086 614/614/614
f 1085/1085/1085 614/614/614 1087/1087/1087
f 1088/1088/1088 1089/1089/1089 514/514/514
f 1088/1088/1088 514/514/514 513/513/513
f 1089/1089/1089 1090/1090/1090 446/446/446
f 1089/1089/1089 446/446/446 514/514/514
f 1090/1090/1090 1091/1091/1091 447/447/447
f 1090/1090/1090 447/447/447 446/446/446
f 1091/1091/1091 1092/1092/1092 374/374/374
f 1091/1091/1091 374/374/374 447/447/447
f 1092/1092/1092 1093/1093/1093 375/375/375
f 1092/1092/1092 375/375/375 374/374/374
f 1093/1093/1093 1094/1094/1094 639/639/639
f 1093/1093/1093 639/639/639 375/375/375
f 1094/1094/1094 1095/1095/1095 92/92/92
f 1094/1094/1094 92/92/92 639/639/639
f 1096/1096/1096 1097/1097/1097 162/162/162
f 1096/1096/1096 162/162/162 93/93/93
f 1098/1098/1098 1099/1099/1099 188/188/188
f 1098/1098/1098 188/188/188 187/187/187
f 1099/1099/1099 1100/1100/1100 994/994/994
f 1099/1099/1099 994/994/994 188/188/188
f 1100/1100/1100 1101/1101/1101 940/940/940
f 1100/1100/1100 940/940/940 994/994/994
f 1101/1101/1101 1102/1102/1102 886/886/886
f 1101/1101/1101 886/886/886 940/940/940
f 1102/1102/1102 1103/1103/1103 832/832/832
f 1102/1102/1102 832/832/832 886/886/886
f 1103/1103/1103 1104/1104/1104 746/746/746
f 1103/1103/1103 746/746/746 832/832/832
f 1104/1104/1104 1105/1105/1105 294/294/294
f 1104/1104/1104 294/294/294 746/746/746
f 1105/1105/1105 1106/1106/1106 295/295/295
f 1105/1105/1105 295/295/295 294/294/294
f 1106/1106/1106 1107/1107/1107 211/211/211
f 1106/1106/1106 211/211/211 295/295/295
f 1107/1107/1107 1108/1108/1108 212/212/212
f 1107/1107/1107 212/212/212 211/211/211
f 1108/1108/1108 1109/1109/1109 139/139/139
f 1108/1108/1108 139/139/139 212/212/212
f 1109/1109/1109 1110/1110/1110 96/96/96
f 1109/1109/1109 96/96/96 139/139/139
f 1110/1110/1110 1111/1111/1111 97/97/97
f 1110/1110/1110 97/97/97 96/96/96
f 1111/1111/1111 1112/1112/1112 94/94/94
f 1111/1111/1111 94/94/94 97/97/97
f 1112/1112/1112 1113/1113/1113 95/95/95
f 1112/1112/1112 95/95/95 94/94/94
f 1113/1113/1113 1114/1114/1114 138/138/138
f 1113/1113/1113 138/138/138 95/95/95
f 1114/1114/1114 1115/1115/1115 213/213/213
f 1114/1114/1114 213/213/213 138/138/138
f 1115/1115/1115 1116/1116/1116 210/210/210
f 1115/1115/1115 210/210/210 213/213/213
f 1116/1116/1116 1117/1117/1117 296/296/296
f 1116/1116/1116 296/296/296 210/210/210
f 1117/1117/1117 1118/1118/1118 293/293/293
f 1117/1117/1117 293/293/293 296/296/296
f 1118/1118/1118 1119/1119/1119 745/745/745
f 1118/1118/1118 745/745/745 293/293/293
f 1119/1119/1119 1120/1120/1120 831/831/831
f 1119/1119/1119 831/831/831 745/745/745
f 1120/1120/1120 1121/1121/1121 885/885/885
f 1120/1120/1120 885/885/885 831/831/831
f 1121/1121/1121 1122/1122/1122 939/939/939
f 1121/1121/1121 939/939/939 885/885/885
f 1122/1122/1122 1123/1123/1123 993/993/993
f 1122/1122/1122 993/993/993 939/939/939
f 1123/1123/1123 1124/1124/1124 189/189/189
f 1123/1123/1123 189/189/189 993/993/993
f 1124/1124/1124 1125/1125/1125 186/186/186
f 1124/1124/1124 186/186/186 189/189/189
f 1126/1126/1126 1127/1127/1127 90/90/90
f 1126/1126/1126 90/90/90 163/163/163
f 1127/1127/1127 1128/1128/1128 91/91/91
f 1127/1127/1127 91/91/91 90/90/90
f 1129/1129/1129 1130/1130/1130 376/376/376
f 1129/1129/1129 376/376/376 640/640/640
f 1130/1130/1130 1131/1131/1131 373/373/373
f 1130/1130/1130 373/373/373 376/376/376
f 1131/1131/1131 1132/1132/1132 448/448/448
f 1131/1131/1131 448/448/448 373/373/373
f 1132/1132/1132 1133/1133/1133 445/445/445
f 1132/1132/1132 445/445/445 448/448/448
f 1133/1133/1133 1134/1134/1134 515/515/515
f 1133/1133/1133 515/515/515 445/445/445
f 1134/1134/1134 1135/1135/1135 512/512/512
f 1134/1134/1134 512/512/512 515/515/515
f 1136/1136/1136 613/613/613 512/512/512
f 1136/1136/1136 512/512/512 1135/1135/1135
f 1137/1137/1137 1138/1138/1138 182/182/182
f 1137/1137/1137 182/182/182 181/181/181
f 1138/1138/1138 1139/1139/1139 200/200/200
f 1138/1138/1138 200/200/200 182/182/182
f 1139/1139/1139 1140/1140/1140 1006/1006/1006
f 1139/1139/1139 1006/1006/1006 200/200/200
f 1140/1140/1140 1141/1141/1141 952/952/952
f 1140/1140/1140 952/952/952 1006/1006/1006
f 1141/1141/1141 1142/1142/1142 898/898/898
f 1141/1141/1141 898/898/898 952/952/952
f 1142/1142/1142 1143/1143/1143 844/844/844
f 1142/1142/1142 844/844/844 898/898/898
f 1143/1143/1143 1144/1144/1144 758/758/758
f 1143/1143/1143 758/758/758 844/844/844
f 1144/1144/1144 1145/1145/1145 314/314/314
f 1144/1144/1144 314/314/314 758/758/758
f 1145/1145/1145 1146/1146/1146 315/315/315
f 1145/1145/1145 315/315/315 314/314/314
f 1146/1146/1146 1147/1147/1147 231/231/231
f 1146/1146/1146 231/231/231 315/315/315
f 1147/1147/1147 1148/1148/1148 232/232/232
f 1147/1147/1147 232/232/232 231/231/231
f 1148/1148/1148 1149/1149/1149 155/155/155
f 1148/1148/1148 155/155/155 232/232/232
f 1149/1149/1149 1150/1150/1150 120/120/120
f 1149/1149/1149 120/120/120 155/155/155
f 1150/1150/1150 1069/1069/1069 121/121/121
f 1150/1150/1150 121/121/121 120/120/120
f 1151/1151/1151 1152/1152/1152 134/134/134
f 1151/1151/1151 134/134/134 137/137/137
f 1152/1152/1152 1153/1153/1153 135/135/135
f 1152/1152/1152 135/135/135 134/134/134
f 1153/1153/1153 1154/1154/1154 160/160/160
f 1153/1153/1153 160/160/160 135/135/135
f 1154/1154/1154 1155/1155/1155 241/241/241
f 1154/1154/1154 241/241/241 160/160/160
f 1155/1155/1155 1156/1156/1156 238/238/238
f 1155/1155/1155 238/238/238 241/241/241
f 1156/1156/1156 1157/1157/1157 324/324/324
f 1156/1156/1156 324/324/324 238/238/238
f 1157/1157/1157 1158/1158/1158 321/321/321
f 1157/1157/1157 321/321/321 324/324/324
f 1158/1158/1158 1159/1159/1159 761/761/761
f 1158/1158/1158 761/761/761 321/321/321
f 1159/1159/1159 1160/1160/1160 847/847/847
f 1159/1159/1159 847/847/847 761/761/761
f 1160/1160/1160 1161/1161/1161 901/901/901
f 1160/1160/1160 901/901/901 847/847/847
f 1161/1161/1161 1162/1162/1162 955/955/955
f 1161/1161/1161 955/955/955 901/901/901
f 1162/1162/1162 1163/1163/1163 1009/1009/1009
f 1162/1162/1162 1009/1009/1009 955/955/955
f 1163/1163/1163 1164/1164/1164 209/209/209
f 1163/1163/1163 209/209/209 1009/1009/1009
f 1164/1164/1164 1165/1165/1165 206/206/206
f 1164/1164/1164 206/206/206 209/209/209
f 1166/1166/1166 1167/1167/1167 130/130/130
f 1166/1166/1166 130/130/130 185/185/185
f 1167/1167/1167 1168/1168/1168 131/131/131
f 1167/1167/1167 131/131/131 130/130/130
f 1169/1169/1169 1170/1170/1170 387/387/387
f 1169/1169/1169 387/387/387 645/645/645
f 1170/1170/1170 1171/1171/1171 384/384/384
f 1170/1170/1170 384/384/384 387/387/387
f 1171/1171/1171 1172/1172/1172 459/459/459
f 1171/1171/1171 459/459/459 384/384/384
f 1172/1172/1172 1173/1173/1173 456/456/456
f 1172/1172/1172 456/456/456 459/459/459
f 1173/1173/1173 1174/1174/1174 526/526/526
f 1173/1173/1173 526/526/526 456/456/456
f 1174/1174/1174 1175/1175/1175 523/523/523
f 1174/1174/1174 523/523/523 526/526/526
f 1176/1176/1176 618/618/618 523/523/523
f 1176/1176/1176 523/523/523 1175/1175/1175
f 1177/1177/1177 1178/1178/1178 170/170/170
f 1177/1177/1177 170/170/170 169/169/169
f 1178/1178/1178 1179/1179/1179 192/192/192
f 1178/1178/1178 192/192/192 170/170/170
f 1179/1179/1179 1180/1180/1180 998/998/998
f 1179/1179/1179 998/998/998 192/192/192
f 1180/1180/1180 1181/1181/1181 944/944/944
f 1180/1180/1180 944/944/944 998/998/998
f 1181/1181/1181 1182/1182/1182 890/890/890
f 1181/1181/1181 890/890/890 944/944/944
f 1182/1182/1182 1183/1183/1183 836/836/836
f 1182/1182/1182 836/836/836 890/890/890
f 1183/1183/1183 1184/1184/1184 750/750/750
f 1183/1183/1183 750/750/750 836/836/836
f 1184/1184/1184 1185/1185/1185 302/302/302
f 1184/1184/1184 302/302/302 750/750/750
f 1185/1185/1185 1186/1186/1186 303/303/303
f 1185/1185/1185 303/303/303 302/302/302
f 1186/1186/1186 1187/1187/1187 219/219/219
f 1186/1186/1186 219/219/219 303/303/303
f 1187/1187/1187 1188/1188/1188 220/220/220
f 1187/1187/1187 220/220/220 219/219/219
f 1188/1188/1188 1189/1189/1189 145/145/145
f 1188/1188/1188 145/145/145 220/220/220
f 1189/1189/1189 1190/1190/1190 104/104/104
f 1189/1189/1189 104/104/104 145/145/145
f 1190/1190/1190 1191/1191/1191 105/105/105
f 1190/1190/1190 105/105/105 104/104/104
f 1191/1191/1191 1192/1192/1192 102/102/102
f 1191/1191/1191 102/102/102 105/105/105
f 1192/1192/1192 1193/1193/1193 103/103/103
f 1192/1192/1192 103/103/103 102/102/102
f 1193/1193/1193 1194/1194/1194 144/144/144
f 1193/1193/1193 144/144/144 103/103/103
f 1194/1194/1194 1195/1195/1195 221/221/221
f 1194/1194/1194 221/221/221 144/144/144
f 1195/1195/1195 1196/1196/1196 218/218/218
f 1195/1195/1195 218/218/218 221/221/221
f 1196/1196/1196 1197/1197/1197 304/304/304
f 1196/1196/1196 304/304/304 218/218/218
f 1197/1197/1197 1198/1198/1198 301/301/301
f 1197/1197/1197 301/301/301 304/304/304
f 1198/1198/1198 1199/1199/1199 749/749/749
f 1198/1198/1198 749/749/749 301/301/301
f 1199/1199/1199 1200/1200/1200 835/835/835
f 1199/1199/1199 835/835/835 749/749/749
f 1200/1200/1200 1201/1201/1201 889/889/889
f 1200/1200/1200 889/889/889 835/835/835
f 1201/1201/1201 1202/1202/1202 943/943/943
f 1201/1201/1201 943/943/943 889/889/889
f 1202/1202/1202 1203/1203/1203 997/997/997
f 1202/1202/1202 997/997/997 943/943/943
f 1203/1203/1203 1204/1204/1204 193/193/193
f 1203/1203/1203 193/193/193 997/997/997
f 1204/1204/1204 1205/1205/1205 171/171/171
f 1204/1204/1204 171/171/171 193/193/193
f 1205/1205/1205 1206/1206/1206 168/168/168
f 1205/1205/1205 168/168/168 171/171/171
f 1207/1207/1207 1208/1208/1208 619/619/619
f 1207/1207/1207 619/619/619 1209/1209/1209
f 1210/1210/1210 1211/1211/1211 525/525/525
f 1210/1210/1210 525/525/525 524/524/524
f 1211/1211/1211 1212/1212/1212 457/457/457
f 1211/1211/1211 457/457/457 525/525/525
f 1212/1212/1212 1213/1213/1213 458/458/458
f 1212/1212/1212 458/458/458 457/457/457
f 1213/1213/1213 1214/1214/1214 385/385/385
f 1213/1213/1213 385/385/385 458/458/458
f 1214/1214/1214 1215/1215/1215 386/386/386
f 1214/1214/1214 386/386/386 385/385/385
f 1215/1215/1215 1216/1216/1216 644/644/644
f 1215/1215/1215 644/644/644 386/386/386
f 1216/1216/1216 1217/1217/1217 132/132/132
f 1216/1216/1216 132/132/132 644/644/644
f 1218/1218/1218 1219/1219/1219 184/184/184
f 1218/1218/1218 184/184/184 133/133/133
f 1220/1220/1220 1221/1221/1221 208/208/208
f 1220/1220/1220 208/208/208 207/207/207
f 1221/1221/1221 1222/1222/1222 1010/1010/1010
f 1221/1221/1221 1010/1010/1010 208/208/208
f 1222/1222/1222 1223/1223/1223 956/956/956
f 1222/1222/1222 956/956/956 1010/1010/1010
f 1223/1223/1223 1224/1224/1224 902/902/902
f 1223/1223/1223 902/902/902 956/956/956
f 1224/1224/1224 1225/1225/1225 848/848/848
f 1224/1224/1224 848/848/848 902/902/902
f 1225/1225/1225 1226/1226/1226 762/762/762
f 1225/1225/1225 762/762/762 848/848/848
f 1226/1226/1226 1227/1227/1227 322/322/322
f 1226/1226/1226 322/322/322 762/762/762
f 1227/1227/1227 1228/1228/1228 323/323/323
f 1227/1227/1227 323/323/323 322/322/322
f 1228/1228/1228 1229/1229/1229 239/239/239
f 1228/1228/1228 239/239/239 323/323/323
f 1229/1229/1229 1230/1230/1230 240/240/240
f 1229/1229/1229 240/240/240 239/239/239
f 1230/1230/1230 1231/1231/1231 161/161/161
f 1230/1230/1230 161/161/161 240/240/240
f 1231/1231/1231 1232/1232/1232 136/136/136
f 1231/1231/1231 136/136/136 161/161/161
f 1232/1232/1232 1151/1151/1151 137/137/137
f 1232/1232/1232 137/137/137 136/136/136
f 1233/1233/1233 1234/1234/1234 242/242/242
f 1233/1233/1233 242/242/242 245/245/245
f 1235/1235/1235 1236/1236/1236 1237/1237/1237
f 1235/1235/1235 1237/1237/1237 1238/1238/1238
f 1239/1239/1239 1240/1240/1240 1241/1241/1241
f 1239/1239/1239 1241/1241/1241 1242/1242/1242
f 1243/1243/1243 1244/1244/1244 1245/1245/1245
f 1243/1243/1243 1245/1245/1245 1246/1246/1246
f 1247/1247/1247 1248/1248/1248 1249/1249/1249
f 1247/1247/1247 1249/1249/1249 1250/1250/1250
f 1251/1251/1251 1252/1252/1252 1253/1253/1253
f 1251/1251/1251 1253/1253/1253 1254/1254/1254
f 1255/1255/1255 1256/1256/1256 1257/1257/1257
f 1255/1255/1255 1257/1257/1257 1258/1258/1258
f 1259/1259/1259 1260/1260/1260 1261/1261/1261
f 1259/1259/1259 1261/1261/1261 1262/1262/1262
f 1263/1263/1263 1264/1264/1264 1265/1265/1265
f 1263/1263/1263 1265/1265/1265 1266/1266/1266
f 1267/1267/1267 1268/1268/1268 1248/1248/1248
f 1267/1267/1267 1248/1248/1248 1247/1247/1247
f 1262/1262/1262 1261/1261/1261 1269/1269/1269
f 1262/1262/1262 1269/1269/1269 1270/1270/1270
f 1271/1271/1271 1248/1248/1248 1268/1268/1268
f 1271/1271/1271 1268/1268/1268 1272/1272/1272
f 1273/1273/1273 1274/1274/1274 1275/1275/1275
f 1273/1273/1273 1275/1275/1275 1276/1276/1276
f 1277/1277/1277 1278/1278/1278 1279/1279/1279
f 1277/1277/1277 1279/1279/1279 1280/1280/1280
f 1281/1281/1281 1282/1282/1282 1283/1283/1283
f 1281/1281/1281 1283/1283/1283 1284/1284/1284
f 1285/1285/1285 1286/1286/1286 1287/1287/1287
f 1285/1285/1285 1287/1287/1287 1288/1288/1288
f 1289/1289/1289 1290/1290/1290 1291/1291/1291
f 1289/1289/1289 1291/1291/1291 1292/1292/1292
f 1290/1290/1290 1293/1293/1293 1294/1294/1294
f 1290/1290/1290 1294/1294/1294 1291/1291/1291
f 1293/1293/1293 1295/1295/1295 1296/1296/1296
f 1293/1293/1293 1296/1296/1296 1294/1294/1294
f 1295/1295/1295 1289/1289/1289 1292/1292/1292
f 1295/1295/1295 1292/1292/1292 1296/1296/1296
f 1297/1297/1297 1298/1298/1298 1299/1299/1299
f 1297/1297/1297 1299/1299/1299 1300/1300/1300
f 1301/1301/1301 1302/1302/1302 1303/1303/1303
f 1301/1301/1301 1303/1303/1303 1304/1304/1304
f 1305/1305/1305 1306/1306/1306 1307/1307/1307
f 1305/1305/1305 1307/1307/1307 1308/1308/1308
f 1309/1309/1309 1310/1310/1310 1311/1311/1311
f 1309/1309/1309 1311/1311/1311 1312/1312/1312
f 1313/1313/1313 1314/1314/1314 1315/1315/1315
f 1313/1313/1313 1315/1315/1315 1316/1316/1316
f 1317/1317/1317 1318/1318/1318 1319/1319/1319
f 1317/1317/1317 1319/1319/1319 1320/1320/1320
f 1321/1321/1321 1322/1322/1322 1323/1323/1323
f 1321/1321/1321 1323/1323/1323 1324/1324/1324
f 1325/1325/1325 1326/1326/1326 1327/1327/1327
f 1325/1325/1325 1327/1327/1327 1328/1328/1328
f 1329/1329/1329 1330/1330/1330 1331/1331/1331
f 1329/1329/1329 1331/1331/1331 1332/1332/1332
f 1333/1333/1333 1334/1334/1334 1335/1335/1335
f 1333/1333/1333 1335/1335/1335 1336/1336/1336
f 1337/1337/1337 1338/1338/1338 1339/1339/1339
f 1337/1337/1337 1339/1339/1339 1340/1340/1340
f 1341/1341/1341 1342/1342/1342 1343/1343/1343
f 1341/1341/1341 1343/1343/1343 1344/1344/1344
f 1345/1345/1345 1346/1346/1346 1347/1347/1347
f 1345/1345/1345 1347/1347/1347 1348/1348/1348
f 1349/1349/1349 1350/1350/1350 1351/1351/1351
f 1349/1349/1349 1351/1351/1351 1352/1352/1352
f 1353/1353/1353 1354/1354/1354 1355/1355/1355
f 1353/1353/1353 1355/1355/1355 1356/1356/1356
f 1357/1357/1357 1358/1358/1358 1359/1359/1359
f 1357/1357/1357 1359/1359/1359 1360/1360/1360
f 1361/1361/1361 1362/1362/1362 1363/1363/1363
f 1361/1361/1361 1363/1363/1363 1364/1364/1364
f 1365/1365/1365 1366/1366/1366 1367/1367/1367
f 1365/1365/1365 1367/1367/1367 1368/1368/1368
f 1369/1369/1369 1370/1370/1370 1371/1371/1371
f 1369/1369/1369 1371/1371/1371 1372/1372/1372
f 1373/1373/1373 1374/1374/1374 1375/1375/1375
f 1373/1373/1373 1375/1375/1375 1376/1376/1376
f 1377/1377/1377 1378/1378/1378 1379/1379/1379
f 1377/1377/1377 1379/1379/1379 1380/1380/1380
f 1381/1381/1381 1382/1382/1382 1253/1253/1253
f 1381/1381/1381 1253/1253/1253 1252/1252/1252
f 1383/1383/1383 1384/1384/1384 1385/1385/1385
f 1383/1383/1383 1385/1385/1385 1386/1386/1386
f 1387/1387/1387 1388/1388/1388 1269/1269/1269
f 1387/1387/1387 1269/1269/1269 1261/1261/1261
f 1389/1389/1389 1390/1390/1390 1391/1391/1391
f 1389/1389/1389 1391/1391/1391 1392/1392/1392
f 1393/1393/1393 1394/1394/1394 1395/1395/1395
f 1393/1393/1393 1395/1395/1395 1396/1396/1396
f 1255/1255/1255 1258/1258/1258 1382/1382/1382
f 1255/1255/1255 1382/1382/1382 1381/1381/1381
f 1397/1397/1397 1398/1398/1398 1399/1399/1399
f 1397/1397/1397 1399/1399/1399 1400/1400/1400
f 1271/1271/1271 1272/1272/1272 1388/1388/1388
f 1271/1271/1271 1388/1388/1388 1387/1387/1387
f 1401/1401/1401 1402/1402/1402 1403/1403/1403
f 1401/1401/1401 1403/1403/1403 1404/1404/1404
f 1405/1405/1405 1406/1406/1406 1407/1407/1407
f 1405/1405/1405 1407/1407/1407 1408/1408/1408
f 1406/1406/1406 1409/1409/1409 1410/1410/1410
f 1406/1406/1406 1410/1410/1410 1407/1407/1407
f 1409/1409/1409 1411/1411/1411 1412/1412/1412
f 1409/1409/1409 1412/1412/1412 1410/1410/1410
f 1411/1411/1411 1405/1405/1405 1408/1408/1408
f 1411/1411/1411 1408/1408/1408 1412/1412/1412
f 1413/1413/1413 1414/1414/1414 1415/1415/1415
f 1413/1413/1413 1415/1415/1415 1416/1416/1416
f 1417/1417/1417 1418/1418/1418 1419/1419/1419
f 1417/1417/1417 1419/1419/1419 1420/1420/1420
f 1421/1421/1421 1422/1422/1422 1423/1423/1423
f 1421/1421/1421 1423/1423/1423 1424/1424/1424
f 1425/1425/1425 1426/1426/1426 1427/1427/1427
f 1425/1425/1425 1427/1427/1427 1428/1428/1428
f 1429/1429/1429 1430/1430/1430 1431/1431/1431
f 1429/1429/1429 1431/1431/1431 1432/1432/1432
f 1433/1433/1433 1434/1434/1434 1435/1435/1435
f 1433/1433/1433 1435/1435/1435 1436/1436/1436
f 1437/1437/1437 1438/1438/1438 1439/1439/1439
f 1437/1437/1437 1439/1439/1439 1440/1440/1440
f 1441/1441/1441 1442/1442/1442 1443/1443/1443
f 1441/1441/1441 1443/1443/1443 1444/1444/1444
f 1445/1445/1445 1446/1446/1446 1447/1447/1447
f 1445/1445/1445 1447/1447/1447 1448/1448/1448
f 1449/1449/1449 1450/1450/1450 1451/1451/1451
f 1449/1449/1449 1451/1451/1451 1452/1452/1452
f 1453/1453/1453 1454/1454/1454 1455/1455/1455
f 1453/1453/1453 1455/1455/1455 1456/1456/1456
f 1457/1457/1457 1458/1458/1458 1459/1459/1459
f 1457/1457/1457 1459/1459/1459 1460/1460/1460
f 1461/1461/1461 1462/1462/1462 1463/1463/1463
f 1461/1461/1461 1463/1463/1463 1464/1464/1464
f 1465/1465/1465 1466/1466/1466 1467/1467/1467
f 1465/1465/1465 1467/1467/1467 1468/1468/1468
f 1469/1469/1469 1470/1470/1470 1471/1471/1471
f 1469/1469/1469 1471/1471/1471 1472/1472/1472
f 1473/1473/1473 1474/1474/1474 1475/1475/1475
f 1473/1473/1473 1475/1475/1475 1476/1476/1476
f 1477/1477/1477 1478/1478/1478 1479/1479/1479
f 1477/1477/1477 1479/1479/1479 1480/1480/1480
f 1481/1481/1481 1482/1482/1482 1483/1483/1483
f 1481/1481/1481 1483/1483/1483 1484/1484/1484
f 1485/1485/1485 1486/1486/1486 1487/1487/1487
f 1485/1485/1485 1487/1487/1487 1488/1488/1488
f 1489/1489/1489 1490/1490/1490 1491/1491/1491
f 1489/1489/1489 1491/1491/1491 1492/1492/1492
f 1493/1493/1493 1494/1494/1494 1495/1495/1495
f 1493/1493/1493 1495/1495/1495 1496/1496/1496
f 1494/1494/1494 1497/1497/1497 1498/1498/1498
f 1494/1494/1494 1498/1498/1498 1495/1495/1495
f 1497/1497/1497 1499/1499/1499 1500/1500/1500
f 1497/1497/1497 1500/1500/1500 1498/1498/1498
f 1499/1499/1499 1501/1501/1501 1502/1502/1502
f 1499/1499/1499 1502/1502/1502 1500/1500/1500
f 1501/1501/1501 1503/1503/1503 1504/1504/1504
f 1501/1501/1501 1504/1504/1504 1502/1502/1502
f 1503/1503/1503 1505/1505/1505 1506/1506/1506
f 1503/1503/1503 1506/1506/1506 1504/1504/1504
f 1505/1505/1505 1507/1507/1507 1508/1508/1508
f 1505/1505/1505 1508/1508/1508 1506/1506/1506
f 1507/1507/1507 1509/1509/1509 1510/1510/1510
f 1507/1507/1507 1510/1510/1510 1508/1508/1508
f 1509/1509/1509 1511/1511/1511 1512/1512/1512
f 1509/1509/1509 1512/1512/1512 1510/1510/1510
f 1511/1511/1511 1513/1513/1513 1514/1514/1514
f 1511/1511/1511 1514/1514/1514 1512/1512/1512
f 1513/1513/1513 1515/1515/1515 1516/1516/1516
f 1513/1513/1513 1516/1516/1516 1514/1514/1514
f 1515/1515/1515 1517/1517/1517 1518/1518/1518
f 1515/1515/1515 1518/1518/1518 1516/1516/1516
f 1517/1517/1517 1519/1519/1519 1520/1520/1520
f 1517/1517/1517 1520/1520/1520 1518/1518/1518
f 1519/1519/1519 1521/1521/1521 1522/1522/1522
f 1519/1519/1519 1522/1522/1522 1520/1520/1520
f 1521/1521/1521 1523/1523/1523 1524/1524/1524
f 1521/1521/1521 1524/1524/1524 1522/1522/1522
f 1523/1523/1523 1493/1493/1493 1496/1496/1496
f 1523/1523/1523 1496/1496/1496 1524/1524/1524
f 1525/1525/1525 1526/1526/1526 1527/1527/1527
f 1525/1525/1525 1527/1527/1527 1528/1528/1528
f 1529/1529/1529 1530/1530/1530 1531/1531/1531
f 1529/1529/1529 1531/1531/1531 1532/1532/1532
f 1530/1530/1530 1533/1533/1533 1534/1534/1534
f 1530/1530/1530 1534/1534/1534 1531/1531/1531
f 1533/1533/1533 1535/1535/1535 1536/1536/1536
f 1533/1533/1533 1536/1536/1536 1534/1534/1534
f 1535/1535/1535 1537/1537/1537 1538/1538/1538
f 1535/1535/1535 1538/1538/1538 1536/1536/1536
f 1537/1537/1537 1539/1539/1539 1540/1540/1540
f 1537/1537/1537 1540/1540/1540 1538/1538/1538
f 1539/1539/1539 1541/1541/1541 1542/1542/1542
f 1539/1539/1539 1542/1542/1542 1540/1540/1540
f 1541/1541/1541 1543/1543/1543 1544/1544/1544
f 1541/1541/1541 1544/1544/1544 1542/1542/1542
f 1543/1543/1543 1545/1545/1545 1546/1546/1546
f 1543/1543/1543 1546/1546/1546 1544/1544/1544
f 1545/1545/1545 1547/1547/1547 1548/1548/1548
f 1545/1545/1545 1548/1548/1548 1546/1546/1546
f 1547/1547/1547 1549/1549/1549 1550/1550/1550
f 1547/1547/1547 1550/1550/1550 1548/1548/1548
f 1549/1549/1549 1551/1551/1551 1552/1552/1552
f 1549/1549/1549 1552/1552/1552 1550/1550/1550
f 1551/1551/1551 1553/1553/1553 1554/1554/1554
f 1551/1551/1551 1554/1554/1554 1552/1552/1552
f 1553/1553/1553 1555/1555/1555 1556/1556/1556
f 1553/1553/1553 1556/1556/1556 1554/1554/1554
f 1555/1555/1555 1557/1557/1557 1558/1558/1558
f 1555/1555/1555 1558/1558/1558 1556/1556/1556
f 1557/1557/1557 1559/1559/1559 1560/1560/1560
f 1557/1557/1557 1560/1560/1560 1558/1558/1558
f 1559/1559/1559 1529/1529/1529 1532/1532/1532
f 1559/1559/1559 1532/1532/1532 1560/1560/1560
f 1561/1561/1561 1562/1562/1562 1563/1563/1563
f 1561/1561/1561 1563/1563/1563 1564/1564/1564
f 1562/1562/1562 1565/1565/1565 1566/1566/1566
f 1562/1562/1562 1566/1566/1566 1563/1563/1563
f 1565/1565/1565 1567/1567/1567 1568/1568/1568
f 1565/1565/1565 1568/1568/1568 1566/1566/1566
f 1567/1567/1567 1569/1569/1569 1570/1570/1570
f 1567/1567/1567 1570/1570/1570 1568/1568/1568
f 1569/1569/1569 1571/1571/1571 1572/1572/1572
f 1569/1569/1569 1572/1572/1572 1570/1570/1570
f 1571/1571/1571 1573/1573/1573 1574/1574/1574
f 1571/1571/1571 1574/1574/1574 1572/1572/1572
f 1573/1573/1573 1575/1575/1575 1576/1576/1576
f 1573/1573/1573 1576/1576/1576 1574/1574/1574
f 1577/1577/1577 1578/1578/1578 1579/1579/1579
f 1577/1577/1577 1579/1579/1579 1580/1580/1580
f 1578/1578/1578 1581/1581/1581 1582/1582/1582
f 1578/1578/1578 1582/1582/1582 1579/1579/1579
f 1581/1581/1581 1583/1583/1583 1584/1584/1584
f 1581/1581/1581 1584/1584/1584 1582/1582/1582
f 1583/1583/1583 1585/1585/1585 1586/1586/1586
f 1583/1583/1583 1586/1586/1586 1584/1584/1584
f 1585/1585/1585 1587/1587/1587 1588/1588/1588
f 1585/1585/1585 1588/1588/1588 1586/1586/1586
f 1587/1587/1587 1589/1589/1589 1590/1590/1590
f 1587/1587/1587 1590/1590/1590 1588/1588/1588
f 1589/1589/1589 1591/1591/1591 1592/1592/1592
f 1589/1589/1589 1592/1592/1592 1590/1590/1590
f 1591/1591/1591 1593/1593/1593 1594/1594/1594
f 1591/1591/1591 1594/1594/1594 1592/1592/1592
f 1593/1593/1593 1561/1561/1561 1564/1564/1564
f 1593/1593/1593 1564/1564/1564 1594/1594/1594
f 1595/1595/1595 1596/1596/1596 1597/1597/1597
f 1595/1595/1595 1597/1597/1597 1598/1598/1598
f 1596/1596/1596 1599/1599/1599 1600/1600/1600
f 1596/1596/1596 1600/1600/1600 1597/1597/1597
f 1599/1599/1599 1601/1601/1601 1602/1602/1602
f 1599/1599/1599 1602/1602/1602 1600/1600/1600
f 1601/1601/1601 1603/1603/1603 1604/1604/1604
f 1601/1601/1601 1604/1604/1604 1602/1602/1602
f 1603/1603/1603 1605/1605/1605 1606/1606/1606
f 1603/1603/1603 1606/1606/1606 1604/1604/1604
f 1605/1605/1605 1607/1607/1607 1608/1608/1608
f 1605/1605/1605 1608/1608/1608 1606/1606/1606
f 1607/1607/1607 1609/1609/1609 1610/1610/1610
f 1607/1607/1607 1610/1610/1610 1608/1608/1608
f 1609/1609/1609 1611/1611/1611 1612/1612/1612
f 1609/1609/1609 1612/1612/1612 1610/1610/1610
f 1611/1611/1611 1613/1613/1613 1614/1614/1614
f 1611/1611/1611 1614/1614/1614 1612/1612/1612
f 1613/1613/1613 1615/1615/1615 1616/1616/1616
f 1613/1613/1613 1616/1616/1616 1614/1614/1614
f 1615/1615/1615 1617/1617/1617 1618/1618/1618
f 1615/1615/1615 1618/1618/1618 1616/1616/1616
f 1617/1617/1617 1619/1619/1619 1620/1620/1620
f 1617/1617/1617 1620/1620/1620 1618/1618/1618
f 1619/1619/1619 1621/1621/1621 1622/1622/1622
f 1619/1619/1619 1622/1622/1622 1620/1620/1620
f 1621/1621/1621 1623/1623/1623 1624/1624/1624
f 1621/1621/1621 1624/1624/1624 1622/1622/1622
f 1623/1623/1623 1625/1625/1625 1626/1626/1626
f 1623/1623/1623 1626/1626/1626 1624/1624/1624
f 1625/1625/1625 1595/1595/1595 1598/1598/1598
f 1625/1625/1625 1598/1598/1598 1626/1626/1626
f 1627/1627/1627 1628/1628/1628 1629/1629/1629
f 1627/1627/1627 1629/1629/1629 1630/1630/1630
f 1631/1631/1631 1632/1632/1632 1633/1633/1633
f 1631/1631/1631 1633/1633/1633 1634/1634/1634
f 1632/1632/1632 1635/1635/1635 1636/1636/1636
f 1632/1632/1632 1636/1636/1636 1633/1633/1633
f 1635/1635/1635 1637/1637/1637 1638/1638/1638
f 1635/1635/1635 1638/1638/1638 1636/1636/1636
f 1637/1637/1637 1639/1639/1639 1640/1640/1640
f 1637/1637/1637 1640/1640/1640 1638/1638/1638
f 1639/1639/1639 1641/1641/1641 1642/1642/1642
f 1639/1639/1639 1642/1642/1642 1640/1640/1640
f 1641/1641/1641 1643/1643/1643 1644/1644/1644
f 1641/1641/1641 1644/1644/1644 1642/1642/1642
f 1643/1643/1643 1645/1645/1645 1646/1646/1646
f 1643/1643/1643 1646/1646/1646 1644/1644/1644
f 1645/1645/1645 1647/1647/1647 1648/1648/1648
f 1645/1645/1645 1648/1648/1648 1646/1646/1646
f 1647/1647/1647 1649/1649/1649 1650/1650/1650
f 1647/1647/1647 1650/1650/1650 1648/1648/1648
f 1649/1649/1649 1651/1651/1651 1652/1652/1652
f 1649/1649/1649 1652/1652/1652 1650/1650/1650
f 1651/1651/1651 1653/1653/1653 1654/1654/1654
f 1651/1651/1651 1654/1654/1654 1652/1652/1652
f 1653/1653/1653 1655/1655/1655 1656/1656/1656
f 1653/1653/1653 1656/1656/1656 1654/1654/1654
f 1655/1655/1655 1657/1657/1657 1658/1658/1658
f 1655/1655/1655 1658/1658/1658 1656/1656/1656
f 1657/1657/1657 1659/1659/1659 1660/1660/1660
f 1657/1657/1657 1660/1660/1660 1658/1658/1658
f 1659/1659/1659 1661/1661/1661 1662/1662/1662
f 1659/1659/1659 1662/1662/1662 1660/1660/1660
f 1661/1661/1661 1631/1631/1631 1634/1634/1634
f 1661/1661/1661 1634/1634/1634 1662/1662/1662
f 1663/1663/1663 1664/1664/1664 1665/1665/1665
f 1663/1663/1663 1665/1665/1665 1666/1666/1666
f 1664/1664/1664 1667/1667/1667 1668/1668/1668
f 1664/1664/1664 1668/1668/1668 1665/1665/1665
f 1667/1667/1667 1669/1669/1669 1670/1670/1670
f 1667/1667/1667 1670/1670/1670 1668/1668/1668
f 1669/1669/1669 1671/1671/1671 1672/1672/1672
f 1669/1669/1669 1672/1672/1672 1670/1670/1670
f 1671/1671/1671 1673/1673/1673 1674/1674/1674
f 1671/1671/1671 1674/1674/1674 1672/1672/1672
f 1673/1673/1673 1675/1675/1675 1676/1676/1676
f 1673/1673/1673 1676/1676/1676 1674/1674/1674
f 1677/1677/1677 1678/1678/1678 1679/1679/1679
f 1677/1677/1677 1679/1679/1679 1680/1680/1680
f 1678/1678/1678 1681/1681/1681 1682/1682/1682
f 1678/1678/1678 1682/1682/1682 1679/1679/1679
f 1681/1681/1681 1683/1683/1683 1684/1684/1684
f 1681/1681/1681 1684/1684/1684 1682/1682/1682
f 1683/1683/1683 1685/1685/1685 1686/1686/1686
f 1683/1683/1683 1686/1686/1686 1684/1684/1684
f 1685/1685/1685 1687/1687/1687 1688/1688/1688
f 1685/1685/1685 1688/1688/1688 1686/1686/1686
f 1687/1687/1687 1689/1689/1689 1690/1690/1690
f 1687/1687/1687 1690/1690/1690 1688/1688/1688
f 1689/1689/1689 1691/1691/1691 1692/1692/1692
f 1689/1689/1689 1692/1692/1692 1690/1690/1690
f 1691/1691/1691 1693/1693/1693 1694/1694/1694
f 1691/1691/1691 1694/1694/1694 1692/1692/1692
f 1693/1693/1693 1695/1695/1695 1696/1696/1696
f 1693/1693/1693 1696/1696/1696 1694/1694/1694
f 1695/1695/1695 1663/1663/1663 1666/1666/1666
f 1695/1695/1695 1666/1666/1666 1696/1696/1696
f 1697/1697/1697 1698/1698/1698 1699/1699/1699
f 1697/1697/1697 1699/1699/1699 1700/1700/1700
f 1698/1698/1698 1701/1701/1701 1702/1702/1702
f 1698/1698/1698 1702/1702/1702 1699/1699/1699
f 1701/1701/1701 1703/1703/1703 1704/1704/1704
f 1701/1701/1701 1704/1704/1704 1702/1702/1702
f 1703/1703/1703 1705/1705/1705 1706/1706/1706
f 1703/1703/1703 1706/1706/1706 1704/1704/1704
f 1705/1705/1705 1707/1707/1707 1708/1708/1708
f 1705/1705/1705 1708/1708/1708 1706/1706/1706
f 1707/1707/1707 1709/1709/1709 1710/1710/1710
f 1707/1707/1707 1710/1710/1710 1708/1708/1708
f 1711/1711/1711 1712/1712/1712 1713/1713/1713
f 1711/1711/1711 1713/1713/1713 1714/1714/1714
f 1712/1712/1712 1715/1715/1715 1716/1716/1716
f 1712/1712/1712 1716/1716/1716 1713/1713/1713
f 1715/1715/1715 1717/1717/1717 1718/1718/1718
f 1715/1715/1715 1718/1718/1718 1716/1716/1716
f 1717/1717/1717 1719/1719/1719 1720/1720/1720
f 1717/1717/1717 1720/1720/1720 1718/1718/1718
f 1719/1719/1719 1721/1721/1721 1722/1722/1722
f 1719/1719/1719 1722/1722/1722 1720/1720/1720
f 1721/1721/1721 1723/1723/1723 1724/1724/1724
f 1721/1721/1721 1724/1724/1724 1722/1722/1722
f 1723/1723/1723 1725/1725/1725 1726/1726/1726
f 1723/1723/1723 1726/1726/1726 1724/1724/1724
f 1725/1725/1725 1727/1727/1727 1728/1728/1728
f 1725/1725/1725 1728/1728/1728 1726/1726/1726
f 1727/1727/1727 1729/1729/1729 1730/1730/1730
f 1727/1727/1727 1730/1730/1730 1728/1728/1728
f 1729/1729/1729 1697/1697/1697 1700/1700/1700
f 1729/1729/1729 1700/1700/1700 1730/1730/1730
f 1731/1731/1731 1732/1732/1732 1733/1733/1733
f 1731/1731/1731 1733/1733/1733 1734/1734/1734
f 1732/1732/1732 1735/1735/1735 1736/1736/1736
f 1732/1732/1732 1736/1736/1736 1733/1733/1733
f 1735/1735/1735 1737/1737/1737 1738/1738/1738
f 1735/1735/1735 1738/1738/1738 1736/1736/1736
f 1737/1737/1737 1739/1739/1739 1740/1740/1740
f 1737/1737/1737 1740/1740/1740 1738/1738/1738
f 1739/1739/1739 1741/1741/1741 1742/1742/1742
f 1739/1739/1739 1742/1742/1742 1740/1740/1740
f 1741/1741/1741 1743/1743/1743 1744/1744/1744
f 1741/1741/1741 1744/1744/1744 1742/1742/1742
f 1745/1745/1745 1746/1746/1746 1747/1747/1747
f 1745/1745/1745 1747/1747/1747 1748/1748/1748
f 1746/1746/1746 1749/1749/1749 1750/1750/1750
f 1746/1746/1746 1750/1750/1750 1747/1747/1747
f 1749/1749/1749 1751/1751/1751 1752/1752/1752
f 1749/1749/1749 1752/1752/1752 1750/1750/1750
f 1751/1751/1751 1753/1753/1753 1754/1754/1754
f 1751/1751/1751 1754/1754/1754 1752/1752/1752
f 1753/1753/1753 1755/1755/1755 1756/1756/1756
f 1753/1753/1753 1756/1756/1756 1754/1754/1754
f 1755/1755/1755 1757/1757/1757 1758/1758/1758
f 1755/1755/1755 1758/1758/1758 1756/1756/1756
f 1757/1757/1757 1759/1759/1759 1760/1760/1760
f 1757/1757/1757 1760/1760/1760 1758/1758/1758
f 1759/1759/1759 1761/1761/1761 1762/1762/1762
f 1759/1759/1759 1762/1762/1762 1760/1760/1760
f 1761/1761/1761 1763/1763/1763 1764/1764/1764
f 1761/1761/1761 1764/1764/1764 1762/1762/1762
f 1763/1763/1763 1731/1731/1731 1734/1734/1734
f 1763/1763/1763 1734/1734/1734 1764/1764/1764
f 1765/1765/1765 1766/1766/1766 1767/1767/1767
f 1765/1765/1765 1767/1767/1767 1768/1768/1768
f 1765/1765/1765 1769/1769/1769 1770/1770/1770
f 1765/1765/1765 1770/1770/1770 1766/1766/1766
f 1769/1769/1769 1771/1771/1771 1772/1772/1772
f 1769/1769/1769 1772/1772/1772 1770/1770/1770
f 1771/1771/1771 1773/1773/1773 1774/1774/1774
f 1771/1771/1771 1774/1774/1774 1772/1772/1772
f 1773/1773/1773 1775/1775/1775 1776/1776/1776
f 1773/1773/1773 1776/1776/1776 1774/1774/1774
f 1775/1775/1775 1777/1777/1777 1778/1778/1778
f 1775/1775/1775 1778/1778/1778 1776/1776/1776
f 1779/1779/1779 1780/1780/1780 1781/1781/1781
f 1779/1779/1779 1781/1781/1781 1782/1782/1782
f 1780/1780/1780 1783/1783/1783 1784/1784/1784
f 1780/1780/1780 1784/1784/1784 1781/1781/1781
f 1783/1783/1783 1785/1785/1785 1786/1786/1786
f 1783/1783/1783 1786/1786/1786 1784/1784/1784
f 1785/1785/1785 1787/1787/1787 1788/1788/1788
f 1785/1785/1785 1788/1788/1788 1786/1786/1786
f 1787/1787/1787 1789/1789/1789 1790/1790/1790
f 1787/1787/1787 1790/1790/1790 1788/1788/1788
f 1789/1789/1789 1791/1791/1791 1792/1792/1792
f 1789/1789/1789 1792/1792/1792 1790/1790/1790
f 1791/1791/1791 1793/1793/1793 1794/1794/1794
f 1791/1791/1791 1794/1794/1794 1792/1792/1792
f 1793/1793/1793 1795/1795/1795 1796/1796/1796
f 1793/1793/1793 1796/1796/1796 1794/1794/1794
f 1795/1795/1795 1797/1797/1797 1798/1798/1798
f 1795/1795/1795 1798/1798/1798 1796/1796/1796
f 1797/1797/1797 1768/1768/1768 1767/1767/1767
f 1797/1797/1797 1767/1767/1767 1798/1798/1798
f 1799/1799/1799 1800/1800/1800 22/22/22
f 1799/1799/1799 22/22/22 24/24/24
f 1801/1801/1801 1802/1802/1802 1800/1800/1800
f 1801/1801/1801 1800/1800/1800 1799/1799/1799
f 1803/1803/1803 1804/1804/1804 1802/1802/1802
f 1803/1803/1803 1802/1802/1802 1801/1801/1801
f 25/25/25 27/27/27 1805/1805/1805
f 25/25/25 1805/1805/1805 1806/1806/1806
f 1806/1806/1806 1805/1805/1805 1807/1807/1807
f 1806/1806/1806 1807/1807/1807 1808/1808/1808
f 1803/1803/1803 1808/1808/1808 1807/1807/1807
f 1803/1803/1803 1807/1807/1807 1804/1804/1804
f 1809/1809/1809 1810/1810/1810 1528/1528/1528
f 1809/1809/1809 1528/1528/1528 1527/1527/1527
f 1811/1811/1811 1812/1812/1812 1810/1810/1810
f 1811/1811/1811 1810/1810/1810 1809/1809/1809
f 1813/1813/1813 1814/1814/1814 1815/1815/1815
f 1813/1813/1813 1815/1815/1815 1816/1816/1816
f 1812/1812/1812 1811/1811/1811 1816/1816/1816
f 1812/1812/1812 1816/1816/1816 1815/1815/1815
f 1817/1817/1817 1818/1818/1818 1814/1814/1814
f 1817/1817/1817 1814/1814/1814 1813/1813/1813
f 1819/1819/1819 1820/1820/1820 1818/1818/1818
f 1819/1819/1819 1818/1818/1818 1817/1817/1817
f 1821/1821/1821 1822/1822/1822 1823/1823/1823
f 1821/1821/1821 1823/1823/1823 1824/1824/1824
f 1823/1823/1823 1630/1630/1630 1629/1629/1629
f 1823/1823/1823 1629/1629/1629 1824/1824/1824
f 1825/1825/1825 1826/1826/1826 1827/1827/1827
f 1825/1825/1825 1827/1827/1827 1828/1828/1828
f 1822/1822/1822 1821/1821/1821 1825/1825/1825
f 1822/1822/1822 1825/1825/1825 1828/1828/1828
f 1829/1829/1829 1830/1830/1830 1831/1831/1831
f 1829/1829/1829 1831/1831/1831 1832/1832/1832
f 1827/1827/1827 1826/1826/1826 1832/1832/1832
f 1827/1827/1827 1832/1832/1832 1831/1831/1831
f 1833/1833/1833 1834/1834/1834 1835/1835/1835
f 1833/1833/1833 1835/1835/1835 1836/1836/1836
f 1837/1837/1837 1838/1838/1838 1839/1839/1839
f 1837/1837/1837 1839/1839/1839 1840/1840/1840
f 1841/1841/1841 1842/1842/1842 1843/1843/1843
f 1841/1841/1841 1843/1843/1843 1844/1844/1844
f 1844/1844/1844 1843/1843/1843 1377/1377/1377
f 1844/1844/1844 1377/1377/1377 1380/1380/1380
f 1845/1845/1845 1846/1846/1846 1847/1847/1847
f 1845/1845/1845 1847/1847/1847 1848/1848/1848
f 1849/1849/1849 1850/1850/1850 1851/1851/1851
f 1849/1849/1849 1851/1851/1851 1852/1852/1852
f 1853/1853/1853 1854/1854/1854 1855/1855/1855
f 1853/1853/1853 1855/1855/1855 1856/1856/1856
f 1857/1857/1857 1858/1858/1858 1854/1854/1854
f 1857/1857/1857 1854/1854/1854 1853/1853/1853
f 1859/1859/1859 1860/1860/1860 1861/1861/1861
f 1859/1859/1859 1861/1861/1861 1862/1862/1862
f 1863/1863/1863 1864/1864/1864 1865/1865/1865
f 1863/1863/1863 1865/1865/1865 1866/1866/1866
f 1867/1867/1867 1868/1868/1868 1869/1869/1869
f 1867/1867/1867 1869/1869/1869 1870/1870/1870
f 1871/1871/1871 1872/1872/1872 1873/1873/1873
f 1871/1871/1871 1873/1873/1873 1874/1874/1874
f 1872/1872/1872 1875/1875/1875 1876/1876/1876
f 1872/1872/1872 1876/1876/1876 1873/1873/1873
f 1875/1875/1875 1877/1877/1877 1878/1878/1878
f 1875/1875/1875 1878/1878/1878 1876/1876/1876
f 1877/1877/1877 1879/1879/1879 1880/1880/1880
f 1877/1877/1877 1880/1880/1880 1878/1878/1878
f 1879/1879/1879 1881/1881/1881 1882/1882/1882
f 1879/1879/1879 1882/1882/1882 1880/1880/1880
f 1881/1881/1881 1883/1883/1883 1884/1884/1884
f 1881/1881/1881 1884/1884/1884 1882/1882/1882
f 1883/1883/1883 1885/1885/1885 1886/1886/1886
f 1883/1883/1883 1886/1886/1886 1884/1884/1884
f 1885/1885/1885 1887/1887/1887 1888/1888/1888
f 1885/1885/1885 1888/1888/1888 1886/1886/1886
f 1887/1887/1887 1889/1889/1889 1890/1890/1890
f 1887/1887/1887 1890/1890/1890 1888/1888/1888
f 1889/1889/1889 1891/1891/1891 1892/1892/1892
f 1889/1889/1889 1892/1892/1892 1890/1890/1890
f 1891/1891/1891 1893/1893/1893 1894/1894/1894
f 1891/1891/1891 1894/1894/1894 1892/1892/1892
f 1893/1893/1893 1895/1895/1895 1896/1896/1896
f 1893/1893/1893 1896/1896/1896 1894/1894/1894
f 1895/1895/1895 1897/1897/1897 1898/1898/1898
f 1895/1895/1895 1898/1898/1898 1896/1896/1896
f 1897/1897/1897 1899/1899/1899 1900/1900/1900
f 1897/1897/1897 1900/1900/1900 1898/1898/1898
f 1899/1899/1899 1901/1901/1901 1902/1902/1902
f 1899/1899/1899 1902/1902/1902 1900/1900/1900
f 1901/1901/1901 1903/1903/1903 1904/1904/1904
f 1901/1901/1901 1904/1904/1904 1902/1902/1902
f 1903/1903/1903 1905/1905/1905 1906/1906/1906
f 1903/1903/1903 1906/1906/1906 1904/1904/1904
f 1907/1907/1907 1908/1908/1908 1909/1909/1909
f 1907/1907/1907 1909/1909/1909 1910/1910/1910
f 1911/1911/1911 1912/1912/1912 1913/1913/1913
f 1911/1911/1911 1913/1913/1913 1914/1914/1914
f 1915/1915/1915 1916/1916/1916 1917/1917/1917
f 1915/1915/1915 1917/1917/1917 1918/1918/1918
f 1916/1916/1916 1919/1919/1919 1920/1920/1920
f 1916/1916/1916 1920/1920/1920 1917/1917/1917
f 1919/1919/1919 1921/1921/1921 1922/1922/1922
f 1919/1919/1919 1922/1922/1922 1920/1920/1920
f 1921/1921/1921 1923/1923/1923 1924/1924/1924
f 1921/1921/1921 1924/1924/1924 1922/1922/1922
f 1923/1923/1923 1925/1925/1925 1926/1926/1926
f 1923/1923/1923 1926/1926/1926 1924/1924/1924
f 1927/1927/1927 1928/1928/1928 1929/1929/1929
f 1927/1927/1927 1929/1929/1929 1930/1930/1930
f 1931/1931/1931 1932/1932/1932 1933/1933/1933
f 1931/1931/1931 1933/1933/1933 1934/1934/1934
f 1935/1935/1935 1936/1936/1936 1937/1937/1937
f 1935/1935/1935 1937/1937/1937 1938/1938/1938
f 1936/1936/1936 1939/1939/1939 1940/1940/1940
f 1936/1936/1936 1940/1940/1940 1937/1937/1937
f 1939/1939/1939 1941/1941/1941 1942/1942/1942
f 1939/1939/1939 1942/1942/1942 1940/1940/1940
f 1941/1941/1941 1943/1943/1943 1944/1944/1944
f 1941/1941/1941 1944/1944/1944 1942/1942/1942
f 1943/1943/1943 1945/1945/1945 1946/1946/1946
f 1943/1943/1943 1946/1946/1946 1944/1944/1944
f 1945/1945/1945 1947/1947/1947 1948/1948/1948
f 1945/1945/1945 1948/1948/1948 1946/1946/1946
f 1947/1947/1947 1859/1859/1859 1862/1862/1862
f 1947/1947/1947 1862/1862/1862 1948/1948/1948
f 1949/1949/1949 1950/1950/1950 1951/1951/1951
f 1949/1949/1949 1951/1951/1951 1952/1952/1952
f 1953/1953/1953 1954/1954/1954 1955/1955/1955
f 1953/1953/1953 1955/1955/1955 1956/1956/1956
f 1954/1954/1954 1957/1957/1957 1958/1958/1958
f 1954/1954/1954 1958/1958/1958 1955/1955/1955
f 1957/1957/1957 1959/1959/1959 1960/1960/1960
f 1957/1957/1957 1960/1960/1960 1958/1958/1958
f 1959/1959/1959 1961/1961/1961 1962/1962/1962
f 1959/1959/1959 1962/1962/1962 1960/1960/1960
f 1961/1961/1961 1963/1963/1963 1964/1964/1964
f 1961/1961/1961 1964/1964/1964 1962/1962/1962
f 1963/1963/1963 1965/1965/1965 1966/1966/1966
f 1963/1963/1963 1966/1966/1966 1964/1964/1964
f 1965/1965/1965 1967/1967/1967 1968/1968/1968
f 1965/1965/1965 1968/1968/1968 1966/1966/1966
f 1967/1967/1967 1969/1969/1969 1970/1970/1970
f 1967/1967/1967 1970/1970/1970 1968/1968/1968
f 1969/1969/1969 1971/1971/1971 1972/1972/1972
f 1969/1969/1969 1972/1972/1972 1970/1970/1970
f 1971/1971/1971 1973/1973/1973 1974/1974/1974
f 1971/1971/1971 1974/1974/1974 1972/1972/1972
f 1973/1973/1973 1975/1975/1975 1976/1976/1976
f 1973/1973/1973 1976/1976/1976 1974/1974/1974
f 1975/1975/1975 1977/1977/1977 1978/1978/1978
f 1975/1975/1975 1978/1978/1978 1976/1976/1976
f 1977/1977/1977 1979/1979/1979 1980/1980/1980
f 1977/1977/1977 1980/1980/1980 1978/1978/1978
f 1981/1981/1981 1982/1982/1982 1983/1983/1983
f 1981/1981/1981 1983/1983/1983 1984/1984/1984
f 1985/1985/1985 1986/1986/1986 1987/1987/1987
f 1985/1985/1985 1987/1987/1987 1988/1988/1988
f 1986/1986/1986 1989/1989/1989 1990/1990/1990
f 1986/1986/1986 1990/1990/1990 1987/1987/1987
f 1991/1991/1991 1992/1992/1992 1993/1993/1993
f 1991/1991/1991 1993/1993/1993 1994/1994/1994
f 1995/1995/1995 1996/1996/1996 1997/1997/1997
f 1995/1995/1995 1997/1997/1997 1998/1998/1998
f 1996/1996/1996 1999/1999/1999 2000/2000/2000
f 1996/1996/1996 2000/2000/2000 1997/1997/1997
f 1999/1999/1999 2001/2001/2001 2002/2002/2002
f 1999/1999/1999 2002/2002/2002 2000/2000/2000
f 2001/2001/2001 2003/2003/2003 2004/2004/2004
f 2001/2001/2001 2004/2004/2004 2002/2002/2002
f 2003/2003/2003 2005/2005/2005 2006/2006/2006
f 2003/2003/2003 2006/2006/2006 2004/2004/2004
f 2005/2005/2005 2007/2007/2007 2008/2008/2008
f 2005/2005/2005 2008/2008/2008 2006/2006/2006
f 2009/2009/2009 2010/2010/2010 2011/2011/2011
f 2009/2009/2009 2011/2011/2011 2012/2012/2012
f 2013/2013/2013 2014/2014/2014 2015/2015/2015
f 2013/2013/2013 2015/2015/2015 2016/2016/2016
f 2017/2017/2017 2018/2018/2018 2019/2019/2019
f 2017/2017/2017 2019/2019/2019 2020/2020/2020
f 2018/2018/2018 2021/2021/2021 2022/2022/2022
f 2018/2018/2018 2022/2022/2022 2019/2019/2019
f 2021/2021/2021 2023/2023/2023 2024/2024/2024
f 2021/2021/2021 2024/2024/2024 2022/2022/2022
f 2023/2023/2023 2025/2025/2025 2026/2026/2026
f 2023/2023/2023 2026/2026/2026 2024/2024/2024
f 2025/2025/2025 2027/2027/2027 2028/2028/2028
f 2025/2025/2025 2028/2028/2028 2026/2026/2026
f 2027/2027/2027 2029/2029/2029 2030/2030/2030
f 2027/2027/2027 2030/2030/2030 2028/2028/2028
f 2031/2031/2031 2032/2032/2032 2033/2033/2033
f 2031/2031/2031 2033/2033/2033 2034/2034/2034
f 2035/2035/2035 2036/2036/2036 2037/2037/2037
f 2035/2035/2035 2037/2037/2037 2038/2038/2038
f 2036/2036/2036 2039/2039/2039 2040/2040/2040
f 2036/2036/2036 2040/2040/2040 2037/2037/2037
f 2039/2039/2039 2041/2041/2041 2042/2042/2042
f 2039/2039/2039 2042/2042/2042 2040/2040/2040
f 2043/2043/2043 2044/2044/2044 2045/2045/2045
f 2043/2043/2043 2045/2045/2045 2046/2046/2046
f 2044/2044/2044 2047/2047/2047 2048/2048/2048
f 2044/2044/2044 2048/2048/2048 2045/2045/2045
f 2047/2047/2047 2049/2049/2049 2050/2050/2050
f 2047/2047/2047 2050/2050/2050 2048/2048/2048
f 2049/2049/2049 2051/2051/2051 2052/2052/2052
f 2049/2049/2049 2052/2052/2052 2050/2050/2050
f 2051/2051/2051 2053/2053/2053 2054/2054/2054
f 2051/2051/2051 2054/2054/2054 2052/2052/2052
f 2053/2053/2053 2055/2055/2055 2056/2056/2056
f 2053/2053/2053 2056/2056/2056 2054/2054/2054
f 2055/2055/2055 2057/2057/2057 2058/2058/2058
f 2055/2055/2055 2058/2058/2058 2056/2056/2056
f 2057/2057/2057 2059/2059/2059 2060/2060/2060
f 2057/2057/2057 2060/2060/2060 2058/2058/2058
f 2059/2059/2059 2061/2061/2061 2062/2062/2062
f 2059/2059/2059 2062/2062/2062 2060/2060/2060
f 2061/2061/2061 2063/2063/2063 2064/2064/2064
f 2061/2061/2061 2064/2064/2064 2062/2062/2062
f 2063/2063/2063 2065/2065/2065 2066/2066/2066
f 2063/2063/2063 2066/2066/2066 2064/2064/2064
f 2065/2065/2065 2067/2067/2067 2068/2068/2068
f 2065/2065/2065 2068/2068/2068 2066/2066/2066
f 2067/2067/2067 2069/2069/2069 2070/2070/2070
f 2067/2067/2067 2070/2070/2070 2068/2068/2068
f 2069/2069/2069 2071/2071/2071 2072/2072/2072
f 2069/2069/2069 2072/2072/2072 2070/2070/2070
f 2071/2071/2071 2073/2073/2073 2074/2074/2074
f 2071/2071/2071 2074/2074/2074 2072/2072/2072
f 2073/2073/2073 2075/2075/2075 2076/2076/2076
f 2073/2073/2073 2076/2076/2076 2074/2074/2074
f 2075/2075/2075 2077/2077/2077 2078/2078/2078
f 2075/2075/2075 2078/2078/2078 2076/2076/2076
f 2077/2077/2077 2079/2079/2079 2080/2080/2080
f 2077/2077/2077 2080/2080/2080 2078/2078/2078
f 2079/2079/2079 2081/2081/2081 2082/2082/2082
f 2079/2079/2079 2082/2082/2082 2080/2080/2080
f 2081/2081/2081 2083/2083/2083 2084/2084/2084
f 2081/2081/2081 2084/2084/2084 2082/2082/2082
f 2083/2083/2083 2085/2085/2085 2086/2086/2086
f 2083/2083/2083 2086/2086/2086 2084/2084/2084
f 2085/2085/2085 2087/2087/2087 2088/2088/2088
f 2085/2085/2085 2088/2088/2088 2086/2086/2086
f 2087/2087/2087 2089/2089/2089 2090/2090/2090
f 2087/2087/2087 2090/2090/2090 2088/2088/2088
f 2089/2089/2089 2091/2091/2091 2092/2092/2092
f 2089/2089/2089 2092/2092/2092 2090/2090/2090
f 2091/2091/2091 2093/2093/2093 2094/2094/2094
f 2091/2091/2091 2094/2094/2094 2092/2092/2092
f 2093/2093/2093 2095/2095/2095 2096/2096/2096
f 2093/2093/2093 2096/2096/2096 2094/2094/2094
f 2095/2095/2095 2097/2097/2097 2098/2098/2098
f 2095/2095/2095 2098/2098/2098 2096/2096/2096
f 2097/2097/2097 2099/2099/2099 2100/2100/2100
f 2097/2097/2097 2100/2100/2100 2098/2098/2098
f 2099/2099/2099 2101/2101/2101 2102/2102/2102
f 2099/2099/2099 2102/2102/2102 2100/2100/2100
f 2101/2101/2101 2103/2103/2103 2104/2104/2104
f 2101/2101/2101 2104/2104/2104 2102/2102/2102
f 2103/2103/2103 2105/2105/2105 2106/2106/2106
f 2103/2103/2103 2106/2106/2106 2104/2104/2104
f 2105/2105/2105 2107/2107/2107 2108/2108/2108
f 2105/2105/2105 2108/2108/2108 2106/2106/2106
f 2107/2107/2107 2109/2109/2109 2110/2110/2110
f 2107/2107/2107 2110/2110/2110 2108/2108/2108
f 2109/2109/2109 2111/2111/2111 2112/2112/2112
f 2109/2109/2109 2112/2112/2112 2110/2110/2110
f 2111/2111/2111 2113/2113/2113 2114/2114/2114
f 2111/2111/2111 2114/2114/2114 2112/2112/2112
f 2113/2113/2113 2043/2043/2043 2046/2046/2046
f 2113/2113/2113 2046/2046/2046 2114/2114/2114
f 2115/2115/2115 2116/2116/2116 2117/2117/2117
f 2115/2115/2115 2117/2117/2117 2118/2118/2118
f 2119/2119/2119 2120/2120/2120 2116/2116/2116
f 2119/2119/2119 2116/2116/2116 2115/2115/2115
f 2121/2121/2121 2122/2122/2122 2120/2120/2120
f 2121/2121/2121 2120/2120/2120 2119/2119/2119
f 2123/2123/2123 2124/2124/2124 2122/2122/2122
f 2123/2123/2123 2122/2122/2122 2121/2121/2121
f 2125/2125/2125 2126/2126/2126 2124/2124/2124
f 2125/2125/2125 2124/2124/2124 2123/2123/2123
f 2125/2125/2125 2127/2127/2127 2128/2128/2128
f 2125/2125/2125 2128/2128/2128 2126/2126/2126
f 2127/2127/2127 2129/2129/2129 2130/2130/2130
f 2127/2127/2127 2130/2130/2130 2128/2128/2128
f 2129/2129/2129 2131/2131/2131 2132/2132/2132
f 2129/2129/2129 2132/2132/2132 2130/2130/2130
f 2131/2131/2131 2133/2133/2133 2134/2134/2134
f 2131/2131/2131 2134/2134/2134 2132/2132/2132
f 2135/2135/2135 2136/2136/2136 2134/2134/2134
f 2135/2135/2135 2134/2134/2134 2133/2133/2133
f 2137/2137/2137 2138/2138/2138 2136/2136/2136
f 2137/2137/2137 2136/2136/2136 2135/2135/2135
f 2139/2139/2139 2140/2140/2140 2138/2138/2138
f 2139/2139/2139 2138/2138/2138 2137/2137/2137
f 2141/2141/2141 2142/2142/2142 2140/2140/2140
f 2141/2141/2141 2140/2140/2140 2139/2139/2139
f 2143/2143/2143 2144/2144/2144 2142/2142/2142
f 2143/2143/2143 2142/2142/2142 2141/2141/2141
f 2143/2143/2143 2145/2145/2145 2146/2146/2146
f 2143/2143/2143 2146/2146/2146 2144/2144/2144
f 2145/2145/2145 2147/2147/2147 2148/2148/2148
f 2145/2145/2145 2148/2148/2148 2146/2146/2146
f 2147/2147/2147 2149/2149/2149 2150/2150/2150
f 2147/2147/2147 2150/2150/2150 2148/2148/2148
f 2149/2149/2149 2151/2151/2151 2152/2152/2152
f 2149/2149/2149 2152/2152/2152 2150/2150/2150
f 2153/2153/2153 2154/2154/2154 2152/2152/2152
f 2153/2153/2153 2152/2152/2152 2151/2151/2151
f 2155/2155/2155 2156/2156/2156 2154/2154/2154
f 2155/2155/2155 2154/2154/2154 2153/2153/2153
f 2157/2157/2157 2158/2158/2158 2156/2156/2156
f 2157/2157/2157 2156/2156/2156 2155/2155/2155
f 2159/2159/2159 2160/2160/2160 2158/2158/2158
f 2159/2159/2159 2158/2158/2158 2157/2157/2157
f 2161/2161/2161 2162/2162/2162 2160/2160/2160
f 2161/2161/2161 2160/2160/2160 2159/2159/2159
f 2161/2161/2161 2163/2163/2163 2164/2164/2164
f 2161/2161/2161 2164/2164/2164 2162/2162/2162
f 2163/2163/2163 2165/2165/2165 2166/2166/2166
f 2163/2163/2163 2166/2166/2166 2164/2164/2164
f 2165/2165/2165 2167/2167/2167 2168/2168/2168
f 2165/2165/2165 2168/2168/2168 2166/2166/2166
f 2167/2167/2167 2169/2169/2169 2170/2170/2170
f 2167/2167/2167 2170/2170/2170 2168/2168/2168
f 2171/2171/2171 2172/2172/2172 2170/2170/2170
f 2171/2171/2171 2170/2170/2170 2169/2169/2169
f 2173/2173/2173 2174/2174/2174 2172/2172/2172
f 2173/2173/2173 2172/2172/2172 2171/2171/2171
f 2175/2175/2175 2176/2176/2176 2174/2174/2174
f 2175/2175/2175 2174/2174/2174 2173/2173/2173
f 2177/2177/2177 2178/2178/2178 2176/2176/2176
f 2177/2177/2177 2176/2176/2176 2175/2175/2175
f 2179/2179/2179 2180/2180/2180 2178/2178/2178
f 2179/2179/2179 2178/2178/2178 2177/2177/2177
f 2179/2179/2179 2181/2181/2181 2182/2182/2182
f 2179/2179/2179 2182/2182/2182 2180/2180/2180
f 2181/2181/2181 2183/2183/2183 2184/2184/2184
f 2181/2181/2181 2184/2184/2184 2182/2182/2182
f 2183/2183/2183 2185/2185/2185 2186/2186/2186
f 2183/2183/2183 2186/2186/2186 2184/2184/2184
f 2185/2185/2185 2118/2118/2118 2117/2117/2117
f 2185/2185/2185 2117/2117/2117 2186/2186/2186
f 2187/2187/2187 1271/1271/1271 2188/2188/2188
f 2187/2187/2187 2188/2188/2188 2189/2189/2189
f 1271/1271/1271 1387/1387/1387 2190/2190/2190
f 1271/1271/1271 2190/2190/2190 2188/2188/2188
f 1387/1387/1387 2191/2191/2191 2192/2192/2192
f 1387/1387/1387 2192/2192/2192 2190/2190/2190
f 2191/2191/2191 2187/2187/2187 2189/2189/2189
f 2191/2191/2191 2189/2189/2189 2192/2192/2192
f 2193/2193/2193 2194/2194/2194 2195/2195/2195
f 2193/2193/2193 2195/2195/2195 2196/2196/2196
f 1244/1244/1244 2197/2197/2197 2198/2198/2198
f 1244/1244/1244 2198/2198/2198 2199/2199/2199
f 2200/2200/2200 2201/2201/2201 2202/2202/2202
f 2200/2200/2200 2202/2202/2202 2203/2203/2203
f 1388/1388/1388 1272/1272/1272 2204/2204/2204
f 1388/1388/1388 2204/2204/2204 2205/2205/2205
f 2206/2206/2206 2207/2207/2207 2208/2208/2208
f 2206/2206/2206 2208/2208/2208 2209/2209/2209
f 2210/2210/2210 2211/2211/2211 2212/2212/2212
f 2210/2210/2210 2212/2212/2212 2213/2213/2213
f 2214/2214/2214 2215/2215/2215 2216/2216/2216
f 2214/2214/2214 2216/2216/2216 2217/2217/2217
f 2218/2218/2218 2219/2219/2219 2220/2220/2220
f 2218/2218/2218 2220/2220/2220 2221/2221/2221
f 2222/2222/2222 2223/2223/2223 2224/2224/2224
f 2222/2222/2222 2224/2224/2224 2225/2225/2225
f 2226/2226/2226 2227/2227/2227 2228/2228/2228
f 2226/2226/2226 2228/2228/2228 2229/2229/2229
f 2230/2230/2230 2231/2231/2231 2232/2232/2232
f 2230/2230/2230 2232/2232/2232 2233/2233/2233
f 2234/2234/2234 2235/2235/2235 2236/2236/2236
f 2234/2234/2234 2236/2236/2236 2237/2237/2237
f 29/29/29 2238/2238/2238 2239/2239/2239
f 29/29/29 2239/2239/2239 30/30/30
f 30/30/30 2239/2239/2239 2240/2240/2240
f 30/30/30 2240/2240/2240 31/31/31
f 31/31/31 2240/2240/2240 2241/2241/2241
f 31/31/31 2241/2241/2241 32/32/32
f 32/32/32 2241/2241/2241 2242/2242/2242
f 32/32/32 2242/2242/2242 33/33/33
f 33/33/33 2242/2242/2242 2243/2243/2243
f 33/33/33 2243/2243/2243 34/34/34
f 34/34/34 2244/2244/2244 2245/2245/2245
f 34/34/34 2245/2245/2245 35/35/35
f 35/35/35 2245/2245/2245 2246/2246/2246
f 35/35/35 2246/2246/2246 36/36/36
f 36/36/36 2246/2246/2246 2247/2247/2247
f 36/36/36 2247/2247/2247 37/37/37
f 37/37/37 2247/2247/2247 2248/2248/2248
f 37/37/37 2248/2248/2248 38/38/38
f 38/38/38 2248/2248/2248 2249/2249/2249
f 38/38/38 2249/2249/2249 39/39/39
f 39/39/39 2249/2249/2249 2250/2250/2250
f 39/39/39 2250/2250/2250 40/40/40
f 40/40/40 2250/2250/2250 2251/2251/2251
f 40/40/40 2251/2251/2251 41/41/41
f 41/41/41 2251/2251/2251 2252/2252/2252
f 41/41/41 2252/2252/2252 42/42/42
f 42/42/42 2253/2253/2253 2254/2254/2254
f 42/42/42 2254/2254/2254 43/43/43
f 43/43/43 2254/2254/2254 2255/2255/2255
f 43/43/43 2255/2255/2255 44/44/44
f 44/44/44 2255/2255/2255 2256/2256/2256
f 44/44/44 2256/2256/2256 45/45/45
f 45/45/45 2256/2256/2256 2257/2257/2257
f 45/45/45 2257/2257/2257 46/46/46
f 46/46/46 2257/2257/2257 2238/2238/2238
f 46/46/46 2238/2238/2238 29/29/29
f 2238/2238/2238 2258/2258/2258 2259/2259/2259
f 2238/2238/2238 2259/2259/2259 2239/2239/2239
f 2239/2239/2239 2259/2259/2259 2260/2260/2260
f 2239/2239/2239 2260/2260/2260 2240/2240/2240
f 2240/2240/2240 2260/2260/2260 2261/2261/2261
f 2240/2240/2240 2261/2261/2261 2241/2241/2241
f 2241/2241/2241 2261/2261/2261 2262/2262/2262
f 2241/2241/2241 2262/2262/2262 2242/2242/2242
f 2242/2242/2242 2262/2262/2262 2263/2263/2263
f 2242/2242/2242 2263/2263/2263 2243/2243/2243
f 2244/2244/2244 2264/2264/2264 2265/2265/2265
f 2244/2244/2244 2265/2265/2265 2245/2245/2245
f 2245/2245/2245 2265/2265/2265 2266/2266/2266
f 2245/2245/2245 2266/2266/2266 2246/2246/2246
f 2246/2246/2246 2266/2266/2266 2267/2267/2267
f 2246/2246/2246 2267/2267/2267 2247/2247/2247
f 2247/2247/2247 2267/2267/2267 2268/2268/2268
f 2247/2247/2247 2268/2268/2268 2248/2248/2248
f 2248/2248/2248 2268/2268/2268 2269/2269/2269
f 2248/2248/2248 2269/2269/2269 2249/2249/2249
f 2249/2249/2249 2269/2269/2269 2270/2270/2270
f 2249/2249/2249 2270/2270/2270 2250/2250/2250
f 2250/2250/2250 2270/2270/2270 2271/2271/2271
f 2250/2250/2250 2271/2271/2271 2251/2251/2251
f 2251/2251/2251 2271/2271/2271 2272/2272/2272
f 2251/2251/2251 2272/2272/2272 2252/2252/2252
f 2253/2253/2253 2273/2273/2273 2274/2274/2274
f 2253/2253/2253 2274/2274/2274 2254/2254/2254
f 2254/2254/2254 2274/2274/2274 2275/2275/2275
f 2254/2254/2254 2275/2275/2275 2255/2255/2255
f 2255/2255/2255 2275/2275/2275 2276/2276/2276
f 2255/2255/2255 2276/2276/2276 2256/2256/2256
f 2256/2256/2256 2276/2276/2276 2277/2277/2277
f 2256/2256/2256 2277/2277/2277 2257/2257/2257
f 2257/2257/2257 2277/2277/2277 2258/2258/2258
f 2257/2257/2257 2258/2258/2258 2238/2238/2238
f 2258/2258/2258 2278/2278/2278 2279/2279/2279
f 2258/2258/2258 2279/2279/2279 2259/2259/2259
f 2259/2259/2259 2279/2279/2279 2280/2280/2280
f 2259/2259/2259 2280/2280/2280 2260/2260/2260
f 2260/2260/2260 2280/2280/2280 2281/2281/2281
f 2260/2260/2260 2281/2281/2281 2261/2261/2261
f 2261/2261/2261 2281/2281/2281 2282/2282/2282
f 2261/2261/2261 2282/2282/2282 2262/2262/2262
f 2262/2262/2262 2282/2282/2282 2283/2283/2283
f 2262/2262/2262 2283/2283/2283 2263/2263/2263
f 2264/2264/2264 2284/2284/2284 2285/2285/2285
f 2264/2264/2264 2285/2285/2285 2265/2265/2265
f 2265/2265/2265 2285/2285/2285 2286/2286/2286
f 2265/2265/2265 2286/2286/2286 2266/2266/2266
f 2266/2266/2266 2286/2286/2286 2287/2287/2287
f 2266/2266/2266 2287/2287/2287 2267/2267/2267
f 2267/2267/2267 2287/2287/2287 2288/2288/2288
f 2267/2267/2267 2288/2288/2288 2268/2268/2268
f 2268/2268/2268 2288/2288/2288 2289/2289/2289
f 2268/2268/2268 2289/2289/2289 2269/2269/2269
f 2269/2269/2269 2289/2289/2289 2290/2290/2290
f 2269/2269/2269 2290/2290/2290 2270/2270/2270
f 2270/2270/2270 2290/2290/2290 2291/2291/2291
f 2270/2270/2270 2291/2291/2291 2271/2271/2271
f 2271/2271/2271 2291/2291/2291 2292/2292/2292
f 2271/2271/2271 2292/2292/2292 2272/2272/2272
f 2273/2273/2273 2293/2293/2293 2294/2294/2294
f 2273/2273/2273 2294/2294/2294 2274/2274/2274
f 2274/2274/2274 2294/2294/2294 2295/2295/2295
f 2274/2274/2274 2295/2295/2295 2275/2275/2275
f 2275/2275/2275 2295/2295/2295 2296/2296/2296
f 2275/2275/2275 2296/2296/2296 2276/2276/2276
f 2276/2276/2276 2296/2296/2296 2297/2297/2297
f 2276/2276/2276 2297/2297/2297 2277/2277/2277
f 2277/2277/2277 2297/2297/2297 2278/2278/2278
f 2277/2277/2277 2278/2278/2278 2258/2258/2258
f 2278/2278/2278 2298/2298/2298 2299/2299/2299
f 2278/2278/2278 2299/2299/2299 2279/2279/2279
f 2279/2279/2279 2299/2299/2299 2300/2300/2300
f 2279/2279/2279 2300/2300/2300 2280/2280/2280
f 2280/2280/2280 2300/2300/2300 2301/2301/2301
f 2280/2280/2280 2301/2301/2301 2281/2281/2281
f 2281/2281/2281 2301/2301/2301 2302/2302/2302
f 2281/2281/2281 2302/2302/2302 2282/2282/2282
f 2282/2282/2282 2302/2302/2302 2303/2303/2303
f 2282/2282/2282 2303/2303/2303 2283/2283/2283
f 2284/2284/2284 2304/2304/2304 2305/2305/2305
f 2284/2284/2284 2305/2305/2305 2285/2285/2285
f 2285/2285/2285 2305/2305/2305 2306/2306/2306
f 2285/2285/2285 2306/2306/2306 2286/2286/2286
f 2286/2286/2286 2306/2306/2306 2307/2307/2307
f 2286/2286/2286 2307/2307/2307 2287/2287/2287
f 2287/2287/2287 2307/2307/2307 2308/2308/2308
f 2287/2287/2287 2308/2308/2308 2288/2288/2288
f 2288/2288/2288 2308/2308/2308 2309/2309/2309
f 2288/2288/2288 2309/2309/2309 2289/2289/2289
f 2289/2289/2289 2309/2309/2309 2310/2310/2310
f 2289/2289/2289 2310/2310/2310 2290/2290/2290
f 2290/2290/2290 2310/2310/2310 2311/2311/2311
f 2290/2290/2290 2311/2311/2311 2291/2291/2291
f 2291/2291/2291 2311/2311/2311 2312/2312/2312
f 2291/2291/2291 2312/2312/2312 2292/2292/2292
f 2293/2293/2293 2313/2313/2313 2314/2314/2314
f 2293/2293/2293 2314/2314/2314 2294/2294/2294
f 2294/2294/2294 2314/2314/2314 2315/2315/2315
f 2294/2294/2294 2315/2315/2315 2295/2295/2295
f 2295/2295/2295 2315/2315/2315 2316/2316/2316
f 2295/2295/2295 2316/2316/2316 2296/2296/2296
f 2296/2296/2296 2316/2316/2316 2317/2317/2317
f 2296/2296/2296 2317/2317/2317 2297/2297/2297
f 2297/2297/2297 2317/2317/2317 2298/2298/2298
f 2297/2297/2297 2298/2298/2298 2278/2278/2278
f 2298/2298/2298 2318/2318/2318 2319/2319/2319
f 2298/2298/2298 2319/2319/2319 2299/2299/2299
f 2299/2299/2299 2319/2319/2319 2320/2320/2320
f 2299/2299/2299 2320/2320/2320 2300/2300/2300
f 2300/2300/2300 2320/2320/2320 2321/2321/2321
f 2300/2300/2300 2321/2321/2321 2301/2301/2301
f 2301/2301/2301 2321/2321/2321 2322/2322/2322
f 2301/2301/2301 2322/2322/2322 2302/2302/2302
f 2302/2302/2302 2322/2322/2322 2323/2323/2323
f 2302/2302/2302 2323/2323/2323 2303/2303/2303
f 2304/2304/2304 2324/2324/2324 2325/2325/2325
f 2304/2304/2304 2325/2325/2325 2305/2305/2305
f 2305/2305/2305 2325/2325/2325 2326/2326/2326
f 2305/2305/2305 2326/2326/2326 2306/2306/2306
f 2306/2306/2306 2326/2326/2326 2327/2327/2327
f 2306/2306/2306 2327/2327/2327 2307/2307/2307
f 2307/2307/2307 2327/2327/2327 2328/2328/2328
f 2307/2307/2307 2328/2328/2328 2308/2308/2308
f 2308/2308/2308 2328/2328/2328 2329/2329/2329
f 2308/2308/2308 2329/2329/2329 2309/2309/2309
f 2309/2309/2309 2329/2329/2329 2330/2330/2330
f 2309/2309/2309 2330/2330/2330 2310/2310/2310
f 2310/2310/2310 2330/2330/2330 2331/2331/2331
f 2310/2310/2310 2331/2331/2331 2311/2311/2311
f 2311/2311/2311 2331/2331/2331 2332/2332/2332
f 2311/2311/2311 2332/2332/2332 2312/2312/2312
f 2313/2313/2313 2333/2333/2333 2334/2334/2334
f 2313/2313/2313 2334/2334/2334 2314/2314/2314
f 2314/2314/2314 2334/2334/2334 2335/2335/2335
f 2314/2314/2314 2335/2335/2335 2315/2315/2315
f 2315/2315/2315 2335/2335/2335 2336/2336/2336
f 2315/2315/2315 2336/2336/2336 2316/2316/2316
f 2316/2316/2316 2336/2336/2336 2337/2337/2337
f 2316/2316/2316 2337/2337/2337 2317/2317/2317
f 2317/2317/2317 2337/2337/2337 2318/2318/2318
f 2317/2317/2317 2318/2318/2318 2298/2298/2298
f 2318/2318/2318 2338/2338/2338 2339/2339/2339
f 2318/2318/2318 2339/2339/2339 2319/2319/2319
f 2319/2319/2319 2339/2339/2339 2340/2340/2340
f 2319/2319/2319 2340/2340/2340 2320/2320/2320
f 2320/2320/2320 2340/2340/2340 2341/2341/2341
f 2320/2320/2320 2341/2341/2341 2321/2321/2321
f 2321/2321/2321 2341/2341/2341 2342/2342/2342
f 2321/2321/2321 2342/2342/2342 2322/2322/2322
f 2322/2322/2322 2342/2342/2342 2343/2343/2343
f 2322/2322/2322 2343/2343/2343 2323/2323/2323
f 2324/2324/2324 2344/2344/2344 2345/2345/2345
f 2324/2324/2324 2345/2345/2345 2325/2325/2325
f 2325/2325/2325 2345/2345/2345 2346/2346/2346
f 2325/2325/2325 2346/2346/2346 2326/2326/2326
f 2326/2326/2326 2346/2346/2346 2347/2347/2347
f 2326/2326/2326 2347/2347/2347 2327/2327/2327
f 2327/2327/2327 2347/2347/2347 2348/2348/2348
f 2327/2327/2327 2348/2348/2348 2328/2328/2328
f 2328/2328/2328 2348/2348/2348 2349/2349/2349
f 2328/2328/2328 2349/2349/2349 2329/2329/2329
f 2329/2329/2329 2349/2349/2349 2350/2350/2350
f 2329/2329/2329 2350/2350/2350 2330/2330/2330
f 2330/2330/2330 2350/2350/2350 2351/2351/2351
f 2330/2330/2330 2351/2351/2351 2331/2331/2331
f 2331/2331/2331 2351/2351/2351 2352/2352/2352
f 2331/2331/2331 2352/2352/2352 2332/2332/2332
f 2333/2333/2333 2353/2353/2353 2354/2354/2354
f 2333/2333/2333 2354/2354/2354 2334/2334/2334
f 2334/2334/2334 2354/2354/2354 2355/2355/2355
f 2334/2334/2334 2355/2355/2355 2335/2335/2335
f 2335/2335/2335 2355/2355/2355 2356/2356/2356
f 2335/2335/2335 2356/2356/2356 2336/2336/2336
f 2336/2336/2336 2356/2356/2356 2357/2357/2357
f 2336/2336/2336 2357/2357/2357 2337/2337/2337
f 2337/2337/2337 2357/2357/2357 2338/2338/2338
f 2337/2337/2337 2338/2338/2338 2318/2318/2318
f 2338/2338/2338 2358/2358/2358 2359/2359/2359
f 2338/2338/2338 2359/2359/2359 2339/2339/2339
f 2339/2339/2339 2359/2359/2359 2360/2360/2360
f 2339/2339/2339 2360/2360/2360 2340/2340/2340
f 2340/2340/2340 2360/2360/2360 2361/2361/2361
f 2340/2340/2340 2361/2361/2361 2341/2341/2341
f 2341/2341/2341 2361/2361/2361 2362/2362/2362
f 2341/2341/2341 2362/2362/2362 2342/2342/2342
f 2342/2342/2342 2362/2362/2362 2363/2363/2363
f 2342/2342/2342 2363/2363/2363 2343/2343/2343
f 2344/2344/2344 2364/2364/2364 2365/2365/2365
f 2344/2344/2344 2365/2365/2365 2345/2345/2345
f 2345/2345/2345 2365/2365/2365 2366/2366/2366
f 2345/2345/2345 2366/2366/2366 2346/2346/2346
f 2346/2346/2346 2366/2366/2366 2367/2367/2367
f 2346/2346/2346 2367/2367/2367 2347/2347/2347
f 2347/2347/2347 2367/2367/2367 2368/2368/2368
f 2347/2347/2347 2368/2368/2368 2348/2348/2348
f 2348/2348/2348 2368/2368/2368 2369/2369/2369
f 2348/2348/2348 2369/2369/2369 2349/2349/2349
f 2349/2349/2349 2369/2369/2369 2370/2370/2370
f 2349/2349/2349 2370/2370/2370 2350/2350/2350
f 2350/2350/2350 2370/2370/2370 2371/2371/2371
f 2350/2350/2350 2371/2371/2371 2351/2351/2351
f 2351/2351/2351 2371/2371/2371 2372/2372/2372
f 2351/2351/2351 2372/2372/2372 2352/2352/2352
f 2353/2353/2353 2373/2373/2373 2374/2374/2374
f 2353/2353/2353 2374/2374/2374 2354/2354/2354
f 2354/2354/2354 2374/2374/2374 2375/2375/2375
f 2354/2354/2354 2375/2375/2375 2355/2355/2355
f 2355/2355/2355 2375/2375/2375 2376/2376/2376
f 2355/2355/2355 2376/2376/2376 2356/2356/2356
f 2356/2356/2356 2376/2376/2376 2377/2377/2377
f 2356/2356/2356 2377/2377/2377 2357/2357/2357
f 2357/2357/2357 2377/2377/2377 2358/2358/2358
f 2357/2357/2357 2358/2358/2358 2338/2338/2338
f 2378/2378/2378 2379/2379/2379 2380/2380/2380
f 2378/2378/2378 2380/2380/2380 2381/2381/2381
f 2379/2379/2379 2382/2382/2382 2383/2383/2383
f 2379/2379/2379 2383/2383/2383 2380/2380/2380
f 2382/2382/2382 2384/2384/2384 2385/2385/2385
f 2382/2382/2382 2385/2385/2385 2383/2383/2383
f 2384/2384/2384 2386/2386/2386 2387/2387/2387
f 2384/2384/2384 2387/2387/2387 2385/2385/2385
f 2386/2386/2386 2388/2388/2388 2389/2389/2389
f 2386/2386/2386 2389/2389/2389 2387/2387/2387
f 2388/2388/2388 2390/2390/2390 2391/2391/2391
f 2388/2388/2388 2391/2391/2391 2389/2389/2389
f 2390/2390/2390 2392/2392/2392 2393/2393/2393
f 2390/2390/2390 2393/2393/2393 2391/2391/2391
f 2392/2392/2392 2394/2394/2394 2395/2395/2395
f 2392/2392/2392 2395/2395/2395 2393/2393/2393
f 2394/2394/2394 2396/2396/2396 2397/2397/2397
f 2394/2394/2394 2397/2397/2397 2395/2395/2395
f 2396/2396/2396 2398/2398/2398 2399/2399/2399
f 2396/2396/2396 2399/2399/2399 2397/2397/2397
f 2398/2398/2398 2400/2400/2400 2401/2401/2401
f 2398/2398/2398 2401/2401/2401 2399/2399/2399
f 2400/2400/2400 2402/2402/2402 2403/2403/2403
f 2400/2400/2400 2403/2403/2403 2401/2401/2401
f 2402/2402/2402 2404/2404/2404 2405/2405/2405
f 2402/2402/2402 2405/2405/2405 2403/2403/2403
f 2404/2404/2404 2406/2406/2406 2407/2407/2407
f 2404/2404/2404 2407/2407/2407 2405/2405/2405
f 2408/2408/2408 2409/2409/2409 2410/2410/2410
f 2408/2408/2408 2410/2410/2410 2411/2411/2411
f 2409/2409/2409 2412/2412/2412 2413/2413/2413
f 2409/2409/2409 2413/2413/2413 2410/2410/2410
f 2412/2412/2412 2414/2414/2414 2415/2415/2415
f 2412/2412/2412 2415/2415/2415 2413/2413/2413
f 2414/2414/2414 2378/2378/2378 2381/2381/2381
f 2414/2414/2414 2381/2381/2381 2415/2415/2415
f 2416/2416/2416 2417/2417/2417 2418/2418/2418
f 2416/2416/2416 2418/2418/2418 2419/2419/2419
f 2417/2417/2417 2420/2420/2420 2421/2421/2421
f 2417/2417/2417 2421/2421/2421 2418/2418/2418
f 2420/2420/2420 2422/2422/2422 2423/2423/2423
f 2420/2420/2420 2423/2423/2423 2421/2421/2421
f 2422/2422/2422 2424/2424/2424 2425/2425/2425
f 2422/2422/2422 2425/2425/2425 2423/2423/2423
f 2424/2424/2424 2426/2426/2426 2427/2427/2427
f 2424/2424/2424 2427/2427/2427 2425/2425/2425
f 2426/2426/2426 2428/2428/2428 2429/2429/2429
f 2426/2426/2426 2429/2429/2429 2427/2427/2427
f 2428/2428/2428 2430/2430/2430 2431/2431/2431
f 2428/2428/2428 2431/2431/2431 2429/2429/2429
f 2430/2430/2430 2432/2432/2432 2433/2433/2433
f 2430/2430/2430 2433/2433/2433 2431/2431/2431
f 2432/2432/2432 2434/2434/2434 2435/2435/2435
f 2432/2432/2432 2435/2435/2435 2433/2433/2433
f 2434/2434/2434 2436/2436/2436 2437/2437/2437
f 2434/2434/2434 2437/2437/2437 2435/2435/2435
f 2436/2436/2436 2438/2438/2438 2439/2439/2439
f 2436/2436/2436 2439/2439/2439 2437/2437/2437
f 2438/2438/2438 2440/2440/2440 2441/2441/2441
f 2438/2438/2438 2441/2441/2441 2439/2439/2439
f 2440/2440/2440 2442/2442/2442 2443/2443/2443
f 2440/2440/2440 2443/2443/2443 2441/2441/2441
f 2442/2442/2442 2444/2444/2444 2445/2445/2445
f 2442/2442/2442 2445/2445/2445 2443/2443/2443
f 2444/2444/2444 2446/2446/2446 2447/2447/2447
f 2444/2444/2444 2447/2447/2447 2445/2445/2445
f 2446/2446/2446 2448/2448/2448 2449/2449/2449
f 2446/2446/2446 2449/2449/2449 2447/2447/2447
f 2448/2448/2448 2450/2450/2450 2451/2451/2451
f 2448/2448/2448 2451/2451/2451 2449/2449/2449
f 2450/2450/2450 2416/2416/2416 2419/2419/2419
f 2450/2450/2450 2419/2419/2419 2451/2451/2451
f 2452/2452/2452 2453/2453/2453 2454/2454/2454
f 2452/2452/2452 2454/2454/2454 2455/2455/2455
f 2453/2453/2453 2456/2456/2456 2457/2457/2457
f 2453/2453/2453 2457/2457/2457 2454/2454/2454
f 2456/2456/2456 2458/2458/2458 2459/2459/2459
f 2456/2456/2456 2459/2459/2459 2457/2457/2457
f 2458/2458/2458 2460/2460/2460 2461/2461/2461
f 2458/2458/2458 2461/2461/2461 2459/2459/2459
f 2460/2460/2460 2462/2462/2462 2463/2463/2463
f 2460/2460/2460 2463/2463/2463 2461/2461/2461
f 2462/2462/2462 2464/2464/2464 2465/2465/2465
f 2462/2462/2462 2465/2465/2465 2463/2463/2463
f 2464/2464/2464 2466/2466/2466 2467/2467/2467
f 2464/2464/2464 2467/2467/2467 2465/2465/2465
f 2466/2466/2466 2468/2468/2468 2469/2469/2469
f 2466/2466/2466 2469/2469/2469 2467/2467/2467
f 2468/2468/2468 2470/2470/2470 2471/2471/2471
f 2468/2468/2468 2471/2471/2471 2469/2469/2469
f 2470/2470/2470 2472/2472/2472 2473/2473/2473
f 2470/2470/2470 2473/2473/2473 2471/2471/2471
f 2472/2472/2472 2474/2474/2474 2475/2475/2475
f 2472/2472/2472 2475/2475/2475 2473/2473/2473
f 2474/2474/2474 2476/2476/2476 2477/2477/2477
f 2474/2474/2474 2477/2477/2477 2475/2475/2475
f 2476/2476/2476 2478/2478/2478 2479/2479/2479
f 2476/2476/2476 2479/2479/2479 2477/2477/2477
f 2478/2478/2478 2480/2480/2480 2481/2481/2481
f 2478/2478/2478 2481/2481/2481 2479/2479/2479
f 2480/2480/2480 2482/2482/2482 2483/2483/2483
f 2480/2480/2480 2483/2483/2483 2481/2481/2481
f 2482/2482/2482 2484/2484/2484 2485/2485/2485
f 2482/2482/2482 2485/2485/2485 2483/2483/2483
f 2484/2484/2484 2486/2486/2486 2487/2487/2487
f 2484/2484/2484 2487/2487/2487 2485/2485/2485
f 2486/2486/2486 2452/2452/2452 2455/2455/2455
f 2486/2486/2486 2455/2455/2455 2487/2487/2487
f 2488/2488/2488 2489/2489/2489 2490/2490/2490
f 2488/2488/2488 2490/2490/2490 2491/2491/2491
f 2489/2489/2489 2492/2492/2492 2493/2493/2493
f 2489/2489/2489 2493/2493/2493 2490/2490/2490
f 2492/2492/2492 2494/2494/2494 2495/2495/2495
f 2492/2492/2492 2495/2495/2495 2493/2493/2493
f 2494/2494/2494 2496/2496/2496 2497/2497/2497
f 2494/2494/2494 2497/2497/2497 2495/2495/2495
f 2496/2496/2496 2498/2498/2498 2499/2499/2499
f 2496/2496/2496 2499/2499/2499 2497/2497/2497
f 2498/2498/2498 2500/2500/2500 2501/2501/2501
f 2498/2498/2498 2501/2501/2501 2499/2499/2499
f 2500/2500/2500 2502/2502/2502 2503/2503/2503
f 2500/2500/2500 2503/2503/2503 2501/2501/2501
f 2502/2502/2502 2504/2504/2504 2505/2505/2505
f 2502/2502/2502 2505/2505/2505 2503/2503/2503
f 2504/2504/2504 2506/2506/2506 2507/2507/2507
f 2504/2504/2504 2507/2507/2507 2505/2505/2505
f 2506/2506/2506 2508/2508/2508 2509/2509/2509
f 2506/2506/2506 2509/2509/2509 2507/2507/2507
f 2508/2508/2508 2510/2510/2510 2511/2511/2511
f 2508/2508/2508 2511/2511/2511 2509/2509/2509
f 2510/2510/2510 2512/2512/2512 2513/2513/2513
f 2510/2510/2510 2513/2513/2513 2511/2511/2511
f 2512/2512/2512 2514/2514/2514 2515/2515/2515
f 2512/2512/2512 2515/2515/2515 2513/2513/2513
f 2514/2514/2514 2516/2516/2516 2517/2517/2517
f 2514/2514/2514 2517/2517/2517 2515/2515/2515
f 2516/2516/2516 2518/2518/2518 2519/2519/2519
f 2516/2516/2516 2519/2519/2519 2517/2517/2517
f 2518/2518/2518 2520/2520/2520 2521/2521/2521
f 2518/2518/2518 2521/2521/2521 2519/2519/2519
f 2520/2520/2520 2522/2522/2522 2523/2523/2523
f 2520/2520/2520 2523/2523/2523 2521/2521/2521
f 2522/2522/2522 2488/2488/2488 2491/2491/2491
f 2522/2522/2522 2491/2491/2491 2523/2523/2523
f 2452/2452/2452 2524/2524/2524 2525/2525/2525
f 2452/2452/2452 2525/2525/2525 2453/2453/2453
f 2453/2453/2453 2525/2525/2525 2526/2526/2526
f 2453/2453/2453 2526/2526/2526 2456/2456/2456
f 2456/2456/2456 2526/2526/2526 2527/2527/2527
f 2456/2456/2456 2527/2527/2527 2458/2458/2458
f 2458/2458/2458 2527/2527/2527 2528/2528/2528
f 2458/2458/2458 2528/2528/2528 2460/2460/2460
f 2460/2460/2460 2528/2528/2528 2529/2529/2529
f 2460/2460/2460 2529/2529/2529 2462/2462/2462
f 2462/2462/2462 2529/2529/2529 2530/2530/2530
f 2462/2462/2462 2530/2530/2530 2464/2464/2464
f 2464/2464/2464 2530/2530/2530 2531/2531/2531
f 2464/2464/2464 2531/2531/2531 2466/2466/2466
f 2466/2466/2466 2531/2531/2531 2532/2532/2532
f 2466/2466/2466 2532/2532/2532 2468/2468/2468
f 2468/2468/2468 2532/2532/2532 2533/2533/2533
f 2468/2468/2468 2533/2533/2533 2470/2470/2470
f 2470/2470/2470 2533/2533/2533 2534/2534/2534
f 2470/2470/2470 2534/2534/2534 2472/2472/2472
f 2472/2472/2472 2534/2534/2534 2535/2535/2535
f 2472/2472/2472 2535/2535/2535 2474/2474/2474
f 2474/2474/2474 2535/2535/2535 2536/2536/2536
f 2474/2474/2474 2536/2536/2536 2476/2476/2476
f 2476/2476/2476 2536/2536/2536 2537/2537/2537
f 2476/2476/2476 2537/2537/2537 2478/2478/2478
f 2478/2478/2478 2537/2537/2537 2538/2538/2538
f 2478/2478/2478 2538/2538/2538 2480/2480/2480
f 2480/2480/2480 2538/2538/2538 2539/2539/2539
f 2480/2480/2480 2539/2539/2539 2482/2482/2482
f 2482/2482/2482 2539/2539/2539 2540/2540/2540
f 2482/2482/2482 2540/2540/2540 2484/2484/2484
f 2484/2484/2484 2540/2540/2540 2541/2541/2541
f 2484/2484/2484 2541/2541/2541 2486/2486/2486
f 2486/2486/2486 2541/2541/2541 2524/2524/2524
f 2486/2486/2486 2524/2524/2524 2452/2452/2452
f 2524/2524/2524 2542/2542/2542 2543/2543/2543
f 2524/2524/2524 2543/2543/2543 2525/2525/2525
f 2542/2542/2542 2419/2419/2419 2418/2418/2418
f 2542/2542/2542 2418/2418/2418 2543/2543/2543
f 2525/2525/2525 2543/2543/2543 2544/2544/2544
f 2525/2525/2525 2544/2544/2544 2526/2526/2526
f 2543/2543/2543 2418/2418/2418 2421/2421/2421
f 2543/2543/2543 2421/2421/2421 2544/2544/2544
f 2526/2526/2526 2544/2544/2544 2545/2545/2545
f 2526/2526/2526 2545/2545/2545 2527/2527/2527
f 2544/2544/2544 2421/2421/2421 2423/2423/2423
f 2544/2544/2544 2423/2423/2423 2545/2545/2545
f 2527/2527/2527 2545/2545/2545 2546/2546/2546
f 2527/2527/2527 2546/2546/2546 2528/2528/2528
f 2545/2545/2545 2423/2423/2423 2425/2425/2425
f 2545/2545/2545 2425/2425/2425 2546/2546/2546
f 2528/2528/2528 2546/2546/2546 2547/2547/2547
f 2528/2528/2528 2547/2547/2547 2529/2529/2529
f 2546/2546/2546 2425/2425/2425 2427/2427/2427
f 2546/2546/2546 2427/2427/2427 2547/2547/2547
f 2529/2529/2529 2547/2547/2547 2548/2548/2548
f 2529/2529/2529 2548/2548/2548 2530/2530/2530
f 2547/2547/2547 2427/2427/2427 2429/2429/2429
f 2547/2547/2547 2429/2429/2429 2548/2548/2548
f 2530/2530/2530 2548/2548/2548 2549/2549/2549
f 2530/2530/2530 2549/2549/2549 2531/2531/2531
f 2548/2548/2548 2429/2429/2429 2431/2431/2431
f 2548/2548/2548 2431/2431/2431 2549/2549/2549
f 2531/2531/2531 2549/2549/2549 2550/2550/2550
f 2531/2531/2531 2550/2550/2550 2532/2532/2532
f 2549/2549/2549 2431/2431/2431 2433/2433/2433
f 2549/2549/2549 2433/2433/2433 2550/2550/2550
f 2532/2532/2532 2550/2550/2550 2551/2551/2551
f 2532/2532/2532 2551/2551/2551 2533/2533/2533
f 2550/2550/2550 2433/2433/2433 2435/2435/2435
f 2550/2550/2550 2435/2435/2435 2551/2551/2551
f 2533/2533/2533 2551/2551/2551 2552/2552/2552
f 2533/2533/2533 2552/2552/2552 2534/2534/2534
f 2551/2551/2551 2435/2435/2435 2437/2437/2437
f 2551/2551/2551 2437/2437/2437 2552/2552/2552
f 2534/2534/2534 2552/2552/2552 2553/2553/2553
f 2534/2534/2534 2553/2553/2553 2535/2535/2535
f 2552/2552/2552 2437/2437/2437 2439/2439/2439
f 2552/2552/2552 2439/2439/2439 2553/2553/2553
f 2535/2535/2535 2553/2553/2553 2554/2554/2554
f 2535/2535/2535 2554/2554/2554 2536/2536/2536
f 2553/2553/2553 2439/2439/2439 2441/2441/2441
f 2553/2553/2553 2441/2441/2441 2554/2554/2554
f 2536/2536/2536 2554/2554/2554 2555/2555/2555
f 2536/2536/2536 2555/2555/2555 2537/2537/2537
f 2554/2554/2554 2441/2441/2441 2443/2443/2443
f 2554/2554/2554 2443/2443/2443 2555/2555/2555
f 2537/2537/2537 2555/2555/2555 2556/2556/2556
f 2537/2537/2537 2556/2556/2556 2538/2538/2538
f 2555/2555/2555 2443/2443/2443 2445/2445/2445
f 2555/2555/2555 2445/2445/2445 2556/2556/2556
f 2538/2538/2538 2556/2556/2556 2557/2557/2557
f 2538/2538/2538 2557/2557/2557 2539/2539/2539
f 2556/2556/2556 2445/2445/2445 2447/2447/2447
f 2556/2556/2556 2447/2447/2447 2557/2557/2557
f 2539/2539/2539 2557/2557/2557 2558/2558/2558
f 2539/2539/2539 2558/2558/2558 2540/2540/2540
f 2557/2557/2557 2447/2447/2447 2449/2449/2449
f 2557/2557/2557 2449/2449/2449 2558/2558/2558
f 2540/2540/2540 2558/2558/2558 2559/2559/2559
f 2540/2540/2540 2559/2559/2559 2541/2541/2541
f 2558/2558/2558 2449/2449/2449 2451/2451/2451
f 2558/2558/2558 2451/2451/2451 2559/2559/2559
f 2541/2541/2541 2559/2559/2559 2542/2542/2542
f 2541/2541/2541 2542/2542/2542 2524/2524/2524
f 2559/2559/2559 2451/2451/2451 2419/2419/2419
f 2559/2559/2559 2419/2419/2419 2542/2542/2542
f 2560/2560/2560 2561/2561/2561 2562/2562/2562
f 2560/2560/2560 2562/2562/2562 2563/2563/2563
f 2561/2561/2561 2564/2564/2564 2565/2565/2565
f 2561/2561/2561 2565/2565/2565 2562/2562/2562
f 2564/2564/2564 2566/2566/2566 2567/2567/2567
f 2564/2564/2564 2567/2567/2567 2565/2565/2565
f 2566/2566/2566 2568/2568/2568 2569/2569/2569
f 2566/2566/2566 2569/2569/2569 2567/2567/2567
f 2568/2568/2568 2570/2570/2570 2571/2571/2571
f 2568/2568/2568 2571/2571/2571 2569/2569/2569
f 2570/2570/2570 2572/2572/2572 2573/2573/2573
f 2570/2570/2570 2573/2573/2573 2571/2571/2571
f 2572/2572/2572 2574/2574/2574 2575/2575/2575
f 2572/2572/2572 2575/2575/2575 2573/2573/2573
f 2574/2574/2574 2576/2576/2576 2577/2577/2577
f 2574/2574/2574 2577/2577/2577 2575/2575/2575
f 2576/2576/2576 2578/2578/2578 2579/2579/2579
f 2576/2576/2576 2579/2579/2579 2577/2577/2577
f 2578/2578/2578 2580/2580/2580 2581/2581/2581
f 2578/2578/2578 2581/2581/2581 2579/2579/2579
f 2580/2580/2580 2582/2582/2582 2583/2583/2583
f 2580/2580/2580 2583/2583/2583 2581/2581/2581
f 2582/2582/2582 2584/2584/2584 2585/2585/2585
f 2582/2582/2582 2585/2585/2585 2583/2583/2583
f 2584/2584/2584 2586/2586/2586 2587/2587/2587
f 2584/2584/2584 2587/2587/2587 2585/2585/2585
f 2586/2586/2586 2588/2588/2588 2589/2589/2589
f 2586/2586/2586 2589/2589/2589 2587/2587/2587
f 2588/2588/2588 2590/2590/2590 2591/2591/2591
f 2588/2588/2588 2591/2591/2591 2589/2589/2589
f 2590/2590/2590 2592/2592/2592 2593/2593/2593
f 2590/2590/2590 2593/2593/2593 2591/2591/2591
f 2592/2592/2592 2594/2594/2594 2595/2595/2595
f 2592/2592/2592 2595/2595/2595 2593/2593/2593
f 2594/2594/2594 2560/2560/2560 2563/2563/2563
f 2594/2594/2594 2563/2563/2563 2595/2595/2595
f 2563/2563/2563 2562/2562/2562 48/48/48
f 2563/2563/2563 48/48/48 47/47/47
f 2562/2562/2562 2565/2565/2565 50/50/50
f 2562/2562/2562 50/50/50 48/48/48
f 2565/2565/2565 2567/2567/2567 51/51/51
f 2565/2565/2565 51/51/51 50/50/50
f 2567/2567/2567 2569/2569/2569 52/52/52
f 2567/2567/2567 52/52/52 51/51/51
f 2569/2569/2569 2571/2571/2571 53/53/53
f 2569/2569/2569 53/53/53 52/52/52
f 2571/2571/2571 2573/2573/2573 54/54/54
f 2571/2571/2571 54/54/54 53/53/53
f 2573/2573/2573 2575/2575/2575 55/55/55
f 2573/2573/2573 55/55/55 54/54/54
f 2575/2575/2575 2577/2577/2577 56/56/56
f 2575/2575/2575 56/56/56 55/55/55
f 2577/2577/2577 2579/2579/2579 57/57/57
f 2577/2577/2577 57/57/57 56/56/56
f 2579/2579/2579 2581/2581/2581 58/58/58
f 2579/2579/2579 58/58/58 57/57/57
f 2581/2581/2581 2583/2583/2583 59/59/59
f 2581/2581/2581 59/59/59 58/58/58
f 2583/2583/2583 2585/2585/2585 60/60/60
f 2583/2583/2583 60/60/60 59/59/59
f 2585/2585/2585 2587/2587/2587 61/61/61
f 2585/2585/2585 61/61/61 60/60/60
f 2587/2587/2587 2589/2589/2589 62/62/62
f 2587/2587/2587 62/62/62 61/61/61
f 2589/2589/2589 2591/2591/2591 63/63/63
f 2589/2589/2589 63/63/63 62/62/62
f 2591/2591/2591 2593/2593/2593 64/64/64
f 2591/2591/2591 64/64/64 63/63/63
f 2593/2593/2593 2595/2595/2595 65/65/65
f 2593/2593/2593 65/65/65 64/64/64
f 2595/2595/2595 2563/2563/2563 47/47/47
f 2595/2595/2595 47/47/47 65/65/65
f 2560/2560/2560 2596/2596/2596 2597/2597/2597
f 2560/2560/2560 2597/2597/2597 2561/2561/2561
f 2561/2561/2561 2597/2597/2597 2598/2598/2598
f 2561/2561/2561 2598/2598/2598 2564/2564/2564
f 2564/2564/2564 2598/2598/2598 2599/2599/2599
f 2564/2564/2564 2599/2599/2599 2566/2566/2566
f 2566/2566/2566 2599/2599/2599 2600/2600/2600
f 2566/2566/2566 2600/2600/2600 2568/2568/2568
f 2568/2568/2568 2600/2600/2600 2601/2601/2601
f 2568/2568/2568 2601/2601/2601 2570/2570/2570
f 2570/2570/2570 2601/2601/2601 2602/2602/2602
f 2570/2570/2570 2602/2602/2602 2572/2572/2572
f 2572/2572/2572 2602/2602/2602 2603/2603/2603
f 2572/2572/2572 2603/2603/2603 2574/2574/2574
f 2574/2574/2574 2603/2603/2603 2604/2604/2604
f 2574/2574/2574 2604/2604/2604 2576/2576/2576
f 2576/2576/2576 2604/2604/2604 2605/2605/2605
f 2576/2576/2576 2605/2605/2605 2578/2578/2578
f 2578/2578/2578 2605/2605/2605 2606/2606/2606
f 2578/2578/2578 2606/2606/2606 2580/2580/2580
f 2580/2580/2580 2606/2606/2606 2607/2607/2607
f 2580/2580/2580 2607/2607/2607 2582/2582/2582
f 2582/2582/2582 2607/2607/2607 2608/2608/2608
f 2582/2582/2582 2608/2608/2608 2584/2584/2584
f 2584/2584/2584 2608/2608/2608 2609/2609/2609
f 2584/2584/2584 2609/2609/2609 2586/2586/2586
f 2586/2586/2586 2609/2609/2609 2610/2610/2610
f 2586/2586/2586 2610/2610/2610 2588/2588/2588
f 2588/2588/2588 2610/2610/2610 2611/2611/2611
f 2588/2588/2588 2611/2611/2611 2590/2590/2590
f 2590/2590/2590 2611/2611/2611 2612/2612/2612
f 2590/2590/2590 2612/2612/2612 2592/2592/2592
f 2592/2592/2592 2612/2612/2612 2613/2613/2613
f 2592/2592/2592 2613/2613/2613 2594/2594/2594
f 2594/2594/2594 2613/2613/2613 2596/2596/2596
f 2594/2594/2594 2596/2596/2596 2560/2560/2560
f 2596/2596/2596 2614/2614/2614 2615/2615/2615
f 2596/2596/2596 2615/2615/2615 2597/2597/2597
f 2614/2614/2614 2491/2491/2491 2490/2490/2490
f 2614/2614/2614 2490/2490/2490 2615/2615/2615
f 2597/2597/2597 2615/2615/2615 2616/2616/2616
f 2597/2597/2597 2616/2616/2616 2598/2598/2598
f 2615/2615/2615 2490/2490/2490 2493/2493/2493
f 2615/2615/2615 2493/2493/2493 2616/2616/2616
f 2598/2598/2598 2616/2616/2616 2617/2617/2617
f 2598/2598/2598 2617/2617/2617 2599/2599/2599
f 2616/2616/2616 2493/2493/2493 2495/2495/2495
f 2616/2616/2616 2495/2495/2495 2617/2617/2617
f 2599/2599/2599 2617/2617/2617 2618/2618/2618
f 2599/2599/2599 2618/2618/2618 2600/2600/2600
f 2617/2617/2617 2495/2495/2495 2497/2497/2497
f 2617/2617/2617 2497/2497/2497 2618/2618/2618
f 2600/2600/2600 2618/2618/2618 2619/2619/2619
f 2600/2600/2600 2619/2619/2619 2601/2601/2601
f 2618/2618/2618 2497/2497/2497 2499/2499/2499
f 2618/2618/2618 2499/2499/2499 2619/2619/2619
f 2601/2601/2601 2619/2619/2619 2620/2620/2620
f 2601/2601/2601 2620/2620/2620 2602/2602/2602
f 2619/2619/2619 2499/2499/2499 2501/2501/2501
f 2619/2619/2619 2501/2501/2501 2620/2620/2620
f 2602/2602/2602 2620/2620/2620 2621/2621/2621
f 2602/2602/2602 2621/2621/2621 2603/2603/2603
f 2620/2620/2620 2501/2501/2501 2503/2503/2503
f 2620/2620/2620 2503/2503/2503 2621/2621/2621
f 2603/2603/2603 2621/2621/2621 2622/2622/2622
f 2603/2603/2603 2622/2622/2622 2604/2604/2604
f 2621/2621/2621 2503/2503/2503 2505/2505/2505
f 2621/2621/2621 2505/2505/2505 2622/2622/2622
f 2604/2604/2604 2622/2622/2622 2623/2623/2623
f 2604/2604/2604 2623/2623/2623 2605/2605/2605
f 2622/2622/2622 2505/2505/2505 2507/2507/2507
f 2622/2622/2622 2507/2507/2507 2623/2623/2623
f 2605/2605/2605 2623/2623/2623 2624/2624/2624
f 2605/2605/2605 2624/2624/2624 2606/2606/2606
f 2623/2623/2623 2507/2507/2507 2509/2509/2509
f 2623/2623/2623 2509/2509/2509 2624/2624/2624
f 2606/2606/2606 2624/2624/2624 2625/2625/2625
f 2606/2606/2606 2625/2625/2625 2607/2607/2607
f 2624/2624/2624 2509/2509/2509 2511/2511/2511
f 2624/2624/2624 2511/2511/2511 2625/2625/2625
f 2607/2607/2607 2625/2625/2625 2626/2626/2626
f 2607/2607/2607 2626/2626/2626 2608/2608/2608
f 2625/2625/2625 2511/2511/2511 2513/2513/2513
f 2625/2625/2625 2513/2513/2513 2626/2626/2626
f 2608/2608/2608 2626/2626/2626 2627/2627/2627
f 2608/2608/2608 2627/2627/2627 2609/2609/2609
f 2626/2626/2626 2513/2513/2513 2515/2515/2515
f 2626/2626/2626 2515/2515/2515 2627/2627/2627
f 2609/2609/2609 2627/2627/2627 2628/2628/2628
f 2609/2609/2609 2628/2628/2628 2610/2610/2610
f 2627/2627/2627 2515/2515/2515 2517/2517/2517
f 2627/2627/2627 2517/2517/2517 2628/2628/2628
f 2610/2610/2610 2628/2628/2628 2629/2629/2629
f 2610/2610/2610 2629/2629/2629 2611/2611/2611
f 2628/2628/2628 2517/2517/2517 2519/2519/2519
f 2628/2628/2628 2519/2519/2519 2629/2629/2629
f 2611/2611/2611 2629/2629/2629 2630/2630/2630
f 2611/2611/2611 2630/2630/2630 2612/2612/2612
f 2629/2629/2629 2519/2519/2519 2521/2521/2521
f 2629/2629/2629 2521/2521/2521 2630/2630/2630
f 2612/2612/2612 2630/2630/2630 2631/2631/2631
f 2612/2612/2612 2631/2631/2631 2613/2613/2613
f 2630/2630/2630 2521/2521/2521 2523/2523/2523
f 2630/2630/2630 2523/2523/2523 2631/2631/2631
f 2613/2613/2613 2631/2631/2631 2614/2614/2614
f 2613/2613/2613 2614/2614/2614 2596/2596/2596
f 2631/2631/2631 2523/2523/2523 2491/2491/2491
f 2631/2631/2631 2491/2491/2491 2614/2614/2614
f 2632/2632/2632 2633/2633/2633 2634/2634/2634
f 2632/2632/2632 2634/2634/2634 2635/2635/2635
f 2633/2633/2633 2636/2636/2636 2637/2637/2637
f 2633/2633/2633 2637/2637/2637 2634/2634/2634
f 2636/2636/2636 2638/2638/2638 2639/2639/2639
f 2636/2636/2636 2639/2639/2639 2637/2637/2637
f 2638/2638/2638 2640/2640/2640 2641/2641/2641
f 2638/2638/2638 2641/2641/2641 2639/2639/2639
f 2640/2640/2640 2642/2642/2642 2643/2643/2643
f 2640/2640/2640 2643/2643/2643 2641/2641/2641
f 2642/2642/2642 2644/2644/2644 2645/2645/2645
f 2642/2642/2642 2645/2645/2645 2643/2643/2643
f 2644/2644/2644 2646/2646/2646 2647/2647/2647
f 2644/2644/2644 2647/2647/2647 2645/2645/2645
f 2646/2646/2646 2648/2648/2648 2649/2649/2649
f 2646/2646/2646 2649/2649/2649 2647/2647/2647
f 2648/2648/2648 2650/2650/2650 2651/2651/2651
f 2648/2648/2648 2651/2651/2651 2649/2649/2649
f 2650/2650/2650 2652/2652/2652 2653/2653/2653
f 2650/2650/2650 2653/2653/2653 2651/2651/2651
f 2652/2652/2652 2654/2654/2654 2655/2655/2655
f 2652/2652/2652 2655/2655/2655 2653/2653/2653
f 2654/2654/2654 2656/2656/2656 2657/2657/2657
f 2654/2654/2654 2657/2657/2657 2655/2655/2655
f 2656/2656/2656 2658/2658/2658 2659/2659/2659
f 2656/2656/2656 2659/2659/2659 2657/2657/2657
f 2658/2658/2658 2660/2660/2660 2661/2661/2661
f 2658/2658/2658 2661/2661/2661 2659/2659/2659
f 2660/2660/2660 2662/2662/2662 2663/2663/2663
f 2660/2660/2660 2663/2663/2663 2661/2661/2661
f 2662/2662/2662 2664/2664/2664 2665/2665/2665
f 2662/2662/2662 2665/2665/2665 2663/2663/2663
f 2664/2664/2664 2666/2666/2666 2667/2667/2667
f 2664/2664/2664 2667/2667/2667 2665/2665/2665
f 2666/2666/2666 2632/2632/2632 2635/2635/2635
f 2666/2666/2666 2635/2635/2635 2667/2667/2667
f 2668/2668/2668 2669/2669/2669 2670/2670/2670
f 2668/2668/2668 2670/2670/2670 2671/2671/2671
f 2669/2669/2669 2672/2672/2672 2673/2673/2673
f 2669/2669/2669 2673/2673/2673 2670/2670/2670
f 2672/2672/2672 2674/2674/2674 2675/2675/2675
f 2672/2672/2672 2675/2675/2675 2673/2673/2673
f 2674/2674/2674 2676/2676/2676 2677/2677/2677
f 2674/2674/2674 2677/2677/2677 2675/2675/2675
f 2676/2676/2676 2678/2678/2678 2679/2679/2679
f 2676/2676/2676 2679/2679/2679 2677/2677/2677
f 2678/2678/2678 2680/2680/2680 2681/2681/2681
f 2678/2678/2678 2681/2681/2681 2679/2679/2679
f 2680/2680/2680 2682/2682/2682 2683/2683/2683
f 2680/2680/2680 2683/2683/2683 2681/2681/2681
f 2682/2682/2682 2684/2684/2684 2685/2685/2685
f 2682/2682/2682 2685/2685/2685 2683/2683/2683
f 2684/2684/2684 2686/2686/2686 2687/2687/2687
f 2684/2684/2684 2687/2687/2687 2685/2685/2685
f 2686/2686/2686 2688/2688/2688 2689/2689/2689
f 2686/2686/2686 2689/2689/2689 2687/2687/2687
f 2688/2688/2688 2690/2690/2690 2691/2691/2691
f 2688/2688/2688 2691/2691/2691 2689/2689/2689
f 2690/2690/2690 2692/2692/2692 2693/2693/2693
f 2690/2690/2690 2693/2693/2693 2691/2691/2691
f 2692/2692/2692 2694/2694/2694 2695/2695/2695
f 2692/2692/2692 2695/2695/2695 2693/2693/2693
f 2694/2694/2694 2696/2696/2696 2697/2697/2697
f 2694/2694/2694 2697/2697/2697 2695/2695/2695
f 2696/2696/2696 2698/2698/2698 2699/2699/2699
f 2696/2696/2696 2699/2699/2699 2697/2697/2697
f 2698/2698/2698 2700/2700/2700 2701/2701/2701
f 2698/2698/2698 2701/2701/2701 2699/2699/2699
f 2700/2700/2700 2702/2702/2702 2703/2703/2703
f 2700/2700/2700 2703/2703/2703 2701/2701/2701
f 2702/2702/2702 2668/2668/2668 2671/2671/2671
f 2702/2702/2702 2671/2671/2671 2703/2703/2703
f 2704/2704/2704 2705/2705/2705 2706/2706/2706
f 2704/2704/2704 2706/2706/2706 2707/2707/2707
f 2705/2705/2705 2708/2708/2708 2709/2709/2709
f 2705/2705/2705 2709/2709/2709 2706/2706/2706
f 2708/2708/2708 2710/2710/2710 2711/2711/2711
f 2708/2708/2708 2711/2711/2711 2709/2709/2709
f 2710/2710/2710 2712/2712/2712 2713/2713/2713
f 2710/2710/2710 2713/2713/2713 2711/2711/2711
f 2712/2712/2712 2714/2714/2714 2715/2715/2715
f 2712/2712/2712 2715/2715/2715 2713/2713/2713
f 2714/2714/2714 2716/2716/2716 2717/2717/2717
f 2714/2714/2714 2717/2717/2717 2715/2715/2715
f 2716/2716/2716 2718/2718/2718 2719/2719/2719
f 2716/2716/2716 2719/2719/2719 2717/2717/2717
f 2718/2718/2718 2720/2720/2720 2721/2721/2721
f 2718/2718/2718 2721/2721/2721 2719/2719/2719
f 2720/2720/2720 2722/2722/2722 2723/2723/2723
f 2720/2720/2720 2723/2723/2723 2721/2721/2721
f 2722/2722/2722 2724/2724/2724 2725/2725/2725
f 2722/2722/2722 2725/2725/2725 2723/2723/2723
f 2724/2724/2724 2726/2726/2726 2727/2727/2727
f 2724/2724/2724 2727/2727/2727 2725/2725/2725
f 2726/2726/2726 2728/2728/2728 2729/2729/2729
f 2726/2726/2726 2729/2729/2729 2727/2727/2727
f 2728/2728/2728 2730/2730/2730 2731/2731/2731
f 2728/2728/2728 2731/2731/2731 2729/2729/2729
f 2730/2730/2730 2732/2732/2732 2733/2733/2733
f 2730/2730/2730 2733/2733/2733 2731/2731/2731
f 2732/2732/2732 2734/2734/2734 2735/2735/2735
f 2732/2732/2732 2735/2735/2735 2733/2733/2733
f 2734/2734/2734 2736/2736/2736 2737/2737/2737
f 2734/2734/2734 2737/2737/2737 2735/2735/2735
f 2736/2736/2736 2738/2738/2738 2739/2739/2739
f 2736/2736/2736 2739/2739/2739 2737/2737/2737
f 2738/2738/2738 2704/2704/2704 2707/2707/2707
f 2738/2738/2738 2707/2707/2707 2739/2739/2739
f 2668/2668/2668 2740/2740/2740 2741/2741/2741
f 2668/2668/2668 2741/2741/2741 2669/2669/2669
f 2669/2669/2669 2741/2741/2741 2742/2742/2742
f 2669/2669/2669 2742/2742/2742 2672/2672/2672
f 2672/2672/2672 2742/2742/2742 2743/2743/2743
f 2672/2672/2672 2743/2743/2743 2674/2674/2674
f 2674/2674/2674 2743/2743/2743 2744/2744/2744
f 2674/2674/2674 2744/2744/2744 2676/2676/2676
f 2676/2676/2676 2744/2744/2744 2745/2745/2745
f 2676/2676/2676 2745/2745/2745 2678/2678/2678
f 2678/2678/2678 2745/2745/2745 2746/2746/2746
f 2678/2678/2678 2746/2746/2746 2680/2680/2680
f 2680/2680/2680 2746/2746/2746 2747/2747/2747
f 2680/2680/2680 2747/2747/2747 2682/2682/2682
f 2682/2682/2682 2747/2747/2747 2748/2748/2748
f 2682/2682/2682 2748/2748/2748 2684/2684/2684
f 2684/2684/2684 2748/2748/2748 2749/2749/2749
f 2684/2684/2684 2749/2749/2749 2686/2686/2686
f 2686/2686/2686 2749/2749/2749 2750/2750/2750
f 2686/2686/2686 2750/2750/2750 2688/2688/2688
f 2688/2688/2688 2750/2750/2750 2751/2751/2751
f 2688/2688/2688 2751/2751/2751 2690/2690/2690
f 2690/2690/2690 2751/2751/2751 2752/2752/2752
f 2690/2690/2690 2752/2752/2752 2692/2692/2692
f 2692/2692/2692 2752/2752/2752 2753/2753/2753
f 2692/2692/2692 2753/2753/2753 2694/2694/2694
f 2694/2694/2694 2753/2753/2753 2754/2754/2754
f 2694/2694/2694 2754/2754/2754 2696/2696/2696
f 2696/2696/2696 2754/2754/2754 2755/2755/2755
f 2696/2696/2696 2755/2755/2755 2698/2698/2698
f 2698/2698/2698 2755/2755/2755 2756/2756/2756
f 2698/2698/2698 2756/2756/2756 2700/2700/2700
f 2700/2700/2700 2756/2756/2756 2757/2757/2757
f 2700/2700/2700 2757/2757/2757 2702/2702/2702
f 2702/2702/2702 2757/2757/2757 2740/2740/2740
f 2702/2702/2702 2740/2740/2740 2668/2668/2668
f 2740/2740/2740 2758/2758/2758 2759/2759/2759
f 2740/2740/2740 2759/2759/2759 2741/2741/2741
f 2758/2758/2758 2635/2635/2635 2634/2634/2634
f 2758/2758/2758 2634/2634/2634 2759/2759/2759
f 2741/2741/2741 2759/2759/2759 2760/2760/2760
f 2741/2741/2741 2760/2760/2760 2742/2742/2742
f 2759/2759/2759 2634/2634/2634 2637/2637/2637
f 2759/2759/2759 2637/2637/2637 2760/2760/2760
f 2742/2742/2742 2760/2760/2760 2761/2761/2761
f 2742/2742/2742 2761/2761/2761 2743/2743/2743
f 2760/2760/2760 2637/2637/2637 2639/2639/2639
f 2760/2760/2760 2639/2639/2639 2761/2761/2761
f 2743/2743/2743 2761/2761/2761 2762/2762/2762
f 2743/2743/2743 2762/2762/2762 2744/2744/2744
f 2761/2761/2761 2639/2639/2639 2641/2641/2641
f 2761/2761/2761 2641/2641/2641 2762/2762/2762
f 2744/2744/2744 2762/2762/2762 2763/2763/2763
f 2744/2744/2744 2763/2763/2763 2745/2745/2745
f 2762/2762/2762 2641/2641/2641 2643/2643/2643
f 2762/2762/2762 2643/2643/2643 2763/2763/2763
f 2745/2745/2745 2763/2763/2763 2764/2764/2764
f 2745/2745/2745 2764/2764/2764 2746/2746/2746
f 2763/2763/2763 2643/2643/2643 2645/2645/2645
f 2763/2763/2763 2645/2645/2645 2764/2764/2764
f 2746/2746/2746 2764/2764/2764 2765/2765/2765
f 2746/2746/2746 2765/2765/2765 2747/2747/2747
f 2764/2764/2764 2645/2645/2645 2647/2647/2647
f 2764/2764/2764 2647/2647/2647 2765/2765/2765
f 2747/2747/2747 2765/2765/2765 2766/2766/2766
f 2747/2747/2747 2766/2766/2766 2748/2748/2748
f 2765/2765/2765 2647/2647/2647 2649/2649/2649
f 2765/2765/2765 2649/2649/2649 2766/2766/2766
f 2748/2748/2748 2766/2766/2766 2767/2767/2767
f 2748/2748/2748 2767/2767/2767 2749/2749/2749
f 2766/2766/2766 2649/2649/2649 2651/2651/2651
f 2766/2766/2766 2651/2651/2651 2767/2767/2767
f 2749/2749/2749 2767/2767/2767 2768/2768/2768
f 2749/2749/2749 2768/2768/2768 2750/2750/2750
f 2767/2767/2767 2651/2651/2651 2653/2653/2653
f 2767/2767/2767 2653/2653/2653 2768/2768/2768
f 2750/2750/2750 2768/2768/2768 2769/2769/2769
f 2750/2750/2750 2769/2769/2769 2751/2751/2751
f 2768/2768/2768 2653/2653/2653 2655/2655/2655
f 2768/2768/2768 2655/2655/2655 2769/2769/2769
f 2751/2751/2751 2769/2769/2769 2770/2770/2770
f 2751/2751/2751 2770/2770/2770 2752/2752/2752
f 2769/2769/2769 2655/2655/2655 2657/2657/2657
f 2769/2769/2769 2657/2657/2657 2770/2770/2770
f 2752/2752/2752 2770/2770/2770 2771/2771/2771
f 2752/2752/2752 2771/2771/2771 2753/2753/2753
f 2770/2770/2770 2657/2657/2657 2659/2659/2659
f 2770/2770/2770 2659/2659/2659 2771/2771/2771
f 2753/2753/2753 2771/2771/2771 2772/2772/2772
f 2753/2753/2753 2772/2772/2772 2754/2754/2754
f 2771/2771/2771 2659/2659/2659 2661/2661/2661
f 2771/2771/2771 2661/2661/2661 2772/2772/2772
f 2754/2754/2754 2772/2772/2772 2773/2773/2773
f 2754/2754/2754 2773/2773/2773 2755/2755/2755
f 2772/2772/2772 2661/2661/2661 2663/2663/2663
f 2772/2772/2772 2663/2663/2663 2773/2773/2773
f 2755/2755/2755 2773/2773/2773 2774/2774/2774
f 2755/2755/2755 2774/2774/2774 2756/2756/2756
f 2773/2773/2773 2663/2663/2663 2665/2665/2665
f 2773/2773/2773 2665/2665/2665 2774/2774/2774
f 2756/2756/2756 2774/2774/2774 2775/2775/2775
f 2756/2756/2756 2775/2775/2775 2757/2757/2757
f 2774/2774/2774 2665/2665/2665 2667/2667/2667
f 2774/2774/2774 2667/2667/2667 2775/2775/2775
f 2757/2757/2757 2775/2775/2775 2758/2758/2758
f 2757/2757/2757 2758/2758/2758 2740/2740/2740
f 2775/2775/2775 2667/2667/2667 2635/2635/2635
f 2775/2775/2775 2635/2635/2635 2758/2758/2758
f 2776/2776/2776 2777/2777/2777 2778/2778/2778
f 2776/2776/2776 2778/2778/2778 2779/2779/2779
f 2777/2777/2777 2780/2780/2780 2781/2781/2781
f 2777/2777/2777 2781/2781/2781 2778/2778/2778
f 2780/2780/2780 2782/2782/2782 2783/2783/2783
f 2780/2780/2780 2783/2783/2783 2781/2781/2781
f 2782/2782/2782 2784/2784/2784 2785/2785/2785
f 2782/2782/2782 2785/2785/2785 2783/2783/2783
f 2784/2784/2784 2786/2786/2786 2787/2787/2787
f 2784/2784/2784 2787/2787/2787 2785/2785/2785
f 2786/2786/2786 2788/2788/2788 2789/2789/2789
f 2786/2786/2786 2789/2789/2789 2787/2787/2787
f 2788/2788/2788 2790/2790/2790 2791/2791/2791
f 2788/2788/2788 2791/2791/2791 2789/2789/2789
f 2790/2790/2790 2792/2792/2792 2793/2793/2793
f 2790/2790/2790 2793/2793/2793 2791/2791/2791
f 2792/2792/2792 2794/2794/2794 2795/2795/2795
f 2792/2792/2792 2795/2795/2795 2793/2793/2793
f 2794/2794/2794 2796/2796/2796 2797/2797/2797
f 2794/2794/2794 2797/2797/2797 2795/2795/2795
f 2796/2796/2796 2798/2798/2798 2799/2799/2799
f 2796/2796/2796 2799/2799/2799 2797/2797/2797
f 2798/2798/2798 2800/2800/2800 2801/2801/2801
f 2798/2798/2798 2801/2801/2801 2799/2799/2799
f 2800/2800/2800 2802/2802/2802 2803/2803/2803
f 2800/2800/2800 2803/2803/2803 2801/2801/2801
f 2802/2802/2802 2804/2804/2804 2805/2805/2805
f 2802/2802/2802 2805/2805/2805 2803/2803/2803
f 2804/2804/2804 2806/2806/2806 2807/2807/2807
f 2804/2804/2804 2807/2807/2807 2805/2805/2805
f 2806/2806/2806 2808/2808/2808 2809/2809/2809
f 2806/2806/2806 2809/2809/2809 2807/2807/2807
f 2808/2808/2808 2810/2810/2810 2811/2811/2811
f 2808/2808/2808 2811/2811/2811 2809/2809/2809
f 2810/2810/2810 2776/2776/2776 2779/2779/2779
f 2810/2810/2810 2779/2779/2779 2811/2811/2811
f 2779/2779/2779 2778/2778/2778 67/67/67
f 2779/2779/2779 67/67/67 66/66/66
f 2778/2778/2778 2781/2781/2781 69/69/69
f 2778/2778/2778 69/69/69 67/67/67
f 2781/2781/2781 2783/2783/2783 70/70/70
f 2781/2781/2781 70/70/70 69/69/69
f 2783/2783/2783 2785/2785/2785 71/71/71
f 2783/2783/2783 71/71/71 70/70/70
f 2785/2785/2785 2787/2787/2787 72/72/72
f 2785/2785/2785 72/72/72 71/71/71
f 2787/2787/2787 2789/2789/2789 73/73/73
f 2787/2787/2787 73/73/73 72/72/72
f 2789/2789/2789 2791/2791/2791 74/74/74
f 2789/2789/2789 74/74/74 73/73/73
f 2791/2791/2791 2793/2793/2793 75/75/75
f 2791/2791/2791 75/75/75 74/74/74
f 2793/2793/2793 2795/2795/2795 76/76/76
f 2793/2793/2793 76/76/76 75/75/75
f 2795/2795/2795 2797/2797/2797 77/77/77
f 2795/2795/2795 77/77/77 76/76/76
f 2797/2797/2797 2799/2799/2799 78/78/78
f 2797/2797/2797 78/78/78 77/77/77
f 2799/2799/2799 2801/2801/2801 79/79/79
f 2799/2799/2799 79/79/79 78/78/78
f 2801/2801/2801 2803/2803/2803 80/80/80
f 2801/2801/2801 80/80/80 79/79/79
f 2803/2803/2803 2805/2805/2805 81/81/81
f 2803/2803/2803 81/81/81 80/80/80
f 2805/2805/2805 2807/2807/2807 82/82/82
f 2805/2805/2805 82/82/82 81/81/81
f 2807/2807/2807 2809/2809/2809 83/83/83
f 2807/2807/2807 83/83/83 82/82/82
f 2809/2809/2809 2811/2811/2811 84/84/84
f 2809/2809/2809 84/84/84 83/83/83
f 2811/2811/2811 2779/2779/2779 66/66/66
f 2811/2811/2811 66/66/66 84/84/84
f 2776/2776/2776 2812/2812/2812 2813/2813/2813
f 2776/2776/2776 2813/2813/2813 2777/2777/2777
f 2777/2777/2777 2813/2813/2813 2814/2814/2814
f 2777/2777/2777 2814/2814/2814 2780/2780/2780
f 2780/2780/2780 2814/2814/2814 2815/2815/2815
f 2780/2780/2780 2815/2815/2815 2782/2782/2782
f 2782/2782/2782 2815/2815/2815 2816/2816/2816
f 2782/2782/2782 2816/2816/2816 2784/2784/2784
f 2784/2784/2784 2816/2816/2816 2817/2817/2817
f 2784/2784/2784 2817/2817/2817 2786/2786/2786
f 2786/2786/2786 2817/2817/2817 2818/2818/2818
f 2786/2786/2786 2818/2818/2818 2788/2788/2788
f 2788/2788/2788 2818/2818/2818 2819/2819/2819
f 2788/2788/2788 2819/2819/2819 2790/2790/2790
f 2790/2790/2790 2819/2819/2819 2820/2820/2820
f 2790/2790/2790 2820/2820/2820 2792/2792/2792
f 2792/2792/2792 2820/2820/2820 2821/2821/2821
f 2792/2792/2792 2821/2821/2821 2794/2794/2794
f 2794/2794/2794 2821/2821/2821 2822/2822/2822
f 2794/2794/2794 2822/2822/2822 2796/2796/2796
f 2796/2796/2796 2822/2822/2822 2823/2823/2823
f 2796/2796/2796 2823/2823/2823 2798/2798/2798
f 2798/2798/2798 2823/2823/2823 2824/2824/2824
f 2798/2798/2798 2824/2824/2824 2800/2800/2800
f 2800/2800/2800 2824/2824/2824 2825/2825/2825
f 2800/2800/2800 2825/2825/2825 2802/2802/2802
f 2802/2802/2802 2825/2825/2825 2826/2826/2826
f 2802/2802/2802 2826/2826/2826 2804/2804/2804
f 2804/2804/2804 2826/2826/2826 2827/2827/2827
f 2804/2804/2804 2827/2827/2827 2806/2806/2806
f 2806/2806/2806 2827/2827/2827 2828/2828/2828
f 2806/2806/2806 2828/2828/2828 2808/2808/2808
f 2808/2808/2808 2828/2828/2828 2829/2829/2829
f 2808/2808/2808 2829/2829/2829 2810/2810/2810
f 2810/2810/2810 2829/2829/2829 2812/2812/2812
f 2810/2810/2810 2812/2812/2812 2776/2776/2776
f 2812/2812/2812 2830/2830/2830 2831/2831/2831
f 2812/2812/2812 2831/2831/2831 2813/2813/2813
f 2830/2830/2830 2707/2707/2707 2706/2706/2706
f 2830/2830/2830 2706/2706/2706 2831/2831/2831
f 2813/2813/2813 2831/2831/2831 2832/2832/2832
f 2813/2813/2813 2832/2832/2832 2814/2814/2814
f 2831/2831/2831 2706/2706/2706 2709/2709/2709
f 2831/2831/2831 2709/2709/2709 2832/2832/2832
f 2814/2814/2814 2832/2832/2832 2833/2833/2833
f 2814/2814/2814 2833/2833/2833 2815/2815/2815
f 2832/2832/2832 2709/2709/2709 2711/2711/2711
f 2832/2832/2832 2711/2711/2711 2833/2833/2833
f 2815/2815/2815 2833/2833/2833 2834/2834/2834
f 2815/2815/2815 2834/2834/2834 2816/2816/2816
f 2833/2833/2833 2711/2711/2711 2713/2713/2713
f 2833/2833/2833 2713/2713/2713 2834/2834/2834
f 2816/2816/2816 2834/2834/2834 2835/2835/2835
f 2816/2816/2816 2835/2835/2835 2817/2817/2817
f 2834/2834/2834 2713/2713/2713 2715/2715/2715
f 2834/2834/2834 2715/2715/2715 2835/2835/2835
f 2817/2817/2817 2835/2835/2835 2836/2836/2836
f 2817/2817/2817 2836/2836/2836 2818/2818/2818
f 2835/2835/2835 2715/2715/2715 2717/2717/2717
f 2835/2835/2835 2717/2717/2717 2836/2836/2836
f 2818/2818/2818 2836/2836/2836 2837/2837/2837
f 2818/2818/2818 2837/2837/2837 2819/2819/2819
f 2836/2836/2836 2717/2717/2717 2719/2719/2719
f 2836/2836/2836 2719/2719/2719 2837/2837/2837
f 2819/2819/2819 2837/2837/2837 2838/2838/2838
f 2819/2819/2819 2838/2838/2838 2820/2820/2820
f 2837/2837/2837 2719/2719/2719 2721/2721/2721
f 2837/2837/2837 2721/2721/2721 2838/2838/2838
f 2820/2820/2820 2838/2838/2838 2839/2839/2839
f 2820/2820/2820 2839/2839/2839 2821/2821/2821
f 2838/2838/2838 2721/2721/2721 2723/2723/2723
f 2838/2838/2838 2723/2723/2723 2839/2839/2839
f 2821/2821/2821 2839/2839/2839 2840/2840/2840
f 2821/2821/2821 2840/2840/2840 2822/2822/2822
f 2839/2839/2839 2723/2723/2723 2725/2725/2725
f 2839/2839/2839 2725/2725/2725 2840/2840/2840
f 2822/2822/2822 2840/2840/2840 2841/2841/2841
f 2822/2822/2822 2841/2841/2841 2823/2823/2823
f 2840/2840/2840 2725/2725/2725 2727/2727/2727
f 2840/2840/2840 2727/2727/2727 2841/2841/2841
f 2823/2823/2823 2841/2841/2841 2842/2842/2842
f 2823/2823/2823 2842/2842/2842 2824/2824/2824
f 2841/2841/2841 2727/2727/2727 2729/2729/2729
f 2841/2841/2841 2729/2729/2729 2842/2842/2842
f 2824/2824/2824 2842/2842/2842 2843/2843/2843
f 2824/2824/2824 2843/2843/2843 2825/2825/2825
f 2842/2842/2842 2729/2729/2729 2731/2731/2731
f 2842/2842/2842 2731/2731/2731 2843/2843/2843
f 2825/2825/2825 2843/2843/2843 2844/2844/2844
f 2825/2825/2825 2844/2844/2844 2826/2826/2826
f 2843/2843/2843 2731/2731/2731 2733/2733/2733
f 2843/2843/2843 2733/2733/2733 2844/2844/2844
f 2826/2826/2826 2844/2844/2844 2845/2845/2845
f 2826/2826/2826 2845/2845/2845 2827/2827/2827
f 2844/2844/2844 2733/2733/2733 2735/2735/2735
f 2844/2844/2844 2735/2735/2735 2845/2845/2845
f 2827/2827/2827 2845/2845/2845 2846/2846/2846
f 2827/2827/2827 2846/2846/2846 2828/2828/2828
f 2845/2845/2845 2735/2735/2735 2737/2737/2737
f 2845/2845/2845 2737/2737/2737 2846/2846/2846
f 2828/2828/2828 2846/2846/2846 2847/2847/2847
f 2828/2828/2828 2847/2847/2847 2829/2829/2829
f 2846/2846/2846 2737/2737/2737 2739/2739/2739
f 2846/2846/2846 2739/2739/2739 2847/2847/2847
f 2829/2829/2829 2847/2847/2847 2830/2830/2830
f 2829/2829/2829 2830/2830/2830 2812/2812/2812
f 2847/2847/2847 2739/2739/2739 2707/2707/2707
f 2847/2847/2847 2707/2707/2707 2830/2830/2830
f 2848/2848/2848 2849/2849/2849 2850/2850/2850
f 2848/2848/2848 2850/2850/2850 86/86/86
f 86/86/86 2850/2850/2850 2851/2851/2851
f 86/86/86 2851/2851/2851 87/87/87
f 2852/2852/2852 621/621/621 107/107/107
f 2852/2852/2852 107/107/107 106/106/106
f 127/127/127 597/597/597 598/598/598
f 127/127/127 598/598/598 128/128/128
f 599/599/599 517/517/517 142/142/142
f 599/599/599 142/142/142 141/141/141
f 165/165/165 2853/2853/2853 605/605/605
f 165/165/165 605/605/605 166/166/166
f 605/605/605 604/604/604 190/190/190
f 605/605/605 190/190/190 166/166/166
f 606/606/606 608/608/608 217/217/217
f 606/606/606 217/217/217 216/216/216
f 217/217/217 608/608/608 599/599/599
f 217/217/217 599/599/599 141/141/141
f 598/598/598 609/609/609 266/266/266
f 598/598/598 266/266/266 128/128/128
f 788/788/788 607/607/607 299/299/299
f 788/788/788 299/299/299 298/298/298
f 2854/2854/2854 2855/2855/2855 612/612/612
f 2854/2854/2854 612/612/612 611/611/611
f 2856/2856/2856 1087/1087/1087 614/614/614
f 2856/2856/2856 614/614/614 613/613/613
f 2857/2857/2857 143/143/143 142/142/142
f 2857/2857/2857 142/142/142 615/615/615
f 2858/2858/2858 2859/2859/2859 617/617/617
f 2858/2858/2858 617/617/617 616/616/616
f 2860/2860/2860 1209/1209/1209 619/619/619
f 2860/2860/2860 619/619/619 618/618/618
f 2861/2861/2861 108/108/108 107/107/107
f 2861/2861/2861 107/107/107 620/620/620
f 2862/2862/2862 2863/2863/2863 624/624/624
f 2862/2862/2862 624/624/624 623/623/623
f 2863/2863/2863 2864/2864/2864 627/627/627
f 2863/2863/2863 627/627/627 624/624/624
f 630/630/630 789/789/789 1058/1058/1058
f 630/630/630 1058/1058/1058 631/631/631
f 1057/1057/1057 2861/2861/2861 620/620/620
f 1057/1057/1057 620/620/620 633/633/633
f 2864/2864/2864 1025/1025/1025 635/635/635
f 2864/2864/2864 635/635/635 627/627/627
f 2865/2865/2865 2866/2866/2866 711/711/711
f 2865/2865/2865 711/711/711 710/710/710
f 2867/2867/2867 2868/2868/2868 2869/2869/2869
f 2867/2867/2867 2869/2869/2869 2870/2870/2870
f 822/822/822 788/788/788 298/298/298
f 822/822/822 298/298/298 748/748/748
f 629/629/629 2871/2871/2871 790/790/790
f 629/629/629 790/790/790 630/630/630
f 2871/2871/2871 2872/2872/2872 823/823/823
f 2871/2871/2871 823/823/823 790/790/790
f 876/876/876 822/822/822 748/748/748
f 876/876/876 748/748/748 834/834/834
f 2872/2872/2872 2873/2873/2873 877/877/877
f 2872/2872/2872 877/877/877 823/823/823
f 930/930/930 876/876/876 834/834/834
f 930/930/930 834/834/834 888/888/888
f 2873/2873/2873 2874/2874/2874 931/931/931
f 2873/2873/2873 931/931/931 877/877/877
f 984/984/984 930/930/930 888/888/888
f 984/984/984 888/888/888 942/942/942
f 2874/2874/2874 2875/2875/2875 985/985/985
f 2874/2874/2874 985/985/985 931/931/931
f 610/610/610 984/984/984 942/942/942
f 610/610/610 942/942/942 996/996/996
f 2875/2875/2875 636/636/636 635/635/635
f 2875/2875/2875 635/635/635 985/985/985
f 604/604/604 610/610/610 996/996/996
f 604/604/604 996/996/996 190/190/190
f 607/607/607 606/606/606 216/216/216
f 607/607/607 216/216/216 299/299/299
f 633/633/633 634/634/634 632/632/632
f 633/633/633 632/632/632 631/631/631
f 1088/1088/1088 513/513/513 614/614/614
f 1088/1088/1088 614/614/614 1086/1086/1086
f 2876/2876/2876 2856/2856/2856 613/613/613
f 2876/2876/2876 613/613/613 1136/1136/1136
f 2877/2877/2877 2860/2860/2860 618/618/618
f 2877/2877/2877 618/618/618 1176/1176/1176
f 1210/1210/1210 524/524/524 619/619/619
f 1210/1210/1210 619/619/619 1208/1208/1208
f 638/638/638 637/637/637 89/89/89
f 638/638/638 89/89/89 88/88/88
f 640/640/640 639/639/639 92/92/92
f 640/640/640 92/92/92 91/91/91
f 641/641/641 348/348/348 99/99/99
f 641/641/641 99/99/99 98/98/98
f 643/643/643 642/642/642 2878/2878/2878
f 643/643/643 2878/2878/2878 2879/2879/2879
f 645/645/645 644/644/644 132/132/132
f 645/645/645 132/132/132 131/131/131
f 2880/2880/2880 669/669/669 148/148/148
f 2880/2880/2880 148/148/148 147/147/147
f 173/173/173 2881/2881/2881 2882/2882/2882
f 173/173/173 2882/2882/2882 174/174/174
f 2882/2882/2882 2883/2883/2883 194/194/194
f 2882/2882/2882 194/194/194 174/174/174
f 223/223/223 2884/2884/2884 2885/2885/2885
f 223/223/223 2885/2885/2885 224/224/224
f 2885/2885/2885 2880/2880/2880 147/147/147
f 2885/2885/2885 147/147/147 224/224/224
f 306/306/306 2886/2886/2886 2887/2887/2887
f 306/306/306 2887/2887/2887 307/307/307
f 2888/2888/2888 149/149/149 148/148/148
f 2888/2888/2888 148/148/148 668/668/668
f 2889/2889/2889 100/100/100 99/99/99
f 2889/2889/2889 99/99/99 671/671/671
f 2890/2890/2890 2891/2891/2891 673/673/673
f 2890/2890/2890 673/673/673 672/672/672
f 2891/2891/2891 2892/2892/2892 675/675/675
f 2891/2891/2891 675/675/675 673/673/673
f 797/797/797 1063/1063/1063 677/677/677
f 797/797/797 677/677/677 676/676/676
f 678/678/678 1064/1064/1064 2889/2889/2889
f 678/678/678 2889/2889/2889 671/671/671
f 2892/2892/2892 1030/1030/1030 679/679/679
f 2892/2892/2892 679/679/679 675/675/675
f 694/694/694 696/696/696 699/699/699
f 694/694/694 699/699/699 695/695/695
f 2893/2893/2893 2894/2894/2894 2895/2895/2895
f 2893/2893/2893 2895/2895/2895 2896/2896/2896
f 752/752/752 2897/2897/2897 2886/2886/2886
f 752/752/752 2886/2886/2886 306/306/306
f 359/359/359 768/768/768 798/798/798
f 359/359/359 798/798/798 676/676/676
f 768/768/768 802/802/802 830/830/830
f 768/768/768 830/830/830 798/798/798
f 838/838/838 2898/2898/2898 2897/2897/2897
f 838/838/838 2897/2897/2897 752/752/752
f 802/802/802 856/856/856 884/884/884
f 802/802/802 884/884/884 830/830/830
f 892/892/892 2899/2899/2899 2898/2898/2898
f 892/892/892 2898/2898/2898 838/838/838
f 856/856/856 910/910/910 938/938/938
f 856/856/856 938/938/938 884/884/884
f 946/946/946 2900/2900/2900 2899/2899/2899
f 946/946/946 2899/2899/2899 892/892/892
f 910/910/910 964/964/964 992/992/992
f 910/910/910 992/992/992 938/938/938
f 1000/1000/1000 2901/2901/2901 2900/2900/2900
f 1000/1000/1000 2900/2900/2900 946/946/946
f 964/964/964 367/367/367 679/679/679
f 964/964/964 679/679/679 992/992/992
f 2883/2883/2883 2901/2901/2901 1000/1000/1000
f 2883/2883/2883 1000/1000/1000 194/194/194
f 307/307/307 2887/2887/2887 2884/2884/2884
f 307/307/307 2884/2884/2884 223/223/223
f 364/364/364 360/360/360 677/677/677
f 364/364/364 677/677/677 678/678/678
f 1096/1096/1096 93/93/93 92/92/92
f 1096/1096/1096 92/92/92 1095/1095/1095
f 1129/1129/1129 640/640/640 91/91/91
f 1129/1129/1129 91/91/91 1128/1128/1128
f 1169/1169/1169 645/645/645 131/131/131
f 1169/1169/1169 131/131/131 1168/1168/1168
f 1218/1218/1218 133/133/133 132/132/132
f 1218/1218/1218 132/132/132 1217/1217/1217
f 637/637/637 2902/2902/2902 2903/2903/2903
f 637/637/637 2903/2903/2903 89/89/89
f 2850/2850/2850 345/345/345 344/344/344
f 2850/2850/2850 344/344/344 2851/2851/2851
f 2904/2904/2904 2878/2878/2878 111/111/111
f 2904/2904/2904 111/111/111 110/110/110
f 2905/2905/2905 2906/2906/2906 115/115/115
f 2905/2905/2905 115/115/115 114/114/114
f 2907/2907/2907 159/159/159 158/158/158
f 2907/2907/2907 158/158/158 2908/2908/2908
f 2909/2909/2909 2910/2910/2910 2911/2911/2911
f 2909/2909/2909 2911/2911/2911 2912/2912/2912
f 2913/2913/2913 2914/2914/2914 158/158/158
f 2913/2913/2913 158/158/158 157/157/157
f 2915/2915/2915 2916/2916/2916 2917/2917/2917
f 2915/2915/2915 2917/2917/2917 2918/2918/2918
f 2919/2919/2919 2920/2920/2920 2921/2921/2921
f 2919/2919/2919 2921/2921/2921 2922/2922/2922
f 2923/2923/2923 2924/2924/2924 2925/2925/2925
f 2923/2923/2923 2925/2925/2925 2926/2926/2926
f 2927/2927/2927 2928/2928/2928 2929/2929/2929
f 2927/2927/2927 2929/2929/2929 2930/2930/2930
f 2931/2931/2931 2932/2932/2932 236/236/236
f 2931/2931/2931 236/236/236 235/235/235
f 2933/2933/2933 278/278/278 243/243/243
f 2933/2933/2933 243/243/243 242/242/242
f 1233/1233/1233 2934/2934/2934 2935/2935/2935
f 1233/1233/1233 2935/2935/2935 1234/1234/1234
f 2932/2932/2932 2913/2913/2913 157/157/157
f 2932/2932/2932 157/157/157 236/236/236
f 2936/2936/2936 2937/2937/2937 2938/2938/2938
f 2936/2936/2936 2938/2938/2938 2939/2939/2939
f 612/612/612 2855/2855/2855 2940/2940/2940
f 612/612/612 2940/2940/2940 2941/2941/2941
f 2942/2942/2942 2943/2943/2943 2944/2944/2944
f 2942/2942/2942 2944/2944/2944 2945/2945/2945
f 2946/2946/2946 244/244/244 243/243/243
f 2946/2946/2946 243/243/243 2947/2947/2947
f 2948/2948/2948 2949/2949/2949 2950/2950/2950
f 2948/2948/2948 2950/2950/2950 2951/2951/2951
f 2952/2952/2952 2953/2953/2953 2954/2954/2954
f 2952/2952/2952 2954/2954/2954 2955/2955/2955
f 2956/2956/2956 2957/2957/2957 319/319/319
f 2956/2956/2956 319/319/319 318/318/318
f 637/637/637 371/371/371 2958/2958/2958
f 637/637/637 2958/2958/2958 2902/2902/2902
f 2959/2959/2959 2960/2960/2960 2961/2961/2961
f 2959/2959/2959 2961/2961/2961 2962/2962/2962
f 370/370/370 443/443/443 2963/2963/2963
f 370/370/370 2963/2963/2963 2964/2964/2964
f 2965/2965/2965 2966/2966/2966 2967/2967/2967
f 2965/2965/2965 2967/2967/2967 2968/2968/2968
f 442/442/442 510/510/510 2969/2969/2969
f 442/442/442 2969/2969/2969 2970/2970/2970
f 2971/2971/2971 2972/2972/2972 2973/2973/2973
f 2971/2971/2971 2973/2973/2973 2974/2974/2974
f 2972/2972/2972 2965/2965/2965 2968/2968/2968
f 2972/2972/2972 2968/2968/2968 2973/2973/2973
f 443/443/443 442/442/442 2970/2970/2970
f 443/443/443 2970/2970/2970 2963/2963/2963
f 2966/2966/2966 2959/2959/2959 2962/2962/2962
f 2966/2966/2966 2962/2962/2962 2967/2967/2967
f 371/371/371 370/370/370 2964/2964/2964
f 371/371/371 2964/2964/2964 2958/2958/2958
f 510/510/510 509/509/509 2975/2975/2975
f 510/510/510 2975/2975/2975 2969/2969/2969
f 2976/2976/2976 2971/2971/2971 2974/2974/2974
f 2976/2976/2976 2974/2974/2974 2977/2977/2977
f 2960/2960/2960 2978/2978/2978 2979/2979/2979
f 2960/2960/2960 2979/2979/2979 2961/2961/2961
f 2980/2980/2980 2981/2981/2981 2982/2982/2982
f 2980/2980/2980 2982/2982/2982 2983/2983/2983
f 2984/2984/2984 2956/2956/2956 318/318/318
f 2984/2984/2984 318/318/318 760/760/760
f 2985/2985/2985 2986/2986/2986 2987/2987/2987
f 2985/2985/2985 2987/2987/2987 2988/2988/2988
f 2989/2989/2989 2984/2984/2984 760/760/760
f 2989/2989/2989 760/760/760 846/846/846
f 2990/2990/2990 2991/2991/2991 2992/2992/2992
f 2990/2990/2990 2992/2992/2992 2993/2993/2993
f 2994/2994/2994 2989/2989/2989 846/846/846
f 2994/2994/2994 846/846/846 900/900/900
f 2995/2995/2995 2996/2996/2996 2997/2997/2997
f 2995/2995/2995 2997/2997/2997 2998/2998/2998
f 2999/2999/2999 2994/2994/2994 900/900/900
f 2999/2999/2999 900/900/900 954/954/954
f 3000/3000/3000 3001/3001/3001 3002/3002/3002
f 3000/3000/3000 3002/3002/3002 3003/3003/3003
f 3004/3004/3004 2999/2999/2999 954/954/954
f 3004/3004/3004 954/954/954 1008/1008/1008
f 3005/3005/3005 3006/3006/3006 3007/3007/3007
f 3005/3005/3005 3007/3007/3007 3008/3008/3008
f 3009/3009/3009 3004/3004/3004 1008/1008/1008
f 3009/3009/3009 1008/1008/1008 204/204/204
f 3010/3010/3010 3011/3011/3011 3012/3012/3012
f 3010/3010/3010 3012/3012/3012 3013/3013/3013
f 2957/2957/2957 2931/2931/2931 235/235/235
f 2957/2957/2957 235/235/235 319/319/319
f 3014/3014/3014 3015/3015/3015 3016/3016/3016
f 3014/3014/3014 3016/3016/3016 3017/3017/3017
f 251/251/251 2933/2933/2933 242/242/242
f 251/251/251 242/242/242 1234/1234/1234
f 10/10/10 89/89/89 2903/2903/2903
f 10/10/10 2903/2903/2903 3018/3018/3018
f 509/509/509 612/612/612 2941/2941/2941
f 509/509/509 2941/2941/2941 2975/2975/2975
f 3019/3019/3019 2976/2976/2976 2977/2977/2977
f 3019/3019/3019 2977/2977/2977 3020/3020/3020
f 2978/2978/2978 112/112/112 111/111/111
f 2978/2978/2978 111/111/111 2979/2979/2979
f 365/365/365 2849/2849/2849 2903/2903/2903
f 365/365/365 2903/2903/2903 2902/2902/2902
f 3021/3021/3021 3022/3022/3022 3023/3023/3023
f 3021/3021/3021 3023/3023/3023 3024/3024/3024
f 3025/3025/3025 3026/3026/3026 152/152/152
f 3025/3025/3025 152/152/152 151/151/151
f 2918/2918/2918 2917/2917/2917 3027/3027/3027
f 2918/2918/2918 3027/3027/3027 3028/3028/3028
f 2922/2922/2922 2921/2921/2921 198/198/198
f 2922/2922/2922 198/198/198 197/197/197
f 3029/3029/3029 3030/3030/3030 3031/3031/3031
f 3029/3029/3029 3031/3031/3031 3032/3032/3032
f 1234/1234/1234 2935/2935/2935 252/252/252
f 1234/1234/1234 252/252/252 251/251/251
f 2939/2939/2939 2938/2938/2938 261/261/261
f 2939/2939/2939 261/261/261 260/260/260
f 2941/2941/2941 2940/2940/2940 267/267/267
f 2941/2941/2941 267/267/267 266/266/266
f 2947/2947/2947 243/243/243 278/278/278
f 2947/2947/2947 278/278/278 277/277/277
f 3033/3033/3033 3034/3034/3034 3035/3035/3035
f 3033/3033/3033 3035/3035/3035 3036/3036/3036
f 2902/2902/2902 2958/2958/2958 366/366/366
f 2902/2902/2902 366/366/366 365/365/365
f 2962/2962/2962 2961/2961/2961 382/382/382
f 2962/2962/2962 382/382/382 381/381/381
f 2964/2964/2964 2963/2963/2963 438/438/438
f 2964/2964/2964 438/438/438 437/437/437
f 2968/2968/2968 2967/2967/2967 454/454/454
f 2968/2968/2968 454/454/454 453/453/453
f 2970/2970/2970 2969/2969/2969 505/505/505
f 2970/2970/2970 505/505/505 504/504/504
f 2974/2974/2974 2973/2973/2973 521/521/521
f 2974/2974/2974 521/521/521 520/520/520
f 2973/2973/2973 2968/2968/2968 453/453/453
f 2973/2973/2973 453/453/453 521/521/521
f 2963/2963/2963 2970/2970/2970 504/504/504
f 2963/2963/2963 504/504/504 438/438/438
f 2967/2967/2967 2962/2962/2962 381/381/381
f 2967/2967/2967 381/381/381 454/454/454
f 2958/2958/2958 2964/2964/2964 437/437/437
f 2958/2958/2958 437/437/437 366/366/366
f 2969/2969/2969 2975/2975/2975 609/609/609
f 2969/2969/2969 609/609/609 505/505/505
f 2977/2977/2977 2974/2974/2974 520/520/520
f 2977/2977/2977 520/520/520 617/617/617
f 2961/2961/2961 2979/2979/2979 642/642/642
f 2961/2961/2961 642/642/642 382/382/382
f 3037/3037/3037 3038/3038/3038 3039/3039/3039
f 3037/3037/3037 3039/3039/3039 3040/3040/3040
f 3018/3018/3018 2903/2903/2903 2849/2849/2849
f 3018/3018/3018 2849/2849/2849 2848/2848/2848
f 2975/2975/2975 2941/2941/2941 266/266/266
f 2975/2975/2975 266/266/266 609/609/609
f 3020/3020/3020 2977/2977/2977 617/617/617
f 3020/3020/3020 617/617/617 2859/2859/2859
f 2979/2979/2979 111/111/111 2878/2878/2878
f 2979/2979/2979 2878/2878/2878 642/642/642
f 3041/3041/3041 2879/2879/2879 2878/2878/2878
f 3041/3041/3041 2878/2878/2878 2904/2904/2904
f 3042/3042/3042 3043/3043/3043 2906/2906/2906
f 3042/3042/3042 2906/2906/2906 2905/2905/2905
f 3044/3044/3044 3045/3045/3045 2914/2914/2914
f 3044/3044/3044 2914/2914/2914 2913/2913/2913
f 3046/3046/3046 3047/3047/3047 3048/3048/3048
f 3046/3046/3046 3048/3048/3048 3049/3049/3049
f 3050/3050/3050 3051/3051/3051 2932/2932/2932
f 3050/3050/3050 2932/2932/2932 2931/2931/2931
f 3052/3052/3052 279/279/279 278/278/278
f 3052/3052/3052 278/278/278 2933/2933/2933
f 3051/3051/3051 3044/3044/3044 2913/2913/2913
f 3051/3051/3051 2913/2913/2913 2932/2932/2932
f 3053/3053/3053 3054/3054/3054 3055/3055/3055
f 3053/3053/3053 3055/3055/3055 3056/3056/3056
f 3057/3057/3057 3058/3058/3058 2957/2957/2957
f 3057/3057/3057 2957/2957/2957 2956/2956/2956
f 3059/3059/3059 3057/3057/3057 2956/2956/2956
f 3059/3059/3059 2956/2956/2956 2984/2984/2984
f 3060/3060/3060 3059/3059/3059 2984/2984/2984
f 3060/3060/3060 2984/2984/2984 2989/2989/2989
f 3061/3061/3061 3060/3060/3060 2989/2989/2989
f 3061/3061/3061 2989/2989/2989 2994/2994/2994
f 3062/3062/3062 3061/3061/3061 2994/2994/2994
f 3062/3062/3062 2994/2994/2994 2999/2999/2999
f 3063/3063/3063 3062/3062/3062 2999/2999/2999
f 3063/3063/3063 2999/2999/2999 3004/3004/3004
f 3064/3064/3064 3063/3063/3063 3004/3004/3004
f 3064/3064/3064 3004/3004/3004 3009/3009/3009
f 3058/3058/3058 3050/3050/3050 2931/2931/2931
f 3058/3058/3058 2931/2931/2931 2957/2957/2957
f 3065/3065/3065 3066/3066/3066 3067/3067/3067
f 3065/3065/3065 3067/3067/3067 3068/3068/3068
f 250/250/250 3052/3052/3052 2933/2933/2933
f 250/250/250 2933/2933/2933 251/251/251
f 345/345/345 2850/2850/2850 2849/2849/2849
f 345/345/345 2849/2849/2849 365/365/365
f 3069/3069/3069 3070/3070/3070 3071/3071/3071
f 3069/3069/3069 3071/3071/3071 3072/3072/3072
f 3073/3073/3073 3074/3074/3074 3075/3075/3075
f 3073/3073/3073 3075/3075/3075 3076/3076/3076
f 3077/3077/3077 3078/3078/3078 3079/3079/3079
f 3077/3077/3077 3079/3079/3079 3080/3080/3080
f 3081/3081/3081 3082/3082/3082 3083/3083/3083
f 3081/3081/3081 3083/3083/3083 3084/3084/3084
f 3085/3085/3085 3086/3086/3086 3087/3087/3087
f 3085/3085/3085 3087/3087/3087 3088/3088/3088
f 3089/3089/3089 3090/3090/3090 3091/3091/3091
f 3089/3089/3089 3091/3091/3091 3092/3092/3092
f 3093/3093/3093 3094/3094/3094 3095/3095/3095
f 3093/3093/3093 3095/3095/3095 3096/3096/3096
f 3097/3097/3097 3098/3098/3098 3099/3099/3099
f 3097/3097/3097 3099/3099/3099 3100/3100/3100
f 3098/3098/3098 3101/3101/3101 3102/3102/3102
f 3098/3098/3098 3102/3102/3102 3099/3099/3099
f 3103/3103/3103 3104/3104/3104 3105/3105/3105
f 3103/3103/3103 3105/3105/3105 3106/3106/3106
f 3107/3107/3107 3108/3108/3108 3109/3109/3109
f 3107/3107/3107 3109/3109/3109 3110/3110/3110
f 3108/3108/3108 3111/3111/3111 3112/3112/3112
f 3108/3108/3108 3112/3112/3112 3109/3109/3109
f 3111/3111/3111 3113/3113/3113 3114/3114/3114
f 3111/3111/3111 3114/3114/3114 3112/3112/3112
f 3113/3113/3113 3115/3115/3115 3116/3116/3116
f 3113/3113/3113 3116/3116/3116 3114/3114/3114
f 3115/3115/3115 3117/3117/3117 3118/3118/3118
f 3115/3115/3115 3118/3118/3118 3116/3116/3116
f 3117/3117/3117 3119/3119/3119 3120/3120/3120
f 3117/3117/3117 3120/3120/3120 3118/3118/3118
f 3119/3119/3119 3121/3121/3121 3122/3122/3122
f 3119/3119/3119 3122/3122/3122 3120/3120/3120
f 3123/3123/3123 3124/3124/3124 3125/3125/3125
f 3123/3123/3123 3125/3125/3125 3126/3126/3126
f 3127/3127/3127 3128/3128/3128 3129/3129/3129
f 3127/3127/3127 3129/3129/3129 3130/3130/3130
f 3128/3128/3128 3131/3131/3131 3132/3132/3132
f 3128/3128/3128 3132/3132/3132 3129/3129/3129
f 3131/3131/3131 3133/3133/3133 3134/3134/3134
f 3131/3131/3131 3134/3134/3134 3132/3132/3132
f 3133/3133/3133 3135/3135/3135 3136/3136/3136
f 3133/3133/3133 3136/3136/3136 3134/3134/3134
f 3135/3135/3135 3097/3097/3097 3100/3100/3100
f 3135/3135/3135 3100/3100/3100 3136/3136/3136
f 3137/3137/3137 3138/3138/3138 3139/3139/3139
f 3137/3137/3137 3139/3139/3139 3140/3140/3140
f 3141/3141/3141 3137/3137/3137 3140/3140/3140
f 3141/3141/3141 3140/3140/3140 3142/3142/3142
f 3143/3143/3143 3141/3141/3141 3142/3142/3142
f 3143/3143/3143 3142/3142/3142 3144/3144/3144
f 3145/3145/3145 3143/3143/3143 3144/3144/3144
f 3145/3145/3145 3144/3144/3144 3146/3146/3146
f 3147/3147/3147 3145/3145/3145 3146/3146/3146
f 3147/3147/3147 3146/3146/3146 3148/3148/3148
f 3149/3149/3149 3147/3147/3147 3148/3148/3148
f 3149/3149/3149 3148/3148/3148 3150/3150/3150
f 3151/3151/3151 3149/3149/3149 3150/3150/3150
f 3151/3151/3151 3150/3150/3150 3152/3152/3152
f 3153/3153/3153 3151/3151/3151 3152/3152/3152
f 3153/3153/3153 3152/3152/3152 3154/3154/3154
f 3155/3155/3155 3153/3153/3153 3154/3154/3154
f 3155/3155/3155 3154/3154/3154 3156/3156/3156
f 3157/3157/3157 3155/3155/3155 3156/3156/3156
f 3157/3157/3157 3156/3156/3156 3158/3158/3158
f 3159/3159/3159 3157/3157/3157 3158/3158/3158
f 3159/3159/3159 3158/3158/3158 3160/3160/3160
f 3161/3161/3161 3159/3159/3159 3160/3160/3160
f 3161/3161/3161 3160/3160/3160 3162/3162/3162
f 3163/3163/3163 3161/3161/3161 3162/3162/3162
f 3163/3163/3163 3162/3162/3162 3164/3164/3164
f 3165/3165/3165 3163/3163/3163 3164/3164/3164
f 3165/3165/3165 3164/3164/3164 3166/3166/3166
f 3167/3167/3167 3165/3165/3165 3166/3166/3166
f 3167/3167/3167 3166/3166/3166 3168/3168/3168
f 3169/3169/3169 3167/3167/3167 3168/3168/3168
f 3169/3169/3169 3168/3168/3168 3170/3170/3170
f 3171/3171/3171 3169/3169/3169 3170/3170/3170
f 3171/3171/3171 3170/3170/3170 3172/3172/3172
f 3138/3138/3138 3171/3171/3171 3172/3172/3172
f 3138/3138/3138 3172/3172/3172 3139/3139/3139
f 3173/3173/3173 3174/3174/3174 3175/3175/3175
f 3173/3173/3173 3175/3175/3175 3176/3176/3176
f 3177/3177/3177 3178/3178/3178 3179/3179/3179
f 3177/3177/3177 3179/3179/3179 3180/3180/3180
f 3181/3181/3181 3182/3182/3182 3183/3183/3183
f 3181/3181/3181 3183/3183/3183 3184/3184/3184
f 3185/3185/3185 3186/3186/3186 3187/3187/3187
f 3185/3185/3185 3187/3187/3187 3188/3188/3188
f 3188/3188/3188 3187/3187/3187 3189/3189/3189
f 3188/3188/3188 3189/3189/3189 3190/3190/3190
f 3191/3191/3191 3192/3192/3192 3193/3193/3193
f 3191/3191/3191 3193/3193/3193 3194/3194/3194
f 3195/3195/3195 3196/3196/3196 3197/3197/3197
f 3195/3195/3195 3197/3197/3197 3198/3198/3198
f 3199/3199/3199 3200/3200/3200 3201/3201/3201
f 3199/3199/3199 3201/3201/3201 3202/3202/3202
f 3203/3203/3203 3204/3204/3204 3205/3205/3205
f 3203/3203/3203 3205/3205/3205 3206/3206/3206
f 3207/3207/3207 3208/3208/3208 3209/3209/3209
f 3207/3207/3207 3209/3209/3209 3210/3210/3210
f 3211/3211/3211 3212/3212/3212 3213/3213/3213
f 3211/3211/3211 3213/3213/3213 3214/3214/3214
f 3215/3215/3215 3216/3216/3216 3217/3217/3217
f 3215/3215/3215 3217/3217/3217 3218/3218/3218
f 3219/3219/3219 3220/3220/3220 3221/3221/3221
f 3219/3219/3219 3221/3221/3221 3222/3222/3222
f 3223/3223/3223 3224/3224/3224 3225/3225/3225
f 3223/3223/3223 3225/3225/3225 3226/3226/3226
f 3226/3226/3226 3225/3225/3225 3227/3227/3227
f 3226/3226/3226 3227/3227/3227 3228/3228/3228
f 3228/3228/3228 3227/3227/3227 3229/3229/3229
f 3228/3228/3228 3229/3229/3229 3230/3230/3230
f 3231/3231/3231 3232/3232/3232 3233/3233/3233
f 3231/3231/3231 3233/3233/3233 3234/3234/3234
f 3235/3235/3235 3236/3236/3236 3237/3237/3237
f 3235/3235/3235 3237/3237/3237 3238/3238/3238
f 3243/3243/3243 3241/3241/3241 3242/3242/3242
f 3241/3241/3241 3243/3243/3243 3239/3239/3239
f 3241/3241/3241 3239/3239/3239 3240/3240/3240
f 3248/3248/3248 3246/3246/3246 3247/3247/3247
f 3246/3246/3246 3248/3248/3248 3245/3245/3245
f 3245/3245/3245 3248/3248/3248 3244/3244/3244
f 19/19/19 256/256/256 249/249/249
f 256/256/256 19/19/19 21/21/21
f 256/256/256 21/21/21 257/257/257
f 248/248/248 19/19/19 249/249/249
f 19/19/19 248/248/248 20/20/20
f 20/20/20 248/248/248 292/292/292
o pacman_pac_&_ghost_0
usemtl pac__ghost
v 7.1983398682320825 37.53893150346042 -1.5172333384543149
v 7.2684691399191586 37.52171621019909 -1.4989770438625887
v 7.3448343305286325 37.74431991188718 -1.7350414950186932
v 7.344834331672052 37.51567147333169 -1.4925667843737995
v 7.4211995607704075 37.52171621019909 -1.4989770438625887
v 7.4913288098104545 37.53893148792321 -1.5172333219775742
v 7.5532128587013005 37.56593887611248 -1.545873835238201
v 7.604842423385264 37.60135985115211 -1.5834367013034703
v 7.644208304731023 37.64381598265052 -1.6284601366928266
v 7.669301326254285 37.69192884410049 -1.6794823620449006
v 7.678112130294522 37.744319915771484 -1.7350414991378784
v 7.669301326254285 37.79671101463259 -1.7906006650651525
v 7.644208350025082 37.84482386442965 -1.8416228780596708
v 7.604842400738235 37.88728001146528 -1.886646329925768
v 7.553212813407242 37.92270097096769 -1.9242091795142966
v 7.491328775839911 37.94970831254533 -1.9528496433447011
v 7.421199498491077 37.966923621343874 -1.9711059544131682
v 7.344834313129718 37.972968358211276 -1.9775162139019575
v 7.268469077639828 37.966923621343874 -1.9711059544131682
v 7.198339822938024 37.94970834361976 -1.9528496762981826
vt 0.11647725105285645 0.5524787902832031
vt 0.1188025176525116 0.553239107131958
vt 0.12133324146270752 0.5434015393257141
vt 0.12133452296257019 0.5535059571266174
vt 0.12386652827262878 0.5532384514808655
vt 0.126191645860672 0.552477240562439
vt 0.12824343144893646 0.5512834787368774
vt 0.12995484471321106 0.5497177839279175
vt 0.131259948015213 0.5478413701057434
vt 0.13209165632724762 0.5457150936126709
vt 0.1323835700750351 0.5433998703956604
vt 0.13209103047847748 0.5410847067832947
vt 0.13125883042812347 0.5389585494995117
vt 0.1299532651901245 0.5370825529098511
vt 0.12824119627475739 0.5355175137519836
vt 0.12618926167488098 0.5343242883682251
vt 0.1238638162612915 0.5335639119148254
vt 0.1213318258523941 0.5332971811294556
vt 0.11879996955394745 0.5335646867752075
vt 0.11647486686706543 0.534325897693634
vn 0 0.7275453351479461 0.6860596076905144
vn 0 0.7275453351479461 0.6860596076905144
vn 0 0.7275453351479461 0.6860596076905144
vn 0 0.7275453351479461 0.6860596076905144
vn 0 0.7275453351479461 0.6860596076905144
vn 0 0.7275453351479461 0.6860596076905144
vn 0 0.7275453351479461 0.6860596076905144
vn 0 0.7275453351479461 0.6860596076905144
vn 0 0.7275453351479461 0.6860596076905144
vn 0 0.7275453351479461 0.6860596076905144
vn 0 0.7275453351479461 0.6860596076905144
vn 0 0.7275453351479461 0.6860596076905144
vn 0 0.7275453351479461 0.6860596076905144
vn 0 0.7275453351479461 0.6860596076905144
vn 0 0.7275453351479461 0.6860596076905144
vn 0 0.7275453351479461 0.6860596076905144
vn 0 0.7275453351479461 0.6860596076905144
vn 0 0.7275453351479461 0.6860596076905144
vn 0 0.7275453351479461 0.6860596076905144
vn 0 0.7275453351479461 0.6860596076905144
f 3249/3249/3249 3250/3250/3250 3251/3251/3251
f 3250/3250/3250 3252/3252/3252 3251/3251/3251
f 3252/3252/3252 3253/3253/3253 3251/3251/3251
f 3253/3253/3253 3254/3254/3254 3251/3251/3251
f 3254/3254/3254 3255/3255/3255 3251/3251/3251
f 3255/3255/3255 3256/3256/3256 3251/3251/3251
f 3256/3256/3256 3257/3257/3257 3251/3251/3251
f 3257/3257/3257 3258/3258/3258 3251/3251/3251
f 3258/3258/3258 3259/3259/3259 3251/3251/3251
f 3259/3259/3259 3260/3260/3260 3251/3251/3251
f 3260/3260/3260 3261/3261/3261 3251/3251/3251
f 3261/3261/3261 3262/3262/3262 3251/3251/3251
f 3262/3262/3262 3263/3263/3263 3251/3251/3251
f 3263/3263/3263 3264/3264/3264 3251/3251/3251
f 3264/3264/3264 3265/3265/3265 3251/3251/3251
f 3265/3265/3265 3266/3266/3266 3251/3251/3251
f 3266/3266/3266 3267/3267/3267 3251/3251/3251
f 3267/3267/3267 3268/3268/3268 3251/3251/3251
o mouth_top_pac_&_ghost_0
usemtl pac__ghost
v 7.020367306494194 37.79671095718575 -1.7906006008272297
v 7.0115565251009855 37.74431989634998 -1.7350414785419581
v 7.3448343305286325 37.74431991188718 -1.7350414950186943
v 7.198339822938024 37.949708301142536 -1.9528496182476143
v 7.136455796694207 37.922700918538766 -1.924209112620301
v 7.084826209363214 37.8872799508247 -1.8866462565663442
v 7.045460328017455 37.844823804800996 -1.8416228084615982
vt 0.11057469248771667 0.5410881042480469
vt 0.11028292775154114 0.5434032678604126
vt 0.12133324146270752 0.5434015393257141
vt 0.11647486686706543 0.534325897693634
vt 0.11442306637763977 0.5355196595191956
vt 0.11271132528781891 0.5370851755142212
vt 0.11140640079975128 0.5389617085456848
vn 0 0.7275453147017715 0.6860596293730601
vn 0 0.7275453147017715 0.6860596293730601
vn 0 0.7275453147017715 0.6860596293730601
vn 0 0.7275453147017715 0.6860596293730601
vn 0 0.7275453147017715 0.6860596293730601
vn 0 0.7275453147017715 0.6860596293730601
vn 0 0.7275453147017715 0.6860596293730601
f 3269/3269/3269 3270/3270/3270 3271/3271/3271
f 3272/3272/3272 3273/3273/3273 3271/3271/3271
f 3273/3273/3273 3274/3274/3274 3271/3271/3271
f 3274/3274/3274 3275/3275/3275 3271/3271/3271
f 3275/3275/3275 3269/3269/3269 3271/3271/3271
o mouth_bott_pac_&_ghost_0
usemtl pac__ghost
v 7.0115565251009855 37.74431989634998 -1.7350414785419581
v 7.020367374435281 37.69192880832408 -1.679482327422398
v 7.3448343305286325 37.74431991188718 -1.7350414950186943
v 7.045460328017455 37.64381596459314 -1.6284601239072136
v 7.084826254657273 37.601359834106646 -1.5834366922792038
v 7.1364558419882655 37.56593888192979 -1.5458738527019835
v 7.1983398682320825 37.53893154593764 -1.517233396504879
vt 0.11028292775154114 0.5434032678604126
vt 0.11057531833648682 0.5457186102867126
vt 0.12133324146270752 0.5434015393257141
vt 0.11140766739845276 0.5478445291519165
vt 0.11271308362483978 0.5497205853462219
vt 0.11442512273788452 0.5512855648994446
vt 0.11647725105285645 0.5524787902832031
vn 0 0.7275453147017715 0.6860596293730601
vn 0 0.7275453147017715 0.6860596293730601
vn 0 0.7275453147017715 0.6860596293730601
vn 0 0.7275453147017715 0.6860596293730601
vn 0 0.7275453147017715 0.6860596293730601
vn 0 0.7275453147017715 0.6860596293730601
vn 0 0.7275453147017715 0.6860596293730601
f 3276/3276/3276 3277/3277/3277 3278/3278/3278
f 3277/3277/3277 3279/3279/3279 3278/3278/3278
f 3279/3279/3279 3280/3280/3280 3278/3278/3278
f 3280/3280/3280 3281/3281/3281 3278/3278/3278
f 3281/3281/3281 3282/3282/3282 3278/3278/3278
o ghost1_pac_&_ghost_0
usemtl pac__ghost
v -1.1325904928011994 37.77703904397056 -1.7462671598795612
v -1.1325904928011994 37.51834851612991 -1.471933727816723
v -1.1063545436582842 37.48088922975959 -1.4322092946170448
v -1.1063545436582842 37.816088874753326 -1.7876783170236974
v -1.080587297430469 37.85444110024573 -1.8283496849875833
v -1.080587297430469 37.46695696497236 -1.4174345518099027
v -1.0534134442227128 37.460638322591166 -1.4107338238594855
v -1.0534134442227128 37.873879053860456 -1.848963043242008
v -1.0285840794127097 37.89163996740245 -1.8677979515365528
v -1.0285840794127097 37.46036679427084 -1.4104458763391832
v -1.0093613943130606 37.46281014518626 -1.4130369756266457
v -0.9998746670410839 37.90013597916349 -1.8768077134505567
v -0.9933996775864387 37.47401073501136 -1.424914860269337
v -0.92457766602422 37.55490790270709 -1.5107038446723646
v -0.92457766602422 37.91307541609143 -1.8905295925275938
v -0.9765808613949503 37.907029358561 -1.8841179325158457
v -0.8725744536682178 37.47914087388288 -1.4303552164173965
v -0.8725744536682178 37.92012918613044 -1.898009900987028
v -0.846501342326583 37.457698899564775 -1.4076166551952656
v -0.846501342326583 37.92012918613044 -1.898009900987028
v -0.8205712413122157 37.92012918613044 -1.898009900987028
v -0.8205712413122157 37.454150371208684 -1.4038535488657669
v -0.7911147827138336 37.458951027958385 -1.4089444992507496
v -0.7911147827138336 37.91994003610917 -1.8978093131458653
v -0.7685680346179709 37.47914087388288 -1.4303552164173965
v -0.7165648392472406 37.55490790270709 -1.5107038446723646
v -0.7165648392472406 37.91476502576883 -1.8923213721706924
v -0.7685680346179709 37.91979529144036 -1.8976558158295953
v -0.6477428729790802 37.47401073501136 -1.424914860269337
v -0.6645616438765103 37.906718614317086 -1.8837883977020415
v -0.6271475287961721 37.461271277541584 -1.4114050533217237
v -0.6366342334211197 37.89644600002757 -1.8728946028738145
v -0.6125584032117217 37.46036679427084 -1.4104458763391832
v -0.5835077001109426 37.461619901508826 -1.4117747584293308
v -0.5835077001109426 37.86907199577933 -1.8438653044398612
v -0.6125584032117217 37.88759013089487 -1.8635032231686843
v -0.5605552078409914 37.46695696497236 -1.4174345518099027
v -0.5327113196290725 37.482941446895204 -1.4343856084343718
v -0.5327113196290725 37.812997963908025 -1.7844005001377479
v -0.5605552078409914 37.85444110024573 -1.8283496849875833
v -0.5085520577643194 37.51834851612991 -1.471933727816723
v -0.5085520577643194 37.77703904397056 -1.7462671598795612
vt 0.09393030405044556 0.5031427145004272
vt 0.0939318984746933 0.5145748257637024
vt 0.09480206668376923 0.5162301063537598
vt 0.09480001032352448 0.5014169812202454
vt 0.09565412998199463 0.4997219443321228
vt 0.09565635025501251 0.5168455839157104
vt 0.09655734896659851 0.5171247124671936
vt 0.0965549647808075 0.4988628625869751
vt 0.09737810492515564 0.4980778694152832
vt 0.09738065302371979 0.5171365737915039
vt 0.09801802039146423 0.5170284509658813
vt 0.09833011031150818 0.4977022409439087
vt 0.09854717552661896 0.516533374786377
vt 0.10082873702049255 0.5129579901695251
vt 0.10082651674747467 0.49713003635406494
vt 0.09910222887992859 0.49739736318588257
vt 0.1025533378124237 0.5163061022758484
vt 0.10255065560340881 0.49681806564331055
vt 0.10341794788837433 0.5172535181045532
vt 0.10341526567935944 0.49681782722473145
vt 0.1042749434709549 0.4968177080154419
vt 0.10427762567996979 0.517410159111023
vt 0.10525427758693695 0.517197847366333
vt 0.10525156557559967 0.49682581424713135
vt 0.10600176453590393 0.5163055658340454
vt 0.107725590467453 0.5129570960998535
vt 0.10772350430488586 0.4970543384552002
vt 0.10599921643733978 0.4968321919441223
vt 0.11000794172286987 0.5165315866470337
vt 0.10944779217243195 0.4974096417427063
vt 0.11069077253341675 0.5170945525169373
vt 0.11037375032901764 0.49786341190338135
vt 0.11117464303970337 0.5171343684196472
vt 0.11213777959346771 0.5170787572860718
vt 0.1121353954076767 0.4990728497505188
vt 0.11117209494113922 0.49825453758239746
vt 0.11289876699447632 0.5168429017066956
vt 0.1138218492269516 0.5161363482475281
vt 0.11381992697715759 0.5015506148338318
vt 0.11289654672145844 0.4997193217277527
vt 0.11462272703647614 0.514571487903595
vt 0.11462129652500153 0.5031395554542542
vn 0 0.7275453351479461 0.6860596076905144
vn 0 0.7275453351479461 0.6860596076905144
vn 0 0.7275453351479461 0.6860596076905144
vn 0 0.7275453351479461 0.6860596076905144
vn 0 0.7275453351479461 0.6860596076905144
vn 0 0.7275453351479461 0.6860596076905144
vn 0 0.7275453351479461 0.6860596076905144
vn 0 0.7275453351479461 0.6860596076905144
vn 0 0.7275453351479461 0.6860596076905144
vn 0 0.7275453351479461 0.6860596076905144
vn 0 0.7275453351479461 0.6860596076905144
vn 0 0.7275453351479461 0.6860596076905144
vn 0 0.7275453351479461 0.6860596076905144
vn 0 0.7275453351479461 0.6860596076905144
vn 0 0.7275453351479461 0.6860596076905144
vn 0 0.7275453351479461 0.6860596076905144
vn 0 0.7275453351479461 0.6860596076905144
vn 0 0.7275453351479461 0.6860596076905144
vn 0 0.7275453351479461 0.6860596076905144
vn 0 0.7275453351479461 0.6860596076905144
vn 0 0.7275453351479461 0.6860596076905144
vn 0 0.7275453351479461 0.6860596076905144
vn 0 0.7275453351479461 0.6860596076905144
vn 0 0.7275453351479461 0.6860596076905144
vn 0 0.7275453351479461 0.6860596076905144
vn 0 0.7275453351479461 0.6860596076905144
vn 0 0.7275453351479461 0.6860596076905144
vn 0 0.7275453351479461 0.6860596076905144
vn 0 0.7275453351479461 0.6860596076905144
vn 0 0.7275453351479461 0.6860596076905144
vn 0 0.7275453351479461 0.6860596076905144
vn 0 0.7275453351479461 0.6860596076905144
vn 0 0.7275453351479461 0.6860596076905144
vn 0 0.7275453351479461 0.6860596076905144
vn 0 0.7275453351479461 0.6860596076905144
vn 0 0.7275453351479461 0.6860596076905144
vn 0 0.7275453351479461 0.6860596076905144
vn 0 0.7275453351479461 0.6860596076905144
vn 0 0.7275453351479461 0.6860596076905144
vn 0 0.7275453351479461 0.6860596076905144
vn 0 0.7275453351479461 0.6860596076905144
vn 0 0.7275453351479461 0.6860596076905144
f 3283/3283/3283 3284/3284/3284 3285/3285/3285
f 3283/3283/3283 3285/3285/3285 3286/3286/3286
f 3287/3287/3287 3288/3288/3288 3289/3289/3289
f 3287/3287/3287 3289/3289/3289 3290/3290/3290
f 3291/3291/3291 3292/3292/3292 3293/3293/3293
f 3291/3291/3291 3293/3293/3293 3294/3294/3294
f 3295/3295/3295 3296/3296/3296 3297/3297/3297
f 3295/3295/3295 3297/3297/3297 3298/3298/3298
f 3296/3296/3296 3299/3299/3299 3300/3300/3300
f 3296/3296/3296 3300/3300/3300 3297/3297/3297
f 3299/3299/3299 3301/3301/3301 3302/3302/3302
f 3299/3299/3299 3302/3302/3302 3300/3300/3300
f 3303/3303/3303 3304/3304/3304 3305/3305/3305
f 3303/3303/3303 3305/3305/3305 3306/3306/3306
f 3307/3307/3307 3308/3308/3308 3309/3309/3309
f 3307/3307/3307 3309/3309/3309 3310/3310/3310
f 3308/3308/3308 3311/3311/3311 3312/3312/3312
f 3308/3308/3308 3312/3312/3312 3309/3309/3309
f 3311/3311/3311 3313/3313/3313 3314/3314/3314
f 3311/3311/3311 3314/3314/3314 3312/3312/3312
f 3315/3315/3315 3316/3316/3316 3317/3317/3317
f 3315/3315/3315 3317/3317/3317 3318/3318/3318
f 3319/3319/3319 3320/3320/3320 3321/3321/3321
f 3319/3319/3319 3321/3321/3321 3322/3322/3322
f 3288/3288/3288 3287/3287/3287 3286/3286/3286
f 3288/3288/3288 3286/3286/3286 3285/3285/3285
f 3320/3320/3320 3323/3323/3323 3324/3324/3324
f 3320/3320/3320 3324/3324/3324 3321/3321/3321
f 3307/3307/3307 3310/3310/3310 3306/3306/3306
f 3307/3307/3307 3306/3306/3306 3305/3305/3305
f 3301/3301/3301 3304/3304/3304 3303/3303/3303
f 3301/3301/3301 3303/3303/3303 3302/3302/3302
f 3292/3292/3292 3291/3291/3291 3290/3290/3290
f 3292/3292/3292 3290/3290/3290 3289/3289/3289
f 3295/3295/3295 3298/3298/3298 3294/3294/3294
f 3295/3295/3295 3294/3294/3294 3293/3293/3293
f 3313/3313/3313 3315/3315/3315 3318/3318/3318
f 3313/3313/3313 3318/3318/3318 3314/3314/3314
f 3316/3316/3316 3319/3319/3319 3322/3322/3322
f 3316/3316/3316 3322/3322/3322 3317/3317/3317
o scheibe_scheibe_0
usemtl scheibe
v 7.744738578796387 44.99979502516251 -9.02515278942927
v -7.344390392303467 44.99979121046486 -9.025151835754315
v -7.344390392303467 31.716275388182506 5.061392063823101
v 7.744738578796387 31.716275388182442 5.061391586985879
vt 0.7388681769371033 0.04374814033508301
vt 0.5583862662315369 0.04377669095993042
vt 0.5584145188331604 0.25553929805755615
vt 0.7388964295387268 0.25551074743270874
vn -7.181432231182557e-8 0.7275399885785933 0.6860652775203356
vn -7.181432941725388e-8 0.7275399885785933 0.6860652775203356
vn -7.181432231182557e-8 0.7275399885785933 0.6860652775203356
vn -7.181432648057333e-8 0.7275399588275399 0.6860653090699285
f 3325/3325/3325 3326/3326/3326 3327/3327/3327
f 3325/3325/3325 3327/3327/3327 3328/3328/3328
o ghost2_pac_&_ghost_0
usemtl pac__ghost
v 6.541308204098215 42.05238389260337 -6.280137260854598
v 6.541308204098215 41.793693364762724 -6.00580382879176
v 6.56754415324113 41.7562340783924 -5.9660793955920814
v 6.56754415324113 42.09143372338614 -6.321548417998734
v 6.593311399468945 42.12978594887854 -6.36221978596262
v 6.593311399468945 41.742301813605174 -5.951304652784939
v 6.620485252676701 41.73598317122398 -5.944603924834522
v 6.620485252676701 42.14922390249327 -6.382833144217045
v 6.645314617486704 42.16698481603526 -6.40166805251159
v 6.645314617486704 41.73571164290365 -5.94431597731422
v 6.6645373025863535 41.73815499381907 -5.946907076601683
v 6.67402402985833 42.1754808277963 -6.410677814425593
v 6.680499019312975 41.749355583644174 -5.9587849612443735
v 6.749321030875194 41.830252751339906 -6.044573945647401
v 6.749321030875194 42.18842026472424 -6.424399693502631
v 6.697317835504464 42.18237420719381 -6.417988033490882
v 6.801324243231196 41.754485722515696 -5.964225317392433
v 6.801324243231196 42.19547403476325 -6.431880001962065
v 6.827397354572831 41.73304374819759 -5.941486756170302
v 6.827397354572831 42.19547403476325 -6.431880001962065
v 6.853327455587198 42.19547403476325 -6.431880001962065
v 6.853327455587198 41.729495219841496 -5.9377236498408035
v 6.88278391418558 41.7342958765912 -5.942814600225787
v 6.88278391418558 42.19528488474198 -6.431679414120902
v 6.905330662281443 41.754485722515696 -5.964225317392433
v 6.9573338576521735 41.830252751339906 -6.044573945647401
v 6.9573338576521735 42.19010987440164 -6.426191473145729
v 6.905330662281443 42.19514014007317 -6.431525916804632
v 7.026155823920334 41.749355583644174 -5.9587849612443735
v 7.009337053022904 42.1820634629499 -6.417658498677078
v 7.046751168103242 41.7366161261744 -5.94527515429676
v 7.037264463478294 42.17179084866038 -6.406764703848851
v 7.061340293687692 41.73571164290365 -5.94431597731422
v 7.0903909967884715 41.73696475014164 -5.945644859404368
v 7.0903909967884715 42.14441684441214 -6.377735405414898
v 7.061340293687692 42.162934979527684 -6.397373324143721
v 7.113343489058423 41.742301813605174 -5.951304652784939
v 7.141187377270342 41.758286295528016 -5.968255709409409
v 7.141187377270342 42.08834281254084 -6.3182706011127845
v 7.113343489058423 42.12978594887854 -6.36221978596262
v 7.165346639135095 41.793693364762724 -6.00580382879176
v 7.165346639135095 42.05238389260337 -6.280137260854598
vt 0.130914106965065 0.5048627257347107
vt 0.13091550767421722 0.5162948369979858
vt 0.13178570568561554 0.5179499983787537
vt 0.13178376853466034 0.5031369924545288
vt 0.1326379030942917 0.501442015171051
vt 0.13264013826847076 0.5185655355453491
vt 0.13354112207889557 0.5188446640968323
vt 0.13353876769542694 0.5005829334259033
vt 0.1343618780374527 0.4997977018356323
vt 0.13436441123485565 0.5188564658164978
vt 0.1350017935037613 0.51874840259552
vt 0.1353137344121933 0.49942225217819214
vt 0.13553093373775482 0.5182533264160156
vt 0.13781236112117767 0.5146780014038086
vt 0.13781027495861053 0.4988500475883484
vt 0.13608600199222565 0.49911749362945557
vt 0.13953696191310883 0.5180260539054871
vt 0.13953439891338348 0.498538076877594
vt 0.14040173590183258 0.5189734697341919
vt 0.14039884507656097 0.4985378384590149
vt 0.14125870168209076 0.49853771924972534
vt 0.14126141369342804 0.5191301107406616
vt 0.1422380656003952 0.5189177393913269
vt 0.1422351747751236 0.4985458254814148
vt 0.142985537648201 0.5180255174636841
vt 0.14470933377742767 0.5146768093109131
vt 0.14470712840557098 0.49877434968948364
vt 0.14298300445079803 0.49855220317840576
vt 0.146991565823555 0.5182515382766724
vt 0.1464315801858902 0.4991295337677002
vt 0.14767451584339142 0.5188143253326416
vt 0.1473575085401535 0.49958336353302
vt 0.1481582373380661 0.5188543200492859
vt 0.1491215080022812 0.5187987089157104
vt 0.14911915361881256 0.5007928609848022
vt 0.14815570414066315 0.4999745488166809
vt 0.14988236129283905 0.5185627341270447
vt 0.15080560743808746 0.5178562998771667
vt 0.15080370008945465 0.5032705068588257
vt 0.1498803049325943 0.5014391541481018
vt 0.151606485247612 0.5162914991378784
vt 0.15160490572452545 0.504859447479248
vn 0 0.7275453351479461 0.6860596076905144
vn 0 0.7275453351479461 0.6860596076905144
vn 0 0.7275453351479461 0.6860596076905144
vn 0 0.7275453351479461 0.6860596076905144
vn 0 0.7275453351479461 0.6860596076905144
vn 0 0.7275453351479461 0.6860596076905144
vn 0 0.7275453351479461 0.6860596076905144
vn 0 0.7275453351479461 0.6860596076905144
vn 0 0.7275453351479461 0.6860596076905144
vn 0 0.7275453351479461 0.6860596076905144
vn 0 0.7275453351479461 0.6860596076905144
vn 0 0.7275453351479461 0.6860596076905144
vn 0 0.7275453351479461 0.6860596076905144
vn 0 0.7275453351479461 0.6860596076905144
vn 0 0.7275453351479461 0.6860596076905144
vn 0 0.7275453351479461 0.6860596076905144
vn 0 0.7275453351479461 0.6860596076905144
vn 0 0.7275453351479461 0.6860596076905144
vn 0 0.7275453351479461 0.6860596076905144
vn 0 0.7275453351479461 0.6860596076905144
vn 0 0.7275453351479461 0.6860596076905144
vn 0 0.7275453351479461 0.6860596076905144
vn 0 0.7275453351479461 0.6860596076905144
vn 0 0.7275453351479461 0.6860596076905144
vn 0 0.7275453351479461 0.6860596076905144
vn 0 0.7275453351479461 0.6860596076905144
vn 0 0.7275453351479461 0.6860596076905144
vn 0 0.7275453351479461 0.6860596076905144
vn 0 0.7275453351479461 0.6860596076905144
vn 0 0.7275453351479461 0.6860596076905144
vn 0 0.7275453351479461 0.6860596076905144
vn 0 0.7275453351479461 0.6860596076905144
vn 0 0.7275453351479461 0.6860596076905144
vn 0 0.7275453351479461 0.6860596076905144
vn 0 0.7275453351479461 0.6860596076905144
vn 0 0.7275453351479461 0.6860596076905144
vn 0 0.7275453351479461 0.6860596076905144
vn 0 0.7275453351479461 0.6860596076905144
vn 0 0.7275453351479461 0.6860596076905144
vn 0 0.7275453351479461 0.6860596076905144
vn 0 0.7275453351479461 0.6860596076905144
vn 0 0.7275453351479461 0.6860596076905144
f 3329/3329/3329 3330/3330/3330 3331/3331/3331
f 3329/3329/3329 3331/3331/3331 3332/3332/3332
f 3333/3333/3333 3334/3334/3334 3335/3335/3335
f 3333/3333/3333 3335/3335/3335 3336/3336/3336
f 3337/3337/3337 3338/3338/3338 3339/3339/3339
f 3337/3337/3337 3339/3339/3339 3340/3340/3340
f 3341/3341/3341 3342/3342/3342 3343/3343/3343
f 3341/3341/3341 3343/3343/3343 3344/3344/3344
f 3342/3342/3342 3345/3345/3345 3346/3346/3346
f 3342/3342/3342 3346/3346/3346 3343/3343/3343
f 3345/3345/3345 3347/3347/3347 3348/3348/3348
f 3345/3345/3345 3348/3348/3348 3346/3346/3346
f 3349/3349/3349 3350/3350/3350 3351/3351/3351
f 3349/3349/3349 3351/3351/3351 3352/3352/3352
f 3353/3353/3353 3354/3354/3354 3355/3355/3355
f 3353/3353/3353 3355/3355/3355 3356/3356/3356
f 3354/3354/3354 3357/3357/3357 3358/3358/3358
f 3354/3354/3354 3358/3358/3358 3355/3355/3355
f 3357/3357/3357 3359/3359/3359 3360/3360/3360
f 3357/3357/3357 3360/3360/3360 3358/3358/3358
f 3361/3361/3361 3362/3362/3362 3363/3363/3363
f 3361/3361/3361 3363/3363/3363 3364/3364/3364
f 3365/3365/3365 3366/3366/3366 3367/3367/3367
f 3365/3365/3365 3367/3367/3367 3368/3368/3368
f 3334/3334/3334 3333/3333/3333 3332/3332/3332
f 3334/3334/3334 3332/3332/3332 3331/3331/3331
f 3366/3366/3366 3369/3369/3369 3370/3370/3370
f 3366/3366/3366 3370/3370/3370 3367/3367/3367
f 3353/3353/3353 3356/3356/3356 3352/3352/3352
f 3353/3353/3353 3352/3352/3352 3351/3351/3351
f 3347/3347/3347 3350/3350/3350 3349/3349/3349
f 3347/3347/3347 3349/3349/3349 3348/3348/3348
f 3338/3338/3338 3337/3337/3337 3336/3336/3336
f 3338/3338/3338 3336/3336/3336 3335/3335/3335
f 3341/3341/3341 3344/3344/3344 3340/3340/3340
f 3341/3341/3341 3340/3340/3340 3339/3339/3339
f 3359/3359/3359 3361/3361/3361 3364/3364/3364
f 3359/3359/3359 3364/3364/3364 3360/3360/3360
f 3362/3362/3362 3365/3365/3365 3368/3368/3368
f 3362/3362/3362 3368/3368/3368 3363/3363/3363
o ghost3_pac_&_ghost_0
usemtl pac__ghost
v 0.7134402193264862 37.76804780251548 -1.7367304167154987
v 0.7134402193264862 37.509357274674834 -1.4623969846526605
v 0.7396761684694013 37.47189798830451 -1.4226725514529823
v 0.7396761684694013 37.80709763329825 -1.778141573859635
v 0.7654434146972164 37.84544985879065 -1.8188129418235208
v 0.7654434146972164 37.45796572351728 -1.4078978086458402
v 0.7926172679049728 37.45164708113609 -1.401197080695423
v 0.7926172679049728 37.86488781240538 -1.8394263000779456
v 0.8174466327149759 37.88264872594737 -1.8582612083724903
v 0.8174466327149759 37.45137555281576 -1.4009091331751207
v 0.836669317814625 37.45381890373118 -1.4035002324625832
v 0.8461560450866017 37.89114473770841 -1.8672709702864942
v 0.8526310345412469 37.465019493556284 -1.4153781171052744
v 0.9214530461034656 37.545916661252015 -1.5011671015083021
v 0.9214530461034656 37.90408417463635 -1.8809928493635313
v 0.8694498507327353 37.89803811710592 -1.8745811893517832
v 0.9734562584594677 37.470149632427805 -1.420818473253334
v 0.9734562584594677 37.91113794467536 -1.8884731578229654
v 0.9995293698011025 37.4487076581097 -1.398079912031203
v 0.9995293698011025 37.91113794467536 -1.8884731578229654
v 1.0254594708154698 37.91113794467536 -1.8884731578229654
v 1.0254594708154698 37.445159129753605 -1.3943168057017044
v 1.054915929413852 37.44995978650331 -1.399407756086687
v 1.054915929413852 37.91094879465409 -1.8882725699818028
v 1.0774626775097147 37.470149632427805 -1.420818473253334
v 1.129465872880445 37.545916661252015 -1.5011671015083021
v 1.129465872880445 37.90577378431375 -1.88278462900663
v 1.0774626775097147 37.91080404998528 -1.8881190726655328
v 1.1982878391486054 37.465019493556284 -1.4153781171052744
v 1.1814690682511753 37.89772737286201 -1.874251654537979
v 1.2188831833315135 37.452280036086506 -1.4018683101576612
v 1.2093964787065659 37.88745475857249 -1.863357859709752
v 1.2334723089159638 37.45137555281576 -1.4009091331751207
v 1.262523012016743 37.45262866005375 -1.4022380152652683
v 1.262523012016743 37.86008075432425 -1.8343285612757987
v 1.2334723089159638 37.87859888943979 -1.8539664800046218
v 1.285475504286694 37.45796572351728 -1.4078978086458402
v 1.313319392498613 37.473950205440126 -1.4248488652703093
v 1.313319392498613 37.80400672245295 -1.7748637569736854
v 1.285475504286694 37.84544985879065 -1.8188129418235208
v 1.337478654363366 37.509357274674834 -1.4623969846526605
v 1.337478654363366 37.76804780251548 -1.7367304167154987
vt 0.09510286152362823 0.4652143120765686
vt 0.09510429203510284 0.47664618492126465
vt 0.09597444534301758 0.478301465511322
vt 0.09597255289554596 0.46348845958709717
vt 0.09682667255401611 0.46179354190826416
vt 0.09682905673980713 0.4789170026779175
vt 0.09773005545139313 0.4791960120201111
vt 0.09772750735282898 0.46093422174453735
vt 0.09855063259601593 0.460149347782135
vt 0.09855318069458008 0.4792078733444214
vt 0.09919056296348572 0.4790998101234436
vt 0.09950247406959534 0.4597736597061157
vt 0.09971985220909119 0.47860491275787354
vt 0.1020011305809021 0.47502952814102173
vt 0.10199905931949615 0.45920151472091675
vt 0.10027475655078888 0.4594690203666687
vt 0.103725865483284 0.4783775210380554
vt 0.10372334718704224 0.4588894248008728
vt 0.10459047555923462 0.47932493686676025
vt 0.10458779335021973 0.45888930559158325
vt 0.10544747114181519 0.4588891863822937
vt 0.1054503321647644 0.4794815182685852
vt 0.10642696917057037 0.47926926612854004
vt 0.10642409324645996 0.45889753103256226
vt 0.10717429220676422 0.47837698459625244
vt 0.1088981181383133 0.47502845525741577
vt 0.10889606177806854 0.4591257572174072
vt 0.10717177391052246 0.4589036703109741
vt 0.11118046939373016 0.47860294580459595
vt 0.11062036454677582 0.45948106050491333
vt 0.11186343431472778 0.4791659116744995
vt 0.11154629290103912 0.45993489027023315
vt 0.11234717071056366 0.4792056679725647
vt 0.11331047117710114 0.4791502356529236
vt 0.1133078932762146 0.4611443281173706
vt 0.11234462261199951 0.4603261351585388
vt 0.11407129466533661 0.4789142608642578
vt 0.11499454081058502 0.4782077670097351
vt 0.11499263346195221 0.46362197399139404
vt 0.11406905949115753 0.4617908000946045
vt 0.11579526960849762 0.47664278745651245
vt 0.11579383909702301 0.46521103382110596
vn 0 0.7275453351479461 0.6860596076905144
vn 0 0.7275453351479461 0.6860596076905144
vn 0 0.7275453351479461 0.6860596076905144
vn 0 0.7275453351479461 0.6860596076905144
vn 0 0.7275453351479461 0.6860596076905144
vn 0 0.7275453351479461 0.6860596076905144
vn 0 0.7275453351479461 0.6860596076905144
vn 0 0.7275453351479461 0.6860596076905144
vn 0 0.7275453351479461 0.6860596076905144
vn 0 0.7275453351479461 0.6860596076905144
vn 0 0.7275453351479461 0.6860596076905144
vn 0 0.7275453351479461 0.6860596076905144
vn 0 0.7275453351479461 0.6860596076905144
vn 0 0.7275453351479461 0.6860596076905144
vn 0 0.7275453351479461 0.6860596076905144
vn 0 0.7275453351479461 0.6860596076905144
vn 0 0.7275453351479461 0.6860596076905144
vn 0 0.7275453351479461 0.6860596076905144
vn 0 0.7275453351479461 0.6860596076905144
vn 0 0.7275453351479461 0.6860596076905144
vn 0 0.7275453351479461 0.6860596076905144
vn 0 0.7275453351479461 0.6860596076905144
vn 0 0.7275453351479461 0.6860596076905144
vn 0 0.7275453351479461 0.6860596076905144
vn 0 0.7275453351479461 0.6860596076905144
vn 0 0.7275453351479461 0.6860596076905144
vn 0 0.7275453351479461 0.6860596076905144
vn 0 0.7275453351479461 0.6860596076905144
vn 0 0.7275453351479461 0.6860596076905144
vn 0 0.7275453351479461 0.6860596076905144
vn 0 0.7275453351479461 0.6860596076905144
vn 0 0.7275453351479461 0.6860596076905144
vn 0 0.7275453351479461 0.6860596076905144
vn 0 0.7275453351479461 0.6860596076905144
vn 0 0.7275453351479461 0.6860596076905144
vn 0 0.7275453351479461 0.6860596076905144
vn 0 0.7275453351479461 0.6860596076905144
vn 0 0.7275453351479461 0.6860596076905144
vn 0 0.7275453351479461 0.6860596076905144
vn 0 0.7275453351479461 0.6860596076905144
vn 0 0.7275453351479461 0.6860596076905144
vn 0 0.7275453351479461 0.6860596076905144
f 3371/3371/3371 3372/3372/3372 3373/3373/3373
f 3371/3371/3371 3373/3373/3373 3374/3374/3374
f 3375/3375/3375 3376/3376/3376 3377/3377/3377
f 3375/3375/3375 3377/3377/3377 3378/3378/3378
f 3379/3379/3379 3380/3380/3380 3381/3381/3381
f 3379/3379/3379 3381/3381/3381 3382/3382/3382
f 3383/3383/3383 3384/3384/3384 3385/3385/3385
f 3383/3383/3383 3385/3385/3385 3386/3386/3386
f 3384/3384/3384 3387/3387/3387 3388/3388/3388
f 3384/3384/3384 3388/3388/3388 3385/3385/3385
f 3387/3387/3387 3389/3389/3389 3390/3390/3390
f 3387/3387/3387 3390/3390/3390 3388/3388/3388
f 3391/3391/3391 3392/3392/3392 3393/3393/3393
f 3391/3391/3391 3393/3393/3393 3394/3394/3394
f 3395/3395/3395 3396/3396/3396 3397/3397/3397
f 3395/3395/3395 3397/3397/3397 3398/3398/3398
f 3396/3396/3396 3399/3399/3399 3400/3400/3400
f 3396/3396/3396 3400/3400/3400 3397/3397/3397
f 3399/3399/3399 3401/3401/3401 3402/3402/3402
f 3399/3399/3399 3402/3402/3402 3400/3400/3400
f 3403/3403/3403 3404/3404/3404 3405/3405/3405
f 3403/3403/3403 3405/3405/3405 3406/3406/3406
f 3407/3407/3407 3408/3408/3408 3409/3409/3409
f 3407/3407/3407 3409/3409/3409 3410/3410/3410
f 3376/3376/3376 3375/3375/3375 3374/3374/3374
f 3376/3376/3376 3374/3374/3374 3373/3373/3373
f 3408/3408/3408 3411/3411/3411 3412/3412/3412
f 3408/3408/3408 3412/3412/3412 3409/3409/3409
f 3395/3395/3395 3398/3398/3398 3394/3394/3394
f 3395/3395/3395 3394/3394/3394 3393/3393/3393
f 3389/3389/3389 3392/3392/3392 3391/3391/3391
f 3389/3389/3389 3391/3391/3391 3390/3390/3390
f 3380/3380/3380 3379/3379/3379 3378/3378/3378
f 3380/3380/3380 3378/3378/3378 3377/3377/3377
f 3383/3383/3383 3386/3386/3386 3382/3382/3382
f 3383/3383/3383 3382/3382/3382 3381/3381/3381
f 3401/3401/3401 3403/3403/3403 3406/3406/3406
f 3401/3401/3401 3406/3406/3406 3402/3402/3402
f 3404/3404/3404 3407/3407/3407 3410/3410/3410
f 3404/3404/3404 3410/3410/3410 3405/3405/3405
o ghost4_pac_&_ghost_0
usemtl pac__ghost
v -4.087084015445242 37.809776775904155 -1.780980785787459
v -4.087084015445242 37.551086248063505 -1.506647353724621
v -4.060848066302327 37.513626961693184 -1.4669229205249428
v -4.060848066302327 37.84882660668692 -1.8223919429315953
v -4.035080820074512 37.88717883217932 -1.8630633108954813
v -4.035080820074512 37.499694696905955 -1.4521481777178007
v -4.007906966866756 37.49337605452476 -1.4454474497673835
v -4.007906966866756 37.90661678579405 -1.883676669149906
v -3.9830776020567527 37.92437769933604 -1.9025115774444508
v -3.9830776020567527 37.493104526204434 -1.4451595022470811
v -3.9638549169571036 37.495547877119854 -1.4477506015345436
v -3.954368189685127 37.93287371109708 -1.9115213393584547
v -3.9478932002304816 37.506748466944956 -1.4596284861772348
v -3.879071188668263 37.58764563464069 -1.5454174705802626
v -3.879071188668263 37.945813148025024 -1.9252432184354917
v -3.9310743840389932 37.93976709049459 -1.9188315584237436
v -3.827067976312261 37.51187860581648 -1.4650688423252944
v -3.827067976312261 37.95286691806403 -1.9327235268949259
v -3.800994864970626 37.49043663149837 -1.4423302811031635
v -3.800994864970626 37.95286691806403 -1.9327235268949259
v -3.7750647639562587 37.95286691806403 -1.9327235268949259
v -3.7750647639562587 37.48688810314228 -1.4385671747736648
v -3.7456083053578766 37.49168875989198 -1.4436581251586476
v -3.7456083053578766 37.95267776804276 -1.9325229390537633
v -3.723061557262014 37.51187860581648 -1.4650688423252944
v -3.6710583618912835 37.58764563464069 -1.5454174705802626
v -3.6710583618912835 37.94750275770242 -1.9270349980785904
v -3.723061557262014 37.95253302337395 -1.9323694417374933
v -3.602236395623123 37.506748466944956 -1.4596284861772348
v -3.6190551665205533 37.93945634625068 -1.9185020236099395
v -3.581641051440215 37.49400900947518 -1.4461186792296217
v -3.5911277560651627 37.92918373196116 -1.9076082287817124
v -3.5670519258557647 37.493104526204434 -1.4451595022470811
v -3.5380012227549855 37.49435763344242 -1.4464883843372287
v -3.5380012227549855 37.90180972771292 -1.8785789303477591
v -3.5670519258557647 37.920327862828465 -1.8982168490765823
v -3.5150487304850344 37.499694696905955 -1.4521481777178007
v -3.4872048422731154 37.5156791788288 -1.4690992343422697
v -3.4872048422731154 37.84573569584162 -1.8191141260456458
v -3.5150487304850344 37.88717883217932 -1.8630633108954813
v -3.4630455804083624 37.551086248063505 -1.506647353724621
v -3.4630455804083624 37.809776775904155 -1.780980785787459
vt 0.13177500665187836 0.4650191068649292
vt 0.13177643716335297 0.47645092010498047
vt 0.13264645636081696 0.47810614109039307
vt 0.13264454901218414 0.463293194770813
vt 0.13349880278110504 0.46159827709198
vt 0.1335010677576065 0.47872185707092285
vt 0.1344020515680313 0.479000985622406
vt 0.13439948856830597 0.4607389569282532
vt 0.1352226287126541 0.45995408296585083
vt 0.1352253407239914 0.479012668132782
vt 0.13586272299289703 0.47890472412109375
vt 0.13617448508739471 0.45957839488983154
vt 0.13639189302921295 0.47840964794158936
vt 0.1386731117963791 0.47483426332473755
vt 0.13867105543613434 0.459006130695343
vt 0.1369469314813614 0.4592737555503845
vt 0.14039789140224457 0.47818219661712646
vt 0.14039532840251923 0.45869433879852295
vt 0.14126251637935638 0.4791296124458313
vt 0.14125977456569672 0.45869410037994385
vt 0.14211945235729218 0.45869410037994385
vt 0.14212234318256378 0.47928643226623535
vt 0.14309896528720856 0.47907406091690063
vt 0.14309613406658173 0.4587022066116333
vt 0.1438463181257248 0.4781816601753235
vt 0.14557011425495148 0.4748331308364868
vt 0.14556802809238434 0.45893049240112305
vt 0.14384375512599945 0.45870834589004517
vt 0.14785246551036835 0.4784078598022461
vt 0.1472923308610916 0.45928579568862915
vt 0.14853547513484955 0.4789707064628601
vt 0.14821825921535492 0.459739625453949
vt 0.14901913702487946 0.47901058197021484
vt 0.14998243749141693 0.4789550304412842
vt 0.14997993409633636 0.4609490633010864
vt 0.1490166336297989 0.46013081073760986
vt 0.1507432609796524 0.4787191152572632
vt 0.15166650712490082 0.4780125617980957
vt 0.1516646295785904 0.4634268879890442
vt 0.1507410854101181 0.4615955352783203
vt 0.15246741473674774 0.4764477610588074
vt 0.1524658054113388 0.465015709400177
vn 0 0.7275453351479461 0.6860596076905144
vn 0 0.7275453351479461 0.6860596076905144
vn 0 0.7275453351479461 0.6860596076905144
vn 0 0.7275453351479461 0.6860596076905144
vn 0 0.7275453351479461 0.6860596076905144
vn 0 0.7275453351479461 0.6860596076905144
vn 0 0.7275453351479461 0.6860596076905144
vn 0 0.7275453351479461 0.6860596076905144
vn 0 0.7275453351479461 0.6860596076905144
vn 0 0.7275453351479461 0.6860596076905144
vn 0 0.7275453351479461 0.6860596076905144
vn 0 0.7275453351479461 0.6860596076905144
vn 0 0.7275453351479461 0.6860596076905144
vn 0 0.7275453351479461 0.6860596076905144
vn 0 0.7275453351479461 0.6860596076905144
vn 0 0.7275453351479461 0.6860596076905144
vn 0 0.7275453351479461 0.6860596076905144
vn 0 0.7275453351479461 0.6860596076905144
vn 0 0.7275453351479461 0.6860596076905144
vn 0 0.7275453351479461 0.6860596076905144
vn 0 0.7275453351479461 0.6860596076905144
vn 0 0.7275453351479461 0.6860596076905144
vn 0 0.7275453351479461 0.6860596076905144
vn 0 0.7275453351479461 0.6860596076905144
vn 0 0.7275453351479461 0.6860596076905144
vn 0 0.7275453351479461 0.6860596076905144
vn 0 0.7275453351479461 0.6860596076905144
vn 0 0.7275453351479461 0.6860596076905144
vn 0 0.7275453351479461 0.6860596076905144
vn 0 0.7275453351479461 0.6860596076905144
vn 0 0.7275453351479461 0.6860596076905144
vn 0 0.7275453351479461 0.6860596076905144
vn 0 0.7275453351479461 0.6860596076905144
vn 0 0.7275453351479461 0.6860596076905144
vn 0 0.7275453351479461 0.6860596076905144
vn 0 0.7275453351479461 0.6860596076905144
vn 0 0.7275453351479461 0.6860596076905144
vn 0 0.7275453351479461 0.6860596076905144
vn 0 0.7275453351479461 0.6860596076905144
vn 0 0.7275453351479461 0.6860596076905144
vn 0 0.7275453351479461 0.6860596076905144
vn 0 0.7275453351479461 0.6860596076905144
f 3413/3413/3413 3414/3414/3414 3415/3415/3415
f 3413/3413/3413 3415/3415/3415 3416/3416/3416
f 3417/3417/3417 3418/3418/3418 3419/3419/3419
f 3417/3417/3417 3419/3419/3419 3420/3420/3420
f 3421/3421/3421 3422/3422/3422 3423/3423/3423
f 3421/3421/3421 3423/3423/3423 3424/3424/3424
f 3425/3425/3425 3426/3426/3426 3427/3427/3427
f 3425/3425/3425 3427/3427/3427 3428/3428/3428
f 3426/3426/3426 3429/3429/3429 3430/3430/3430
f 3426/3426/3426 3430/3430/3430 3427/3427/3427
f 3429/3429/3429 3431/3431/3431 3432/3432/3432
f 3429/3429/3429 3432/3432/3432 3430/3430/3430
f 3433/3433/3433 3434/3434/3434 3435/3435/3435
f 3433/3433/3433 3435/3435/3435 3436/3436/3436
f 3437/3437/3437 3438/3438/3438 3439/3439/3439
f 3437/3437/3437 3439/3439/3439 3440/3440/3440
f 3438/3438/3438 3441/3441/3441 3442/3442/3442
f 3438/3438/3438 3442/3442/3442 3439/3439/3439
f 3441/3441/3441 3443/3443/3443 3444/3444/3444
f 3441/3441/3441 3444/3444/3444 3442/3442/3442
f 3445/3445/3445 3446/3446/3446 3447/3447/3447
f 3445/3445/3445 3447/3447/3447 3448/3448/3448
f 3449/3449/3449 3450/3450/3450 3451/3451/3451
f 3449/3449/3449 3451/3451/3451 3452/3452/3452
f 3418/3418/3418 3417/3417/3417 3416/3416/3416
f 3418/3418/3418 3416/3416/3416 3415/3415/3415
f 3450/3450/3450 3453/3453/3453 3454/3454/3454
f 3450/3450/3450 3454/3454/3454 3451/3451/3451
f 3437/3437/3437 3440/3440/3440 3436/3436/3436
f 3437/3437/3437 3436/3436/3436 3435/3435/3435
f 3431/3431/3431 3434/3434/3434 3433/3433/3433
f 3431/3431/3431 3433/3433/3433 3432/3432/3432
f 3422/3422/3422 3421/3421/3421 3420/3420/3420
f 3422/3422/3422 3420/3420/3420 3419/3419/3419
f 3425/3425/3425 3428/3428/3428 3424/3424/3424
f 3425/3425/3425 3424/3424/3424 3423/3423/3423
f 3443/3443/3443 3445/3445/3445 3448/3448/3448
f 3443/3443/3443 3448/3448/3448 3444/3444/3444
f 3446/3446/3446 3449/3449/3449 3452/3452/3452
f 3446/3446/3446 3452/3452/3452 3447/3447/3447
