mtllib ceiling_lamp.mtl
o defaultMaterial
usemtl 01___Default
v 0.003908189944922924 -0.316538007317605 0.028604186273523017
v -0.0151722002774477 -0.3165380069721364 0.020700785464950255
v -0.02307559922337532 -0.31653800613810035 0.0016202661379877445
v -0.02307559922337532 -0.31653800613810035 0.0016202661379877445
v -0.0151722002774477 -0.31653800530406606 -0.017460212909273416
v 0.003908189944922924 -0.31653800495859746 -0.02536361371784618
v 0.003908189944922924 -0.31653800495859746 -0.02536361371784618
v 0.02298860065639019 -0.31653800530406606 -0.017460212909273416
v 0.03089199960231781 -0.31653800613810035 0.0016202661379877445
v 0.003908189944922924 -0.31653800495859746 -0.02536361371784618
v 0.03089199960231781 -0.31653800613810035 0.0016202661379877445
v 0.02298860065639019 -0.3165380069721364 0.020700785464950255
v 0.024726800620555878 -0.2360569984429024 0.0016202696559245004
v 0.018629200756549835 -0.23605699779942788 -0.0131007107713034
v 0.018629200756549835 -0.1852290028567628 -0.013100708549541063
v 0.024726800620555878 -0.18522900350023733 0.001620271877686836
v 0.003908189944922924 -0.23605699753288892 -0.01919841121814749
v 0.003908189944922924 -0.18522900259022385 -0.01919840899638516
v -0.010812800377607346 -0.23605699779942788 -0.0131007107713034
v -0.010812800377607346 -0.1852290028567628 -0.013100708549541063
v -0.016910400241613388 -0.2360569984429024 0.0016202696559245004
v -0.016910400241613388 -0.18522900350023733 0.001620271877686836
v -0.010812800377607346 -0.2360569990863787 0.016341290362853752
v -0.010812800377607346 -0.18522900414371363 0.016341292584616085
v -0.010812800377607346 -0.2360569990863787 0.016341290362853752
v 0.003908189944922924 -0.23605699935291757 0.0224389889470527
v 0.003908189944922924 -0.1852290044102525 0.022438991168815033
v -0.010812800377607346 -0.18522900414371363 0.016341292584616085
v 0.018629200756549835 -0.2360569990863787 0.016341290362853752
v 0.018629200756549835 -0.18522900414371363 0.016341292584616085
v 0.011288399808108807 -0.169815003620157 -0.005759617286011983
v 0.014345199801027775 -0.16981500394274224 0.00162027255145419
v 0.003908189944922924 -0.16981500348653872 -0.008816447081253335
v -0.0034719801042228937 -0.169815003620157 -0.005759617286011983
v -0.006528810132294893 -0.16981500394274224 0.00162027255145419
v -0.0034719801042228937 -0.16981500426532795 0.009000172866299328
v 0.003908189944922924 -0.16981500439894578 0.01205699241699236
v -0.0034719801042228937 -0.16981500426532795 0.009000172866299328
v 0.011288399808108807 -0.16981500426532795 0.009000172866299328
v 0.018629200756549835 -0.23605699779942788 -0.0131007107713034
v 0.024726800620555878 -0.2360569984429024 0.0016202696559245004
v 0.03089199960231781 -0.24696800119806747 0.001620269178989398
v 0.02298860065639019 -0.2469680003640332 -0.01746020986827176
v 0.018629200756549835 -0.2360569990863787 0.016341290362853752
v 0.02298860065639019 -0.2469680020321035 0.02070078850595191
v 0.003908189944922924 -0.23605699935291757 0.0224389889470527
v 0.003908189944922924 -0.24696800237757216 0.028604189314524672
v -0.010812800377607346 -0.2360569990863787 0.016341290362853752
v -0.0151722002774477 -0.2469680020321035 0.02070078850595191
v -0.010812800377607346 -0.2360569990863787 0.016341290362853752
v -0.016910400241613388 -0.2360569984429024 0.0016202696559245004
v -0.02307559922337532 -0.24696800119806747 0.001620269178989398
v -0.0151722002774477 -0.2469680020321035 0.02070078850595191
v -0.010812800377607346 -0.23605699779942788 -0.0131007107713034
v -0.0151722002774477 -0.2469680003640332 -0.01746020986827176
v 0.003908189944922924 -0.23605699753288892 -0.01919841121814749
v 0.003908189944922924 -0.24696800001856456 -0.025363610676844523
v 0.03089199960231781 -0.31653800613810035 0.0016202661379877445
v 0.02298860065639019 -0.31653800530406606 -0.017460212909273416
v 0.02298860065639019 -0.3165380069721364 0.020700785464950255
v 0.003908189944922924 -0.316538007317605 0.028604186273523017
v -0.0151722002774477 -0.3165380069721364 0.020700785464950255
v -0.02307559922337532 -0.31653800613810035 0.0016202661379877445
v -0.0151722002774477 -0.3165380069721364 0.020700785464950255
v -0.0151722002774477 -0.31653800530406606 -0.017460212909273416
v 0.003908189944922924 -0.31653800495859746 -0.02536361371784618
v 0.014345199801027775 -0.16981500394274224 0.00162027255145419
v 0.011288399808108807 -0.169815003620157 -0.005759617286011983
v 0.011288399808108807 0.9841549995078935 -0.005759566844378543
v 0.014345199801027775 0.9841549991853084 0.0016203229930876301
v 0.011288399808108807 -0.169815003620157 -0.005759617286011983
v 0.003908189944922924 -0.16981500348653872 -0.008816447081253335
v 0.003908189944922924 0.9841549996415119 -0.008816396639619896
v 0.011288399808108807 0.9841549995078935 -0.005759566844378543
v 0.003908189944922924 -0.16981500348653872 -0.008816447081253335
v -0.0034719801042228937 -0.169815003620157 -0.005759617286011983
v -0.0034719801042228937 0.9841549995078935 -0.005759566844378543
v 0.003908189944922924 0.9841549996415119 -0.008816396639619896
v -0.0034719801042228937 -0.169815003620157 -0.005759617286011983
v -0.006528810132294893 -0.16981500394274224 0.00162027255145419
v -0.006528810132294893 0.9841549991853084 0.0016203229930876301
v -0.0034719801042228937 0.9841549995078935 -0.005759566844378543
v -0.006528810132294893 -0.16981500394274224 0.00162027255145419
v -0.0034719801042228937 -0.16981500426532795 0.009000172866299328
v -0.0034719801042228937 0.9841549988627226 0.009000223307932768
v -0.006528810132294893 0.9841549991853084 0.0016203229930876301
v -0.0034719801042228937 -0.16981500426532795 0.009000172866299328
v 0.003908189944922924 -0.16981500439894578 0.01205699241699236
v 0.003908189944922924 0.9841549987291004 0.012057143441463858
v -0.0034719801042228937 0.9841549988627226 0.009000223307932768
v 0.003908189944922924 -0.16981500439894578 0.01205699241699236
v 0.011288399808108807 -0.16981500426532795 0.009000172866299328
v 0.011288399808108807 0.9841549988627226 0.009000223307932768
v 0.003908189944922924 0.9841549987291004 0.012057143441463858
v 0.011288399808108807 -0.16981500426532795 0.009000172866299328
v 0.014345199801027775 -0.16981500394274224 0.00162027255145419
v 0.014345199801027775 0.9841549991853084 0.0016203229930876301
v 0.011288399808108807 0.9841549988627226 0.009000223307932768
v 0.014345199801027775 0.9841549991853084 0.0016203229930876301
v 0.011288399808108807 0.9841549995078935 -0.005759566844378543
v 0.03871440142393112 0.9841550007067262 -0.033185658798490565
v 0.0531310997903347 0.9841549991853084 0.0016203229930876301
v 0.011288399808108807 0.9841549995078935 -0.005759566844378543
v 0.003908189944922924 0.9841549996415119 -0.008816396639619896
v 0.003908189944922924 0.9841550013369176 -0.047602755770956066
v 0.003908189944922924 0.9841549996415119 -0.008816396639619896
v -0.0034719801042228937 0.9841549995078935 -0.005759566844378543
v -0.03089809976518154 0.9841550007067262 -0.033185658798490565
v -0.0034719801042228937 0.9841549995078935 -0.005759566844378543
v -0.006528810132294893 0.9841549991853084 0.0016203229930876301
v -0.04531479999423027 0.9841549991853084 0.0016203229930876301
v -0.03089809976518154 0.9841550007067262 -0.033185658798490565
v -0.0034719801042228937 0.9841549988627226 0.009000223307932768
v -0.03089809976518154 0.9841549976638889 0.036426341339076886
v 0.003908189944922924 0.9841549987291004 0.012057143441463858
v 0.003908189944922924 0.9841549970336974 0.050843442036832685
v 0.011288399808108807 0.9841549988627226 0.009000223307932768
v 0.03871440142393112 0.9841549976638889 0.036426341339076886
v 0.011288399808108807 0.9841549988627226 0.009000223307932768
v 0.0531310997903347 0.9841549991853084 0.0016203229930876301
v 0.03871440142393112 0.9841550007067262 -0.033185658798490565
v 0.03871440142393112 1.000000001450592 -0.03318565810588355
v 0.03871440142393112 1.000000001450592 -0.03318565810588355
v 0.0531310997903347 0.9999999999291743 0.0016203236856946453
v 0.0531310997903347 0.9841549991853084 0.0016203229930876301
v 0.03871440142393112 0.9841550007067262 -0.033185658798490565
v 0.003908189944922924 0.9841550013369176 -0.047602755770956066
v 0.003908189944922924 1.0000000020807835 -0.04760275507834905
v 0.03871440142393112 1.000000001450592 -0.03318565810588355
v 0.003908189944922924 0.9841550013369176 -0.047602755770956066
v -0.03089809976518154 0.9841550007067262 -0.033185658798490565
v -0.03089809976518154 1.000000001450592 -0.03318565810588355
v 0.003908189944922924 1.0000000020807835 -0.04760275507834905
v -0.03089809976518154 0.9841550007067262 -0.033185658798490565
v -0.04531479999423027 0.9841549991853084 0.0016203229930876301
v -0.04531479999423027 0.9999999999291743 0.0016203236856946453
v -0.03089809976518154 1.000000001450592 -0.03318565810588355
v -0.04531479999423027 0.9841549991853084 0.0016203229930876301
v -0.03089809976518154 0.9841549976638889 0.036426341339076886
v -0.03089809976518154 0.9999999984077549 0.0364263420316839
v -0.04531479999423027 0.9999999999291743 0.0016203236856946453
v -0.03089809976518154 0.9841549976638889 0.036426341339076886
v 0.003908189944922924 0.9841549970336974 0.050843442036832685
v 0.003908189944922924 0.9999999977775633 0.0508434427294397
v -0.03089809976518154 0.9999999984077549 0.0364263420316839
v 0.003908189944922924 0.9841549970336974 0.050843442036832685
v 0.03871440142393112 0.9841549976638889 0.036426341339076886
v 0.03871440142393112 0.9999999984077549 0.0364263420316839
v 0.003908189944922924 0.9999999977775633 0.0508434427294397
v 0.03871440142393112 0.9841549976638889 0.036426341339076886
v 0.0531310997903347 0.9841549991853084 0.0016203229930876301
v 0.0531310997903347 0.9999999999291743 0.0016203236856946453
v 0.03871440142393112 0.9999999984077549 0.0364263420316839
v 0.129611998796463 -0.4037479928768366 -0.2917260108048196
v 0.32045599818229675 -0.4035859989498925 -0.02869261702728202
v 0.3717010021209717 -0.4228230119485029 0.0016780515712764247
v 0.3717010021209717 -0.4228230119485029 0.0016780515712764247
v 0.11640799790620804 -0.4227779950777966 -0.34980701267996717
v 0.129611998796463 -0.4037479928768366 -0.2917260108048196
v 0.042927999049425125 -0.22722700117746117 -0.027563010030279035
v 0.129611998796463 -0.4037479928768366 -0.2917260108048196
v 0.11640799790620804 -0.4227779950777966 -0.34980701267996717
v 0.11640799790620804 -0.4227779950777966 -0.34980701267996717
v 0.0021395001094788313 -0.19738300151754842 0.0016202713464186823
v 0.042927999049425125 -0.22722700117746117 -0.027563010030279035
v 0.32045599818229675 -0.4035859989498925 -0.02869261702728202
v 0.042927999049425125 -0.22722700117746117 -0.027563010030279035
v 0.0021395001094788313 -0.19738300151754842 0.0016202713464186823
v 0.0021395001094788313 -0.19738300151754842 0.0016202713464186823
v 0.3717010021209717 -0.4228230119485029 0.0016780515712764247
v 0.32045599818229675 -0.4035859989498925 -0.02869261702728202
v -0.2374580055475235 -0.403747996437741 -0.21026201820914703
v 0.07167550176382065 -0.40358598663239886 -0.3104840097410669
v 0.11640799790620804 -0.4227779950777966 -0.34980701267996717
v 0.11640799790620804 -0.4227779950777966 -0.34980701267996717
v -0.2967509925365448 -0.4227069820088281 -0.2156250214573424
v -0.2374580055475235 -0.403747996437741 -0.21026201820914703
v -0.013011099770665169 -0.22722700036325785 -0.04618980983723149
v -0.2374580055475235 -0.403747996437741 -0.21026201820914703
v -0.2967509925365448 -0.4227069820088281 -0.2156250214573424
v -0.2967509925365448 -0.4227069820088281 -0.2156250214573424
v 0.0021395001094788313 -0.19738300151754842 0.0016202713464186823
v -0.013011099770665169 -0.22722700036325785 -0.04618980983723149
v 0.07167550176382065 -0.40358598663239886 -0.3104840097410669
v -0.013011099770665169 -0.22722700036325785 -0.04618980983723149
v 0.0021395001094788313 -0.19738300151754842 0.0016202713464186823
v 0.0021395001094788313 -0.19738300151754842 0.0016202713464186823
v 0.11640799790620804 -0.4227779950777966 -0.34980701267996717
v 0.07167550176382065 -0.40358598663239886 -0.3104840097410669
v -0.27341198921203613 -0.4037480127979526 0.16401597582752708
v -0.27320200204849243 -0.4035859931683876 -0.16095802461934006
v -0.2967509925365448 -0.4227069820088281 -0.2156250214573424
v -0.2967509925365448 -0.4227069820088281 -0.2156250214573424
v -0.2968200147151947 -0.4227080142758425 0.21877097725896724
v -0.27341198921203613 -0.4037480127979526 0.16401597582752708
v -0.048012398183345795 -0.2272270024371487 0.0012552800682912243
v -0.27341198921203613 -0.4037480127979526 0.16401597582752708
v -0.2968200147151947 -0.4227080142758425 0.21877097725896724
v -0.2968200147151947 -0.4227080142758425 0.21877097725896724
v 0.0021395001094788313 -0.19738300151754842 0.0016202713464186823
v -0.048012398183345795 -0.2272270024371487 0.0012552800682912243
v -0.27320200204849243 -0.4035859931683876 -0.16095802461934006
v -0.048012398183345795 -0.2272270024371487 0.0012552800682912243
v 0.0021395001094788313 -0.19738300151754842 0.0016202713464186823
v 0.0021395001094788313 -0.19738300151754842 0.0016202713464186823
v -0.2967509925365448 -0.4227069820088281 -0.2156250214573424
v -0.27320200204849243 -0.4035859931683876 -0.16095802461934006
v 0.07143659889698029 -0.40374801934823584 0.3138689818328141
v -0.2375669926404953 -0.4035860095253652 0.2132459851520066
v -0.2968200147151947 -0.4227080142758425 0.21877097725896724
v -0.2968200147151947 -0.4227080142758425 0.21877097725896724
v 0.11629799753427505 -0.4227800225577392 0.35308397948455666
v 0.07143659889698029 -0.40374801934823584 0.3138689818328141
v -0.013705600053071976 -0.22722700453308847 0.049204790345540095
v 0.07143659889698029 -0.40374801934823584 0.3138689818328141
v 0.11629799753427505 -0.4227800225577392 0.35308397948455666
v 0.11629799753427505 -0.4227800225577392 0.35308397948455666
v 0.0021395001094788313 -0.19738300151754842 0.0016202713464186823
v -0.013705600053071976 -0.22722700453308847 0.049204790345540095
v -0.2375669926404953 -0.4035860095253652 0.2132459851520066
v -0.013705600053071976 -0.22722700453308847 0.049204790345540095
v 0.0021395001094788313 -0.19738300151754842 0.0016202713464186823
v 0.0021395001094788313 -0.19738300151754842 0.0016202713464186823
v -0.2968200147151947 -0.4227080142758425 0.21877097725896724
v -0.2375669926404953 -0.4035860095253652 0.2132459851520066
v 0.3205200135707855 -0.40374800703630637 0.03220488228852767
v 0.1293340027332306 -0.4035860130985091 0.29498998546767274
v 0.11629799753427505 -0.4227800225577392 0.35308397948455666
v 0.11629799753427505 -0.4227800225577392 0.35308397948455666
v 0.3717010021209717 -0.4228230119485029 0.0016780515712764247
v 0.3205200135707855 -0.40374800703630637 0.03220488228852767
v 0.04249899834394455 -0.22722700375455807 0.03139409174691683
v 0.3205200135707855 -0.40374800703630637 0.03220488228852767
v 0.3717010021209717 -0.4228230119485029 0.0016780515712764247
v 0.3717010021209717 -0.4228230119485029 0.0016780515712764247
v 0.0021395001094788313 -0.19738300151754842 0.0016202713464186823
v 0.04249899834394455 -0.22722700375455807 0.03139409174691683
v 0.1293340027332306 -0.4035860130985091 0.29498998546767274
v 0.04249899834394455 -0.22722700375455807 0.03139409174691683
v 0.0021395001094788313 -0.19738300151754842 0.0016202713464186823
v 0.0021395001094788313 -0.19738300151754842 0.0016202713464186823
v 0.11629799753427505 -0.4227800225577392 0.35308397948455666
v 0.1293340027332306 -0.4035860130985091 0.29498998546767274
v -0.30654600262641907 -0.4514619934011348 -0.16488402075064845
v -0.30655500292778015 -0.45150200244318217 0.1628429841332765
v -0.2968200147151947 -0.4227080142758425 0.21877097725896724
v -0.2968200147151947 -0.4227080142758425 0.21877097725896724
v -0.2967509925365448 -0.4227069820088281 -0.2156250214573424
v -0.30654600262641907 -0.4514619934011348 -0.16488402075064845
v -0.3642280101776123 -0.7161340114791607 -0.006092071171449025
v -0.30654600262641907 -0.4514619934011348 -0.16488402075064845
v -0.2967509925365448 -0.4227069820088281 -0.2156250214573424
v -0.2967509925365448 -0.4227069820088281 -0.2156250214573424
v -0.3717010021209717 -0.7745609875365961 -0.009443213561386712
v -0.3642280101776123 -0.7161340114791607 -0.006092071171449025
v -0.30655500292778015 -0.45150200244318217 0.1628429841332765
v -0.3642280101776123 -0.7161340114791607 -0.006092071171449025
v -0.3717010021209717 -0.7745609875365961 -0.009443213561386712
v -0.3717010021209717 -0.7745609875365961 -0.009443213561386712
v -0.2968200147151947 -0.4227080142758425 0.21877097725896724
v -0.30655500292778015 -0.45150200244318217 0.1628429841332765
v -0.25170400738716125 -0.4516159998627411 0.2437469761851402
v 0.06013159826397896 -0.45162700134871475 0.3450709681985907
v 0.11629799753427505 -0.4227800225577392 0.35308397948455666
v 0.11629799753427505 -0.4227800225577392 0.35308397948455666
v -0.2968200147151947 -0.4227080142758425 0.21877097725896724
v -0.25170400738716125 -0.4516159998627411 0.2437469761851402
v -0.12151599675416946 -0.7161370069897562 0.3434359714279792
v -0.25170400738716125 -0.4516159998627411 0.2437469761851402
v -0.2968200147151947 -0.4227080142758425 0.21877097725896724
v -0.2968200147151947 -0.4227080142758425 0.21877097725896724
v -0.12699000537395477 -0.7745990309894748 0.3494909663166757
v -0.12151599675416946 -0.7161370069897562 0.3434359714279792
v 0.06013159826397896 -0.45162700134871475 0.3450709681985907
v -0.12151599675416946 -0.7161370069897562 0.3434359714279792
v -0.12699000537395477 -0.7745990309894748 0.3494909663166757
v -0.12699000537395477 -0.7745990309894748 0.3494909663166757
v 0.11629799753427505 -0.4227800225577392 0.35308397948455666
v 0.06013159826397896 -0.45162700134871475 0.3450709681985907
v 0.15392400324344635 -0.45186401803587806 0.3180119793786447
v 0.346794992685318 -0.4518339954929786 0.052537581690852764
v 0.3717010021209717 -0.4228230119485029 0.0016780515712764247
v 0.3717010021209717 -0.4228230119485029 0.0016780515712764247
v 0.11629799753427505 -0.4227800225577392 0.35308397948455666
v 0.15392400324344635 -0.45186401803587806 0.3180119793786447
v 0.28591999411582947 -0.7161420084132076 0.2206599697359422
v 0.15392400324344635 -0.45186401803587806 0.3180119793786447
v 0.11629799753427505 -0.4227800225577392 0.35308397948455666
v 0.11629799753427505 -0.4227800225577392 0.35308397948455666
v 0.28998398780822754 -0.7746729950287631 0.22767196189697672
v 0.28591999411582947 -0.7161420084132076 0.2206599697359422
v 0.346794992685318 -0.4518339954929786 0.052537581690852764
v 0.28591999411582947 -0.7161420084132076 0.2206599697359422
v 0.28998398780822754 -0.7746729950287631 0.22767196189697672
v 0.28998398780822754 -0.7746729950287631 0.22767196189697672
v 0.3717010021209717 -0.4228230119485029 0.0016780515712764247
v 0.346794992685318 -0.4518339954929786 0.052537581690852764
v 0.04783499985933304 -0.9701560140864555 0.002764677597183542
v 0.2682340145111084 -0.793636031526891 0.17223496246234785
v 0.28998398780822754 -0.7746729950287631 0.22767196189697672
v 0.28998398780822754 -0.7746729950287631 0.22767196189697672
v -0.0023052298929542303 -1.000000000070818 0.001620106343414472
v 0.04783499985933304 -0.9701560140864555 0.002764677597183542
v 0.2778039872646332 -0.7937970094735276 -0.15259802831026065
v 0.04783499985933304 -0.9701560140864555 0.002764677597183542
v -0.0023052298929542303 -1.000000000070818 0.001620106343414472
v -0.0023052298929542303 -1.000000000070818 0.001620106343414472
v 0.3029879927635193 -0.7746789961183558 -0.2065290402242577
v 0.2778039872646332 -0.7937970094735276 -0.15259802831026065
v 0.2682340145111084 -0.793636031526891 0.17223496246234785
v 0.2778039872646332 -0.7937970094735276 -0.15259802831026065
v 0.3029879927635193 -0.7746789961183558 -0.2065290402242577
v 0.3029879927635193 -0.7746789961183558 -0.2065290402242577
v 0.28998398780822754 -0.7746729950287631 0.22767196189697672
v 0.2682340145111084 -0.793636031526891 0.17223496246234785
v 0.01427759975194931 -0.9701560119674575 -0.04571234205181538
v 0.2435609996318817 -0.7936360151268148 -0.20295502734287335
v 0.3029879927635193 -0.7746789961183558 -0.2065290402242577
v 0.3029879927635193 -0.7746789961183558 -0.2065290402242577
v -0.0023052298929542303 -1.000000000070818 0.001620106343414472
v 0.01427759975194931 -0.9701560119674575 -0.04571234205181538
v -0.062416400760412216 -0.7937970024867854 -0.3124360491118046
v 0.01427759975194931 -0.9701560119674575 -0.04571234205181538
v -0.0023052298929542303 -1.000000000070818 0.001620106343414472
v -0.0023052298929542303 -1.000000000070818 0.001620106343414472
v -0.10594499856233597 -0.7746099675335835 -0.3530840318241381
v -0.062416400760412216 -0.7937970024867854 -0.3124360491118046
v 0.2435609996318817 -0.7936360151268148 -0.20295502734287335
v -0.062416400760412216 -0.7937970024867854 -0.3124360491118046
v -0.10594499856233597 -0.7746099675335835 -0.3530840318241381
v -0.10594499856233597 -0.7746099675335835 -0.3530840318241381
v 0.3029879927635193 -0.7746789961183558 -0.2065290402242577
v 0.2435609996318817 -0.7936360151268148 -0.20295502734287335
v -0.042196400463581085 -0.9701560127077011 -0.028777543021392238
v -0.12089099735021591 -0.7936360110846478 -0.2954290260086829
v -0.10594499856233597 -0.7746099675335835 -0.3530840318241381
v -0.10594499856233597 -0.7746099675335835 -0.3530840318241381
v -0.0023052298929542303 -1.000000000070818 0.001620106343414472
v -0.042196400463581085 -0.9701560127077011 -0.028777543021392238
v -0.319566011428833 -0.7937970144714266 -0.0382594328901386
v -0.042196400463581085 -0.9701560127077011 -0.028777543021392238
v -0.0023052298929542303 -1.000000000070818 0.001620106343414472
v -0.0023052298929542303 -1.000000000070818 0.001620106343414472
v -0.3717010021209717 -0.7745609875365961 -0.009443213561386712
v -0.319566011428833 -0.7937970144714266 -0.0382594328901386
v -0.12089099735021591 -0.7936360110846478 -0.2954290260086829
v -0.319566011428833 -0.7937970144714266 -0.0382594328901386
v -0.3717010021209717 -0.7745609875365961 -0.009443213561386712
v -0.3717010021209717 -0.7745609875365961 -0.009443213561386712
v -0.10594499856233597 -0.7746099675335835 -0.3530840318241381
v -0.12089099735021591 -0.7936360110846478 -0.2954290260086829
v -0.043542198836803436 -0.9701560152841904 0.030165657835054923
v -0.3214609920978546 -0.7936360249865174 0.02260866458610915
v -0.3717010021209717 -0.7745609875365961 -0.009443213561386712
v -0.3717010021209717 -0.7745609875365961 -0.009443213561386712
v -0.0023052298929542303 -1.000000000070818 0.001620106343414472
v -0.043542198836803436 -0.9701560152841904 0.030165657835054923
v -0.1382720023393631 -0.7937970288650806 0.29102897154478047
v -0.043542198836803436 -0.9701560152841904 0.030165657835054923
v -0.0023052298929542303 -1.000000000070818 0.001620106343414472
v -0.0023052298929542303 -1.000000000070818 0.001620106343414472
v -0.12699000537395477 -0.7745990309894748 0.3494909663166757
v -0.1382720023393631 -0.7937970288650806 0.29102897154478047
v -0.3214609920978546 -0.7936360249865174 0.02260866458610915
v -0.1382720023393631 -0.7937970288650806 0.29102897154478047
v -0.12699000537395477 -0.7745990309894748 0.3494909663166757
v -0.12699000537395477 -0.7745990309894748 0.3494909663166757
v -0.3717010021209717 -0.7745609875365961 -0.009443213561386712
v -0.3214609920978546 -0.7936360249865174 0.02260866458610915
v 0.012100400403141975 -0.9701560161363134 0.04965995854322961
v -0.08096849918365479 -0.7936360376205215 0.31164097297088494
v -0.12699000537395477 -0.7745990309894748 0.3494909663166757
v -0.12699000537395477 -0.7745990309894748 0.3494909663166757
v -0.0023052298929542303 -1.000000000070818 0.001620106343414472
v 0.012100400403141975 -0.9701560161363134 0.04965995854322961
v 0.23092299699783325 -0.7937970257762151 0.22036396967557884
v 0.012100400403141975 -0.9701560161363134 0.04965995854322961
v -0.0023052298929542303 -1.000000000070818 0.001620106343414472
v -0.0023052298929542303 -1.000000000070818 0.001620106343414472
v 0.28998398780822754 -0.7746729950287631 0.22767196189697672
v 0.23092299699783325 -0.7937970257762151 0.22036396967557884
v -0.08096849918365479 -0.7936360376205215 0.31164097297088494
v 0.23092299699783325 -0.7937970257762151 0.22036396967557884
v 0.28998398780822754 -0.7746729950287631 0.22767196189697672
v 0.28998398780822754 -0.7746729950287631 0.22767196189697672
v -0.12699000537395477 -0.7745990309894748 0.3494909663166757
v -0.08096849918365479 -0.7936360376205215 0.31164097297088494
v 0.34995201230049133 -0.4518679956809142 -0.044963521145573476
v 0.15706999599933624 -0.45183198287151616 -0.31043102332076117
v 0.11640799790620804 -0.4227779950777966 -0.34980701267996717
v 0.11640799790620804 -0.4227779950777966 -0.34980701267996717
v 0.3717010021209717 -0.4228230119485029 0.0016780515712764247
v 0.34995201230049133 -0.4518679956809142 -0.044963521145573476
v 0.295087993144989 -0.7161409765367548 -0.2048010245076349
v 0.34995201230049133 -0.4518679956809142 -0.044963521145573476
v 0.3717010021209717 -0.4228230119485029 0.0016780515712764247
v 0.3717010021209717 -0.4228230119485029 0.0016780515712764247
v 0.3029879927635193 -0.7746789961183558 -0.2065290402242577
v 0.295087993144989 -0.7161409765367548 -0.2048010245076349
v 0.15706999599933624 -0.45183198287151616 -0.31043102332076117
v 0.295087993144989 -0.7161409765367548 -0.2048010245076349
v 0.3029879927635193 -0.7746789961183558 -0.2065290402242577
v 0.3029879927635193 -0.7746789961183558 -0.2065290402242577
v 0.11640799790620804 -0.4227779950777966 -0.34980701267996717
v 0.15706999599933624 -0.45183198287151616 -0.31043102332076117
v 0.06518380343914032 -0.4516139774391137 -0.3434690136428817
v -0.2466530054807663 -0.4516279889594303 -0.2421500135185627
v -0.2967509925365448 -0.4227069820088281 -0.2156250214573424
v -0.2967509925365448 -0.4227069820088281 -0.2156250214573424
v 0.11640799790620804 -0.4227779950777966 -0.34980701267996717
v 0.06518380343914032 -0.4516139774391137 -0.3434690136428817
v -0.10678300261497498 -0.7161369768980038 -0.3449830427874895
v 0.06518380343914032 -0.4516139774391137 -0.3434690136428817
v 0.11640799790620804 -0.4227779950777966 -0.34980701267996717
v 0.11640799790620804 -0.4227779950777966 -0.34980701267996717
v -0.10594499856233597 -0.7746099675335835 -0.3530840318241381
v -0.10678300261497498 -0.7161369768980038 -0.3449830427874895
v -0.2466530054807663 -0.4516279889594303 -0.2421500135185627
v -0.10678300261497498 -0.7161369768980038 -0.3449830427874895
v -0.10594499856233597 -0.7746099675335835 -0.3530840318241381
v -0.10594499856233597 -0.7746099675335835 -0.3530840318241381
v -0.2967509925365448 -0.4227069820088281 -0.2156250214573424
v -0.2466530054807663 -0.4516279889594303 -0.2421500135185627
v -0.07061299681663513 -0.7457440049450704 0.34317397791770593
v 0.11101099848747253 -0.4812470230089577 0.3468689708158304
v 0.11629799753427505 -0.4227800225577392 0.35308397948455666
v 0.11629799753427505 -0.4227800225577392 0.35308397948455666
v -0.12699000537395477 -0.7745990309894748 0.3494909663166757
v -0.07061299681663513 -0.7457440049450704 0.34317397791770593
v 0.24414600431919098 -0.7457530012294854 0.2512769671140899
v -0.07061299681663513 -0.7457440049450704 0.34317397791770593
v -0.12699000537395477 -0.7745990309894748 0.3494909663166757
v -0.12699000537395477 -0.7745990309894748 0.3494909663166757
v 0.28998398780822754 -0.7746729950287631 0.22767196189697672
v 0.24414600431919098 -0.7457530012294854 0.2512769671140899
v 0.11101099848747253 -0.4812470230089577 0.3468689708158304
v 0.24414600431919098 -0.7457530012294854 0.2512769671140899
v 0.28998398780822754 -0.7746729950287631 0.22767196189697672
v 0.28998398780822754 -0.7746729950287631 0.22767196189697672
v 0.11629799753427505 -0.4227800225577392 0.35308397948455666
v 0.11101099848747253 -0.4812470230089577 0.3468689708158304
v -0.3483409881591797 -0.7455430049242375 0.042139166042326814
v -0.29254600405693054 -0.48124201031858976 0.2118879793333147
v -0.2968200147151947 -0.4227080142758425 0.21877097725896724
v -0.2968200147151947 -0.4227080142758425 0.21877097725896724
v -0.3717010021209717 -0.7745609875365961 -0.009443213561386712
v -0.3483409881591797 -0.7455430049242375 0.042139166042326814
v -0.1635420024394989 -0.7455099958041101 0.31330597122169696
v -0.3483409881591797 -0.7455430049242375 0.042139166042326814
v -0.3717010021209717 -0.7745609875365961 -0.009443213561386712
v -0.3717010021209717 -0.7745609875365961 -0.009443213561386712
v -0.12699000537395477 -0.7745990309894748 0.3494909663166757
v -0.1635420024394989 -0.7455099958041101 0.31330597122169696
v -0.29254600405693054 -0.48124201031858976 0.2118879793333147
v -0.1635420024394989 -0.7455099958041101 0.31330597122169696
v -0.12699000537395477 -0.7745990309894748 0.3494909663166757
v -0.12699000537395477 -0.7745990309894748 0.3494909663166757
v -0.2968200147151947 -0.4227080142758425 0.21877097725896724
v -0.29254600405693054 -0.48124201031858976 0.2118879793333147
v -0.14777499437332153 -0.7455599766391766 -0.31494903843167243
v -0.28890499472618103 -0.48124300499625605 -0.21366002279056184
v -0.2967509925365448 -0.4227069820088281 -0.2156250214573424
v -0.2967509925365448 -0.4227069820088281 -0.2156250214573424
v -0.10594499856233597 -0.7746099675335835 -0.3530840318241381
v -0.14777499437332153 -0.7455599766391766 -0.31494903843167243
v -0.34855300188064575 -0.7455250000573251 -0.055414131834197966
v -0.14777499437332153 -0.7455599766391766 -0.31494903843167243
v -0.10594499856233597 -0.7746099675335835 -0.3530840318241381
v -0.10594499856233597 -0.7746099675335835 -0.3530840318241381
v -0.3717010021209717 -0.7745609875365961 -0.009443213561386712
v -0.34855300188064575 -0.7455250000573251 -0.055414131834197966
v -0.28890499472618103 -0.48124300499625605 -0.21366002279056184
v -0.34855300188064575 -0.7455250000573251 -0.055414131834197966
v -0.3717010021209717 -0.7745609875365961 -0.009443213561386712
v -0.3717010021209717 -0.7745609875365961 -0.009443213561386712
v -0.2967509925365448 -0.4227069820088281 -0.2156250214573424
v -0.28890499472618103 -0.48124300499625605 -0.21366002279056184
v 0.30139800906181335 -0.7458810285438212 0.17206096369052487
v 0.3641299903392792 -0.48124900481239286 0.004803329159225481
v 0.3717010021209717 -0.4228230119485029 0.0016780515712764247
v 0.3717010021209717 -0.4228230119485029 0.0016780515712764247
v 0.28998398780822754 -0.7746729950287631 0.22767196189697672
v 0.30139800906181335 -0.7458810285438212 0.17206096369052487
v 0.31125301122665405 -0.7459210089414887 -0.15551902634055806
v 0.30139800906181335 -0.7458810285438212 0.17206096369052487
v 0.28998398780822754 -0.7746729950287631 0.22767196189697672
v 0.28998398780822754 -0.7746729950287631 0.22767196189697672
v 0.3029879927635193 -0.7746789961183558 -0.2065290402242577
v 0.31125301122665405 -0.7459210089414887 -0.15551902634055806
v 0.3641299903392792 -0.48124900481239286 0.004803329159225481
v 0.31125301122665405 -0.7459210089414887 -0.15551902634055806
v 0.3029879927635193 -0.7746789961183558 -0.2065290402242577
v 0.3029879927635193 -0.7746789961183558 -0.2065290402242577
v 0.3717010021209717 -0.4228230119485029 0.0016780515712764247
v 0.3641299903392792 -0.48124900481239286 0.004803329159225481
v 0.2537049949169159 -0.7457669870847466 -0.23455202859117275
v 0.11700599640607834 -0.4812469929115243 -0.34168001132757103
v 0.11640799790620804 -0.4227779950777966 -0.34980701267996717
v 0.11640799790620804 -0.4227779950777966 -0.34980701267996717
v 0.3029879927635193 -0.7746789961183558 -0.2065290402242577
v 0.2537049949169159 -0.7457669870847466 -0.23455202859117275
v -0.05492750182747841 -0.7457839695717106 -0.3452050415828667
v 0.2537049949169159 -0.7457669870847466 -0.23455202859117275
v 0.3029879927635193 -0.7746789961183558 -0.2065290402242577
v 0.3029879927635193 -0.7746789961183558 -0.2065290402242577
v -0.10594499856233597 -0.7746099675335835 -0.3530840318241381
v -0.05492750182747841 -0.7457839695717106 -0.3452050415828667
v 0.11700599640607834 -0.4812469929115243 -0.34168001132757103
v -0.05492750182747841 -0.7457839695717106 -0.3452050415828667
v -0.10594499856233597 -0.7746099675335835 -0.3530840318241381
v -0.10594499856233597 -0.7746099675335835 -0.3530840318241381
v 0.11640799790620804 -0.4227779950777966 -0.34980701267996717
v 0.11700599640607834 -0.4812469929115243 -0.34168001132757103
v 0.3546749949455261 -0.4315989912264486 0.0016202611085120932
v 0.31200599670410156 -0.4192239930745222 -0.021553318645965835
v 0.11993300169706345 -0.41922398151872936 -0.28591902896405413
v 0.11993300169706345 -0.41922398151872936 -0.28591902896405413
v 0.11107899993658066 -0.4315989765708381 -0.3336610088655628
v 0.3546749949455261 -0.4315989912264486 0.0016202611085120932
v 0.11107899993658066 -0.4315989765708381 -0.3336610088655628
v 0.11993300169706345 -0.41922398151872936 -0.28591902896405413
v 0.034035298973321915 -0.24309299792014155 -0.021553310947035123
v 0.034035298973321915 -0.24309299792014155 -0.021553310947035123
v 0.0021395001094788313 -0.21653799719740374 0.001620270509127186
v 0.11107899993658066 -0.4315989765708381 -0.3336610088655628
v 0.0021395001094788313 -0.21653799719740374 0.001620270509127186
v 0.034035298973321915 -0.24309299792014155 -0.021553310947035123
v 0.31200599670410156 -0.4192239930745222 -0.021553318645965835
v 0.31200599670410156 -0.4192239930745222 -0.021553318645965835
v 0.3546749949455261 -0.4315989912264486 0.0016202611085120932
v 0.0021395001094788313 -0.21653799719740374 0.001620270509127186
v 0.11107899993658066 -0.4315989765708381 -0.3336610088655628
v 0.07585419714450836 -0.4192239808926956 -0.3002410118246193
v -0.2349260002374649 -0.4192239853066281 -0.19926201149464806
v -0.2349260002374649 -0.4192239853066281 -0.19926201149464806
v -0.2830680012702942 -0.43159898216878056 -0.20559502044412284
v 0.11107899993658066 -0.4315989765708381 -0.3336610088655628
v -0.2830680012702942 -0.43159898216878056 -0.20559502044412284
v -0.2349260002374649 -0.4192239853066281 -0.19926201149464806
v -0.010043499991297722 -0.24309299729410697 -0.03587531243405179
v -0.010043499991297722 -0.24309299729410697 -0.03587531243405179
v 0.0021395001094788313 -0.21653799719740374 0.001620270509127186
v -0.2830680012702942 -0.43159898216878056 -0.20559502044412284
v 0.0021395001094788313 -0.21653799719740374 0.001620270509127186
v -0.010043499991297722 -0.24309299729410697 -0.03587531243405179
v 0.07585419714450836 -0.4192239808926956 -0.3002410118246193
v 0.07585419714450836 -0.4192239808926956 -0.3002410118246193
v 0.11107899993658066 -0.4315989765708381 -0.3336610088655628
v 0.0021395001094788313 -0.21653799719740374 0.001620270509127186
v -0.2830680012702942 -0.43159898216878056 -0.20559502044412284
v -0.2621679902076721 -0.4192239869455861 -0.1617670242452737
v -0.2621679902076721 -0.4192240012293321 0.16500697687624696
v -0.2830680012702942 -0.4315990002840924 0.2088349868944006
v -0.2830680012702942 -0.4315990002840924 0.2088349868944006
v -0.2621679902076721 -0.4192240012293321 0.16500697687624696
v -0.03728549927473068 -0.24309299893309097 0.0016202693483711352
v -0.03728549927473068 -0.24309299893309097 0.0016202693483711352
v 0.0021395001094788313 -0.21653799719740374 0.001620270509127186
v -0.2830680012702942 -0.4315990002840924 0.2088349868944006
v 0.0021395001094788313 -0.21653799719740374 0.001620270509127186
v -0.03728549927473068 -0.24309299893309097 0.0016202693483711352
v -0.2621679902076721 -0.4192239869455861 -0.1617670242452737
v -0.2621679902076721 -0.4192239869455861 -0.1617670242452737
v -0.2830680012702942 -0.43159898216878056 -0.20559502044412284
v 0.0021395001094788313 -0.21653799719740374 0.001620270509127186
v -0.2830680012702942 -0.4315990002840924 0.2088349868944006
v -0.2349260002374649 -0.41922400286833444 0.2025029774045825
v 0.07585419714450836 -0.4192240072822239 0.3034809942579149
v 0.07585419714450836 -0.4192240072822239 0.3034809942579149
v 0.11107899993658066 -0.43159900588203554 0.3369009902170018
v -0.2830680012702942 -0.4315990002840924 0.2088349868944006
v 0.11107899993658066 -0.43159900588203554 0.3369009902170018
v 0.07585419714450836 -0.4192240072822239 0.3034809942579149
v -0.010043499991297722 -0.24309300057207658 0.03911588768520511
v -0.010043499991297722 -0.24309300057207658 0.03911588768520511
v 0.0021395001094788313 -0.21653799719740374 0.001620270509127186
v 0.11107899993658066 -0.43159900588203554 0.3369009902170018
v 0.0021395001094788313 -0.21653799719740374 0.001620270509127186
v -0.010043499991297722 -0.24309300057207658 0.03911588768520511
v -0.2349260002374649 -0.41922400286833444 0.2025029774045825
v -0.2349260002374649 -0.41922400286833444 0.2025029774045825
v -0.2830680012702942 -0.4315990002840924 0.2088349868944006
v 0.0021395001094788313 -0.21653799719740374 0.001620270509127186
v 0.11107899993658066 -0.43159900588203554 0.3369009902170018
v 0.11993300169706345 -0.41922400665618886 0.28915898159502734
v 0.31200599670410156 -0.41922399510041836 0.024793781641709978
v 0.31200599670410156 -0.41922399510041836 0.024793781641709978
v 0.3546749949455261 -0.4315989912264486 0.0016202611085120932
v 0.11107899993658066 -0.43159900588203554 0.3369009902170018
v 0.3546749949455261 -0.4315989912264486 0.0016202611085120932
v 0.31200599670410156 -0.41922399510041836 0.024793781641709978
v 0.034035298973321915 -0.24309299994603775 0.02479378934064069
v 0.034035298973321915 -0.24309299994603775 0.02479378934064069
v 0.0021395001094788313 -0.21653799719740374 0.001620270509127186
v 0.3546749949455261 -0.4315989912264486 0.0016202611085120932
v 0.0021395001094788313 -0.21653799719740374 0.001620270509127186
v 0.034035298973321915 -0.24309299994603775 0.02479378934064069
v 0.11993300169706345 -0.41922400665618886 0.28915898159502734
v 0.11993300169706345 -0.41922400665618886 0.28915898159502734
v 0.11107899993658066 -0.43159900588203554 0.3369009902170018
v 0.0021395001094788313 -0.21653799719740374 0.001620270509127186
v -0.2830680012702942 -0.4315990002840924 0.2088349868944006
v -0.2878060042858124 -0.45542100784118555 0.16293498373118215
v -0.2878060042858124 -0.45542099350581616 -0.1650200238219181
v -0.2878060042858124 -0.45542099350581616 -0.1650200238219181
v -0.2830680012702942 -0.43159898216878056 -0.20559502044412284
v -0.2830680012702942 -0.4315990002840924 0.2088349868944006
v -0.2830680012702942 -0.43159898216878056 -0.20559502044412284
v -0.2878060042858124 -0.45542099350581616 -0.1650200238219181
v -0.3454590141773224 -0.7198749777645039 -0.006885791464849193
v -0.3454590141773224 -0.7198749777645039 -0.006885791464849193
v -0.35468098521232605 -0.765784024799292 -0.008990093080215499
v -0.2830680012702942 -0.43159898216878056 -0.20559502044412284
v -0.35468098521232605 -0.765784024799292 -0.008990093080215499
v -0.3454590141773224 -0.7198749777645039 -0.006885791464849193
v -0.2878060042858124 -0.45542100784118555 0.16293498373118215
v -0.2878060042858124 -0.45542100784118555 0.16293498373118215
v -0.2830680012702942 -0.4315990002840924 0.2088349868944006
v -0.35468098521232605 -0.765784024799292 -0.008990093080215499
v 0.11107899993658066 -0.43159900588203554 0.3369009902170018
v 0.06596089899539948 -0.45542101502248544 0.32722396648016727
v -0.24594199657440186 -0.45542101059259876 0.22587997710791397
v -0.24594199657440186 -0.45542101059259876 0.22587997710791397
v -0.2830680012702942 -0.4315990002840924 0.2088349868944006
v 0.11107899993658066 -0.43159900588203554 0.3369009902170018
v -0.2830680012702942 -0.4315990002840924 0.2088349868944006
v -0.24594199657440186 -0.45542101059259876 0.22587997710791397
v -0.11643499881029129 -0.7198749922869904 0.32534995508645553
v -0.11643499881029129 -0.7198749922869904 0.32534995508645553
v -0.12128599733114243 -0.7657840397687411 0.33347096672106463
v -0.2830680012702942 -0.4315990002840924 0.2088349868944006
v -0.12128599733114243 -0.7657840397687411 0.33347096672106463
v -0.11643499881029129 -0.7198749922869904 0.32534995508645553
v 0.06596089899539948 -0.45542101502248544 0.32722396648016727
v 0.06596089899539948 -0.45542101502248544 0.32722396648016727
v 0.11107899993658066 -0.43159900588203554 0.3369009902170018
v -0.12128599733114243 -0.7657840397687411 0.33347096672106463
v 0.3546749949455261 -0.4315989912264486 0.0016202611085120932
v 0.33152899146080017 -0.45542100253481055 0.041539280326040436
v 0.1387619972229004 -0.45542101413234726 0.3068599799880103
v 0.11107899993658066 -0.43159900588203554 0.3369009902170018
v 0.27031201124191284 -0.7198749872537115 0.21020196211789638
v 0.2765359878540039 -0.765784034691838 0.21732496848154756
v 0.11107899993658066 -0.43159900588203554 0.3369009902170018
v 0.11107899993658066 -0.43159900588203554 0.3369009902170018
v 0.1387619972229004 -0.45542101413234726 0.3068599799880103
v 0.27031201124191284 -0.7198749872537115 0.21020196211789638
v 0.3546749949455261 -0.4315989912264486 0.0016202611085120932
v 0.2765359878540039 -0.765784034691838 0.21732496848154756
v 0.27031201124191284 -0.7198749872537115 0.21020196211789638
v 0.27031201124191284 -0.7198749872537115 0.21020196211789638
v 0.33152899146080017 -0.45542100253481055 0.041539280326040436
v 0.3546749949455261 -0.4315989912264486 0.0016202611085120932
v -0.0023052298929542303 -0.9808449745886403 0.0016201071807072712
v 0.2765359878540039 -0.765784034691838 0.21732496848154756
v 0.2569659948348999 -0.7781599835627281 0.1728879618246642
v 0.2569659948348999 -0.7781599835627281 0.1728879618246642
v 0.037102099508047104 -0.9542909861837804 0.0028066683659263725
v -0.0023052298929542303 -0.9808449745886403 0.0016201071807072712
v -0.0023052298929542303 -0.9808449745886403 0.0016201071807072712
v 0.037102099508047104 -0.9542909861837804 0.0028066683659263725
v 0.2667999863624573 -0.7781599692854514 -0.15373804096387916
v 0.2667999863624573 -0.7781599692854514 -0.15373804096387916
v 0.2890090048313141 -0.7657840165847442 -0.1969170309061931
v -0.0023052298929542303 -0.9808449745886403 0.0016201071807072712
v 0.2569659948348999 -0.7781599835627281 0.1728879618246642
v 0.2765359878540039 -0.765784034691838 0.21732496848154756
v 0.2890090048313141 -0.7657840165847442 -0.1969170309061931
v 0.2890090048313141 -0.7657840165847442 -0.1969170309061931
v 0.2667999863624573 -0.7781599692854514 -0.15373804096387916
v 0.2569659948348999 -0.7781599835627281 0.1728879618246642
v 0.2890090048313141 -0.7657840165847442 -0.1969170309061931
v 0.24069899320602417 -0.7781599676113927 -0.19203603688882878
v 0.011000700294971466 -0.9542909845096992 -0.03549184351172957
v 0.011000700294971466 -0.9542909845096992 -0.03549184351172957
v -0.0023052298929542303 -0.9808449745886403 0.0016201071807072712
v 0.2890090048313141 -0.7657840165847442 -0.1969170309061931
v -0.0023052298929542303 -0.9808449745886403 0.0016201071807072712
v 0.011000700294971466 -0.9542909845096992 -0.03549184351172957
v -0.06690149754285812 -0.7781599627905941 -0.30232304755853695
v -0.06690149754285812 -0.7781599627905941 -0.30232304755853695
v -0.1011039987206459 -0.7657840104707883 -0.3367880321497843
v -0.0023052298929542303 -0.9808449745886403 0.0016201071807072712
v -0.1011039987206459 -0.7657840104707883 -0.3367880321497843
v -0.06690149754285812 -0.7781599627905941 -0.30232304755853695
v 0.24069899320602417 -0.7781599676113927 -0.19203603688882878
v 0.24069899320602417 -0.7781599676113927 -0.19203603688882878
v 0.2890090048313141 -0.7657840165847442 -0.1969170309061931
v -0.1011039987206459 -0.7657840104707883 -0.3367880321497843
v -0.1011039987206459 -0.7657840104707883 -0.3367880321497843
v -0.11139100044965744 -0.778159963358362 -0.2893340331714062
v -0.03348869830369949 -0.9542909850774621 -0.022502940883307804
v -0.03348869830369949 -0.9542909850774621 -0.022502940883307804
v -0.0023052298929542303 -0.9808449745886403 0.0016201071807072712
v -0.1011039987206459 -0.7657840104707883 -0.3367880321497843
v -0.0023052298929542303 -0.9808449745886403 0.0016201071807072712
v -0.03348869830369949 -0.9542909850774621 -0.022502940883307804
v -0.3113340139389038 -0.7781599746562352 -0.030868834371438697
v -0.3113340139389038 -0.7781599746562352 -0.030868834371438697
v -0.35468098521232605 -0.765784024799292 -0.008990093080215499
v -0.0023052298929542303 -0.9808449745886403 0.0016201071807072712
v -0.35468098521232605 -0.765784024799292 -0.008990093080215499
v -0.3113340139389038 -0.7781599746562352 -0.030868834371438697
v -0.11139100044965744 -0.778159963358362 -0.2893340331714062
v -0.11139100044965744 -0.778159963358362 -0.2893340331714062
v -0.1011039987206459 -0.7657840104707883 -0.3367880321497843
v -0.35468098521232605 -0.765784024799292 -0.008990093080215499
v -0.35468098521232605 -0.765784024799292 -0.008990093080215499
v -0.31272900104522705 -0.7781599766812092 0.015457165871986627
v -0.034883901476860046 -0.9542909871024404 0.02382315808031043
v -0.034883901476860046 -0.9542909871024404 0.02382315808031043
v -0.0023052298929542303 -0.9808449745886403 0.0016201071807072712
v -0.35468098521232605 -0.765784024799292 -0.008990093080215499
v -0.0023052298929542303 -0.9808449745886403 0.0016201071807072712
v -0.034883901476860046 -0.9542909871024404 0.02382315808031043
v -0.12869900465011597 -0.7781599884844554 0.2854839521248426
v -0.12869900465011597 -0.7781599884844554 0.2854839521248426
v -0.12128599733114243 -0.7657840397687411 0.33347096672106463
v -0.0023052298929542303 -0.9808449745886403 0.0016201071807072712
v -0.12128599733114243 -0.7657840397687411 0.33347096672106463
v -0.12869900465011597 -0.7781599884844554 0.2854839521248426
v -0.31272900104522705 -0.7781599766812092 0.015457165871986627
v -0.31272900104522705 -0.7781599766812092 0.015457165871986627
v -0.35468098521232605 -0.765784024799292 -0.008990093080215499
v -0.12128599733114243 -0.7657840397687411 0.33347096672106463
v -0.12128599733114243 -0.7657840397687411 0.33347096672106463
v -0.08507119864225388 -0.7781599891681897 0.301125969250926
v 0.008743690326809883 -0.9542909877861784 0.039465259025425505
v 0.008743690326809883 -0.9542909877861784 0.039465259025425505
v -0.0023052298929542303 -0.9808449745886403 0.0016201071807072712
v -0.12128599733114243 -0.7657840397687411 0.33347096672106463
v 0.22860699892044067 -0.7781599851651441 0.2095469641287413
v 0.2765359878540039 -0.765784034691838 0.21732496848154756
v -0.0023052298929542303 -0.9808449745886403 0.0016201071807072712
v -0.0023052298929542303 -0.9808449745886403 0.0016201071807072712
v 0.008743690326809883 -0.9542909877861784 0.039465259025425505
v 0.22860699892044067 -0.7781599851651441 0.2095469641287413
v -0.12128599733114243 -0.7657840397687411 0.33347096672106463
v 0.2765359878540039 -0.765784034691838 0.21732496848154756
v 0.22860699892044067 -0.7781599851651441 0.2095469641287413
v 0.22860699892044067 -0.7781599851651441 0.2095469641287413
v -0.08507119864225388 -0.7781599891681897 0.301125969250926
v -0.12128599733114243 -0.7657840397687411 0.33347096672106463
v 0.11107899993658066 -0.4315989765708381 -0.3336610088655628
v 0.14189200103282928 -0.45542098763572647 -0.29931201541337155
v 0.33465901017189026 -0.45542099923329366 -0.033990619122115845
v 0.33465901017189026 -0.45542099923329366 -0.033990619122115845
v 0.3546749949455261 -0.4315989912264486 0.0016202611085120932
v 0.11107899993658066 -0.4315989765708381 -0.3336610088655628
v 0.3546749949455261 -0.4315989912264486 0.0016202611085120932
v 0.33465901017189026 -0.45542099923329366 -0.033990619122115845
v 0.2803109884262085 -0.7198749696204934 -0.1931990252688067
v 0.2803109884262085 -0.7198749696204934 -0.1931990252688067
v 0.2890090048313141 -0.7657840165847442 -0.1969170309061931
v 0.3546749949455261 -0.4315989912264486 0.0016202611085120932
v 0.2890090048313141 -0.7657840165847442 -0.1969170309061931
v 0.2803109884262085 -0.7198749696204934 -0.1931990252688067
v 0.14189200103282928 -0.45542098763572647 -0.29931201541337155
v 0.14189200103282928 -0.45542098763572647 -0.29931201541337155
v 0.11107899993658066 -0.4315989765708381 -0.3336610088655628
v 0.2890090048313141 -0.7657840165847442 -0.1969170309061931
v -0.2830680012702942 -0.43159898216878056 -0.20559502044412284
v -0.24087800085544586 -0.4554209909152605 -0.2242850264302173
v 0.07102540135383606 -0.45542098648537377 -0.3256290158024706
v 0.11107899993658066 -0.4315989765708381 -0.3336610088655628
v 0.11107899993658066 -0.4315989765708381 -0.3336610088655628
v 0.07102540135383606 -0.45542098648537377 -0.3256290158024706
v -0.10025600343942642 -0.7198749637558229 -0.3273670391991273
v -0.10025600343942642 -0.7198749637558229 -0.3273670391991273
v -0.1011039987206459 -0.7657840104707883 -0.3367880321497843
v 0.11107899993658066 -0.4315989765708381 -0.3336610088655628
v -0.1011039987206459 -0.7657840104707883 -0.3367880321497843
v -0.10025600343942642 -0.7198749637558229 -0.3273670391991273
v -0.24087800085544586 -0.4554209909152605 -0.2242850264302173
v -0.24087800085544586 -0.4554209909152605 -0.2242850264302173
v -0.2830680012702942 -0.43159898216878056 -0.20559502044412284
v -0.1011039987206459 -0.7657840104707883 -0.3367880321497843
v 0.11107899993658066 -0.43159900588203554 0.3369009902170018
v 0.10647500306367874 -0.4775080228452949 0.32863796650272004
v -0.07589740306138992 -0.7419620298417907 0.3251549575256177
v -0.07589740306138992 -0.7419620298417907 0.3251549575256177
v -0.12128599733114243 -0.7657840397687411 0.33347096672106463
v 0.11107899993658066 -0.43159900588203554 0.3369009902170018
v 0.23891499638557434 -0.7419620258242772 0.23324496781099532
v 0.2765359878540039 -0.765784034691838 0.21732496848154756
v -0.12128599733114243 -0.7657840397687411 0.33347096672106463
v -0.07589740306138992 -0.7419620298417907 0.3251549575256177
v 0.10647500306367874 -0.4775080228452949 0.32863796650272004
v 0.11107899993658066 -0.43159900588203554 0.3369009902170018
v 0.2765359878540039 -0.765784034691838 0.21732496848154756
v 0.2765359878540039 -0.765784034691838 0.21732496848154756
v 0.23891499638557434 -0.7419620258242772 0.23324496781099532
v 0.10647500306367874 -0.4775080228452949 0.32863796650272004
v -0.2830680012702942 -0.4315990002840924 0.2088349868944006
v -0.27663201093673706 -0.47750801730553244 0.2019029796014369
v -0.3327459990978241 -0.7419620170104217 0.03160746877659076
v -0.3327459990978241 -0.7419620170104217 0.03160746877659076
v -0.35468098521232605 -0.765784024799292 -0.008990093080215499
v -0.2830680012702942 -0.4315990002840924 0.2088349868944006
v -0.35468098521232605 -0.765784024799292 -0.008990093080215499
v -0.3327459990978241 -0.7419620170104217 0.03160746877659076
v -0.14805200695991516 -0.7419620288563182 0.30260997747648444
v -0.14805200695991516 -0.7419620288563182 0.30260997747648444
v -0.12128599733114243 -0.7657840397687411 0.33347096672106463
v -0.35468098521232605 -0.765784024799292 -0.008990093080215499
v -0.12128599733114243 -0.7657840397687411 0.33347096672106463
v -0.14805200695991516 -0.7419620288563182 0.30260997747648444
v -0.27663201093673706 -0.47750801730553244 0.2019029796014369
v -0.27663201093673706 -0.47750801730553244 0.2019029796014369
v -0.2830680012702942 -0.4315990002840924 0.2088349868944006
v -0.12128599733114243 -0.7657840397687411 0.33347096672106463
v -0.2830680012702942 -0.43159898216878056 -0.20559502044412284
v -0.2744849920272827 -0.4775079996671556 -0.20161602498192147
v -0.1329369992017746 -0.7419620023675645 -0.30338204169999816
v -0.1329369992017746 -0.7419620023675645 -0.30338204169999816
v -0.1011039987206459 -0.7657840104707883 -0.3367880321497843
v -0.2830680012702942 -0.43159898216878056 -0.20559502044412284
v -0.1011039987206459 -0.7657840104707883 -0.3367880321497843
v -0.1329369992017746 -0.7419620023675645 -0.30338204169999816
v -0.33360201120376587 -0.741962013706282 -0.04398243392240285
v -0.33360201120376587 -0.741962013706282 -0.04398243392240285
v -0.35468098521232605 -0.765784024799292 -0.008990093080215499
v -0.1011039987206459 -0.7657840104707883 -0.3367880321497843
v -0.35468098521232605 -0.765784024799292 -0.008990093080215499
v -0.33360201120376587 -0.741962013706282 -0.04398243392240285
v -0.2744849920272827 -0.4775079996671556 -0.20161602498192147
v -0.2744849920272827 -0.4775079996671556 -0.20161602498192147
v -0.2830680012702942 -0.43159898216878056 -0.20559502044412284
v -0.35468098521232605 -0.765784024799292 -0.008990093080215499
v 0.2826539874076843 -0.7419620231291641 0.17158797120321492
v 0.2765359878540039 -0.765784034691838 0.21732496848154756
v 0.3546749949455261 -0.4315989912264486 0.0016202611085120932
v 0.3546749949455261 -0.4315989912264486 0.0016202611085120932
v 0.34539398550987244 -0.47750800863070403 0.0034460491391661275
v 0.2826539874076843 -0.7419620231291641 0.17158797120321492
v 0.2765359878540039 -0.765784034691838 0.21732496848154756
v 0.2826539874076843 -0.7419620231291641 0.17158797120321492
v 0.2925240099430084 -0.7419620088003076 -0.15621803963910805
v 0.2925240099430084 -0.7419620088003076 -0.15621803963910805
v 0.2890090048313141 -0.7657840165847442 -0.1969170309061931
v 0.2765359878540039 -0.765784034691838 0.21732496848154756
v 0.2890090048313141 -0.7657840165847442 -0.1969170309061931
v 0.2925240099430084 -0.7419620088003076 -0.15621803963910805
v 0.34539398550987244 -0.47750800863070403 0.0034460491391661275
v 0.34539398550987244 -0.47750800863070403 0.0034460491391661275
v 0.3546749949455261 -0.4315989912264486 0.0016202611085120932
v 0.2890090048313141 -0.7657840165847442 -0.1969170309061931
v 0.11107899993658066 -0.4315989765708381 -0.3336610088655628
v 0.10994700342416763 -0.4775079943058228 -0.32426901758808435
v 0.24740099906921387 -0.7419620061491685 -0.2168690290523694
v 0.24740099906921387 -0.7419620061491685 -0.2168690290523694
v 0.2890090048313141 -0.7657840165847442 -0.1969170309061931
v 0.11107899993658066 -0.4315989765708381 -0.3336610088655628
v 0.2890090048313141 -0.7657840165847442 -0.1969170309061931
v 0.24740099906921387 -0.7419620061491685 -0.2168690290523694
v -0.06131109967827797 -0.7419620013109737 -0.32755401993524286
v -0.06131109967827797 -0.7419620013109737 -0.32755401993524286
v -0.1011039987206459 -0.7657840104707883 -0.3367880321497843
v 0.2890090048313141 -0.7657840165847442 -0.1969170309061931
v -0.1011039987206459 -0.7657840104707883 -0.3367880321497843
v -0.06131109967827797 -0.7419620013109737 -0.32755401993524286
v 0.10994700342416763 -0.4775079943058228 -0.32426901758808435
v 0.10994700342416763 -0.4775079943058228 -0.32426901758808435
v 0.11107899993658066 -0.4315989765708381 -0.3336610088655628
v -0.1011039987206459 -0.7657840104707883 -0.3367880321497843
v 0.11993300169706345 -0.41922398151872936 -0.28591902896405413
v 0.31200599670410156 -0.4192239930745222 -0.021553318645965835
v 0.32045599818229675 -0.4035859989498925 -0.02869261702728202
v 0.129611998796463 -0.4037479928768366 -0.2917260108048196
v 0.034035298973321915 -0.24309299792014155 -0.021553310947035123
v 0.11993300169706345 -0.41922398151872936 -0.28591902896405413
v 0.129611998796463 -0.4037479928768366 -0.2917260108048196
v 0.042927999049425125 -0.22722700117746117 -0.027563010030279035
v 0.31200599670410156 -0.4192239930745222 -0.021553318645965835
v 0.034035298973321915 -0.24309299792014155 -0.021553310947035123
v 0.042927999049425125 -0.22722700117746117 -0.027563010030279035
v 0.32045599818229675 -0.4035859989498925 -0.02869261702728202
v -0.2349260002374649 -0.4192239853066281 -0.19926201149464806
v 0.07585419714450836 -0.4192239808926956 -0.3002410118246193
v 0.07167550176382065 -0.40358598663239886 -0.3104840097410669
v -0.2374580055475235 -0.403747996437741 -0.21026201820914703
v -0.010043499991297722 -0.24309299729410697 -0.03587531243405179
v -0.2349260002374649 -0.4192239853066281 -0.19926201149464806
v -0.2374580055475235 -0.403747996437741 -0.21026201820914703
v -0.013011099770665169 -0.22722700036325785 -0.04618980983723149
v 0.07585419714450836 -0.4192239808926956 -0.3002410118246193
v -0.010043499991297722 -0.24309299729410697 -0.03587531243405179
v -0.013011099770665169 -0.22722700036325785 -0.04618980983723149
v 0.07167550176382065 -0.40358598663239886 -0.3104840097410669
v -0.2621679902076721 -0.4192240012293321 0.16500697687624696
v -0.2621679902076721 -0.4192239869455861 -0.1617670242452737
v -0.27320200204849243 -0.4035859931683876 -0.16095802461934006
v -0.27341198921203613 -0.4037480127979526 0.16401597582752708
v -0.03728549927473068 -0.24309299893309097 0.0016202693483711352
v -0.2621679902076721 -0.4192240012293321 0.16500697687624696
v -0.27341198921203613 -0.4037480127979526 0.16401597582752708
v -0.048012398183345795 -0.2272270024371487 0.0012552800682912243
v -0.2621679902076721 -0.4192239869455861 -0.1617670242452737
v -0.03728549927473068 -0.24309299893309097 0.0016202693483711352
v -0.048012398183345795 -0.2272270024371487 0.0012552800682912243
v -0.27320200204849243 -0.4035859931683876 -0.16095802461934006
v 0.07585419714450836 -0.4192240072822239 0.3034809942579149
v -0.2349260002374649 -0.41922400286833444 0.2025029774045825
v -0.2375669926404953 -0.4035860095253652 0.2132459851520066
v 0.07143659889698029 -0.40374801934823584 0.3138689818328141
v -0.010043499991297722 -0.24309300057207658 0.03911588768520511
v 0.07585419714450836 -0.4192240072822239 0.3034809942579149
v 0.07143659889698029 -0.40374801934823584 0.3138689818328141
v -0.013705600053071976 -0.22722700453308847 0.049204790345540095
v -0.2349260002374649 -0.41922400286833444 0.2025029774045825
v -0.010043499991297722 -0.24309300057207658 0.03911588768520511
v -0.013705600053071976 -0.22722700453308847 0.049204790345540095
v -0.2375669926404953 -0.4035860095253652 0.2132459851520066
v 0.31200599670410156 -0.41922399510041836 0.024793781641709978
v 0.11993300169706345 -0.41922400665618886 0.28915898159502734
v 0.1293340027332306 -0.4035860130985091 0.29498998546767274
v 0.3205200135707855 -0.40374800703630637 0.03220488228852767
v 0.034035298973321915 -0.24309299994603775 0.02479378934064069
v 0.31200599670410156 -0.41922399510041836 0.024793781641709978
v 0.3205200135707855 -0.40374800703630637 0.03220488228852767
v 0.04249899834394455 -0.22722700375455807 0.03139409174691683
v 0.11993300169706345 -0.41922400665618886 0.28915898159502734
v 0.034035298973321915 -0.24309299994603775 0.02479378934064069
v 0.04249899834394455 -0.22722700375455807 0.03139409174691683
v 0.1293340027332306 -0.4035860130985091 0.29498998546767274
v -0.2878060042858124 -0.45542099350581616 -0.1650200238219181
v -0.2878060042858124 -0.45542100784118555 0.16293498373118215
v -0.30655500292778015 -0.45150200244318217 0.1628429841332765
v -0.30654600262641907 -0.4514619934011348 -0.16488402075064845
v -0.3454590141773224 -0.7198749777645039 -0.006885791464849193
v -0.2878060042858124 -0.45542099350581616 -0.1650200238219181
v -0.30654600262641907 -0.4514619934011348 -0.16488402075064845
v -0.3642280101776123 -0.7161340114791607 -0.006092071171449025
v -0.2878060042858124 -0.45542100784118555 0.16293498373118215
v -0.3454590141773224 -0.7198749777645039 -0.006885791464849193
v -0.3642280101776123 -0.7161340114791607 -0.006092071171449025
v -0.30655500292778015 -0.45150200244318217 0.1628429841332765
v -0.24594199657440186 -0.45542101059259876 0.22587997710791397
v 0.06596089899539948 -0.45542101502248544 0.32722396648016727
v 0.06013159826397896 -0.45162700134871475 0.3450709681985907
v -0.25170400738716125 -0.4516159998627411 0.2437469761851402
v -0.11643499881029129 -0.7198749922869904 0.32534995508645553
v -0.24594199657440186 -0.45542101059259876 0.22587997710791397
v -0.25170400738716125 -0.4516159998627411 0.2437469761851402
v -0.12151599675416946 -0.7161370069897562 0.3434359714279792
v 0.06596089899539948 -0.45542101502248544 0.32722396648016727
v -0.11643499881029129 -0.7198749922869904 0.32534995508645553
v -0.12151599675416946 -0.7161370069897562 0.3434359714279792
v 0.06013159826397896 -0.45162700134871475 0.3450709681985907
v 0.1387619972229004 -0.45542101413234726 0.3068599799880103
v 0.33152899146080017 -0.45542100253481055 0.041539280326040436
v 0.346794992685318 -0.4518339954929786 0.052537581690852764
v 0.15392400324344635 -0.45186401803587806 0.3180119793786447
v 0.27031201124191284 -0.7198749872537115 0.21020196211789638
v 0.1387619972229004 -0.45542101413234726 0.3068599799880103
v 0.15392400324344635 -0.45186401803587806 0.3180119793786447
v 0.28591999411582947 -0.7161420084132076 0.2206599697359422
v 0.33152899146080017 -0.45542100253481055 0.041539280326040436
v 0.27031201124191284 -0.7198749872537115 0.21020196211789638
v 0.28591999411582947 -0.7161420084132076 0.2206599697359422
v 0.346794992685318 -0.4518339954929786 0.052537581690852764
v 0.037102099508047104 -0.9542909861837804 0.0028066683659263725
v 0.2569659948348999 -0.7781599835627281 0.1728879618246642
v 0.2682340145111084 -0.793636031526891 0.17223496246234785
v 0.04783499985933304 -0.9701560140864555 0.002764677597183542
v 0.2667999863624573 -0.7781599692854514 -0.15373804096387916
v 0.037102099508047104 -0.9542909861837804 0.0028066683659263725
v 0.04783499985933304 -0.9701560140864555 0.002764677597183542
v 0.2778039872646332 -0.7937970094735276 -0.15259802831026065
v 0.2569659948348999 -0.7781599835627281 0.1728879618246642
v 0.2667999863624573 -0.7781599692854514 -0.15373804096387916
v 0.2778039872646332 -0.7937970094735276 -0.15259802831026065
v 0.2682340145111084 -0.793636031526891 0.17223496246234785
v 0.011000700294971466 -0.9542909845096992 -0.03549184351172957
v 0.24069899320602417 -0.7781599676113927 -0.19203603688882878
v 0.2435609996318817 -0.7936360151268148 -0.20295502734287335
v 0.01427759975194931 -0.9701560119674575 -0.04571234205181538
v -0.06690149754285812 -0.7781599627905941 -0.30232304755853695
v 0.011000700294971466 -0.9542909845096992 -0.03549184351172957
v 0.01427759975194931 -0.9701560119674575 -0.04571234205181538
v -0.062416400760412216 -0.7937970024867854 -0.3124360491118046
v 0.24069899320602417 -0.7781599676113927 -0.19203603688882878
v -0.06690149754285812 -0.7781599627905941 -0.30232304755853695
v -0.062416400760412216 -0.7937970024867854 -0.3124360491118046
v 0.2435609996318817 -0.7936360151268148 -0.20295502734287335
v -0.03348869830369949 -0.9542909850774621 -0.022502940883307804
v -0.11139100044965744 -0.778159963358362 -0.2893340331714062
v -0.12089099735021591 -0.7936360110846478 -0.2954290260086829
v -0.042196400463581085 -0.9701560127077011 -0.028777543021392238
v -0.3113340139389038 -0.7781599746562352 -0.030868834371438697
v -0.03348869830369949 -0.9542909850774621 -0.022502940883307804
v -0.042196400463581085 -0.9701560127077011 -0.028777543021392238
v -0.319566011428833 -0.7937970144714266 -0.0382594328901386
v -0.11139100044965744 -0.778159963358362 -0.2893340331714062
v -0.3113340139389038 -0.7781599746562352 -0.030868834371438697
v -0.319566011428833 -0.7937970144714266 -0.0382594328901386
v -0.12089099735021591 -0.7936360110846478 -0.2954290260086829
v -0.034883901476860046 -0.9542909871024404 0.02382315808031043
v -0.31272900104522705 -0.7781599766812092 0.015457165871986627
v -0.3214609920978546 -0.7936360249865174 0.02260866458610915
v -0.043542198836803436 -0.9701560152841904 0.030165657835054923
v -0.12869900465011597 -0.7781599884844554 0.2854839521248426
v -0.034883901476860046 -0.9542909871024404 0.02382315808031043
v -0.043542198836803436 -0.9701560152841904 0.030165657835054923
v -0.1382720023393631 -0.7937970288650806 0.29102897154478047
v -0.31272900104522705 -0.7781599766812092 0.015457165871986627
v -0.12869900465011597 -0.7781599884844554 0.2854839521248426
v -0.1382720023393631 -0.7937970288650806 0.29102897154478047
v -0.3214609920978546 -0.7936360249865174 0.02260866458610915
v 0.008743690326809883 -0.9542909877861784 0.039465259025425505
v -0.08507119864225388 -0.7781599891681897 0.301125969250926
v -0.08096849918365479 -0.7936360376205215 0.31164097297088494
v 0.012100400403141975 -0.9701560161363134 0.04965995854322961
v 0.22860699892044067 -0.7781599851651441 0.2095469641287413
v 0.008743690326809883 -0.9542909877861784 0.039465259025425505
v 0.012100400403141975 -0.9701560161363134 0.04965995854322961
v 0.23092299699783325 -0.7937970257762151 0.22036396967557884
v -0.08507119864225388 -0.7781599891681897 0.301125969250926
v 0.22860699892044067 -0.7781599851651441 0.2095469641287413
v 0.23092299699783325 -0.7937970257762151 0.22036396967557884
v -0.08096849918365479 -0.7936360376205215 0.31164097297088494
v 0.33465901017189026 -0.45542099923329366 -0.033990619122115845
v 0.14189200103282928 -0.45542098763572647 -0.29931201541337155
v 0.15706999599933624 -0.45183198287151616 -0.31043102332076117
v 0.34995201230049133 -0.4518679956809142 -0.044963521145573476
v 0.2803109884262085 -0.7198749696204934 -0.1931990252688067
v 0.33465901017189026 -0.45542099923329366 -0.033990619122115845
v 0.34995201230049133 -0.4518679956809142 -0.044963521145573476
v 0.295087993144989 -0.7161409765367548 -0.2048010245076349
v 0.14189200103282928 -0.45542098763572647 -0.29931201541337155
v 0.2803109884262085 -0.7198749696204934 -0.1931990252688067
v 0.295087993144989 -0.7161409765367548 -0.2048010245076349
v 0.15706999599933624 -0.45183198287151616 -0.31043102332076117
v 0.07102540135383606 -0.45542098648537377 -0.3256290158024706
v -0.24087800085544586 -0.4554209909152605 -0.2242850264302173
v -0.2466530054807663 -0.4516279889594303 -0.2421500135185627
v 0.06518380343914032 -0.4516139774391137 -0.3434690136428817
v -0.10025600343942642 -0.7198749637558229 -0.3273670391991273
v 0.07102540135383606 -0.45542098648537377 -0.3256290158024706
v 0.06518380343914032 -0.4516139774391137 -0.3434690136428817
v -0.10678300261497498 -0.7161369768980038 -0.3449830427874895
v -0.24087800085544586 -0.4554209909152605 -0.2242850264302173
v -0.10025600343942642 -0.7198749637558229 -0.3273670391991273
v -0.10678300261497498 -0.7161369768980038 -0.3449830427874895
v -0.2466530054807663 -0.4516279889594303 -0.2421500135185627
v -0.07589740306138992 -0.7419620298417907 0.3251549575256177
v 0.10647500306367874 -0.4775080228452949 0.32863796650272004
v 0.11101099848747253 -0.4812470230089577 0.3468689708158304
v -0.07061299681663513 -0.7457440049450704 0.34317397791770593
v 0.23891499638557434 -0.7419620258242772 0.23324496781099532
v -0.07589740306138992 -0.7419620298417907 0.3251549575256177
v -0.07061299681663513 -0.7457440049450704 0.34317397791770593
v 0.24414600431919098 -0.7457530012294854 0.2512769671140899
v 0.10647500306367874 -0.4775080228452949 0.32863796650272004
v 0.23891499638557434 -0.7419620258242772 0.23324496781099532
v 0.24414600431919098 -0.7457530012294854 0.2512769671140899
v 0.11101099848747253 -0.4812470230089577 0.3468689708158304
v -0.3327459990978241 -0.7419620170104217 0.03160746877659076
v -0.27663201093673706 -0.47750801730553244 0.2019029796014369
v -0.29254600405693054 -0.48124201031858976 0.2118879793333147
v -0.3483409881591797 -0.7455430049242375 0.042139166042326814
v -0.14805200695991516 -0.7419620288563182 0.30260997747648444
v -0.3327459990978241 -0.7419620170104217 0.03160746877659076
v -0.3483409881591797 -0.7455430049242375 0.042139166042326814
v -0.1635420024394989 -0.7455099958041101 0.31330597122169696
v -0.27663201093673706 -0.47750801730553244 0.2019029796014369
v -0.14805200695991516 -0.7419620288563182 0.30260997747648444
v -0.1635420024394989 -0.7455099958041101 0.31330597122169696
v -0.29254600405693054 -0.48124201031858976 0.2118879793333147
v -0.1329369992017746 -0.7419620023675645 -0.30338204169999816
v -0.2744849920272827 -0.4775079996671556 -0.20161602498192147
v -0.28890499472618103 -0.48124300499625605 -0.21366002279056184
v -0.14777499437332153 -0.7455599766391766 -0.31494903843167243
v -0.33360201120376587 -0.741962013706282 -0.04398243392240285
v -0.1329369992017746 -0.7419620023675645 -0.30338204169999816
v -0.14777499437332153 -0.7455599766391766 -0.31494903843167243
v -0.34855300188064575 -0.7455250000573251 -0.055414131834197966
v -0.2744849920272827 -0.4775079996671556 -0.20161602498192147
v -0.33360201120376587 -0.741962013706282 -0.04398243392240285
v -0.34855300188064575 -0.7455250000573251 -0.055414131834197966
v -0.28890499472618103 -0.48124300499625605 -0.21366002279056184
v 0.2826539874076843 -0.7419620231291641 0.17158797120321492
v 0.34539398550987244 -0.47750800863070403 0.0034460491391661275
v 0.3641299903392792 -0.48124900481239286 0.004803329159225481
v 0.30139800906181335 -0.7458810285438212 0.17206096369052487
v 0.2925240099430084 -0.7419620088003076 -0.15621803963910805
v 0.2826539874076843 -0.7419620231291641 0.17158797120321492
v 0.30139800906181335 -0.7458810285438212 0.17206096369052487
v 0.31125301122665405 -0.7459210089414887 -0.15551902634055806
v 0.34539398550987244 -0.47750800863070403 0.0034460491391661275
v 0.2925240099430084 -0.7419620088003076 -0.15621803963910805
v 0.31125301122665405 -0.7459210089414887 -0.15551902634055806
v 0.3641299903392792 -0.48124900481239286 0.004803329159225481
v 0.24740099906921387 -0.7419620061491685 -0.2168690290523694
v 0.10994700342416763 -0.4775079943058228 -0.32426901758808435
v 0.11700599640607834 -0.4812469929115243 -0.34168001132757103
v 0.2537049949169159 -0.7457669870847466 -0.23455202859117275
v -0.06131109967827797 -0.7419620013109737 -0.32755401993524286
v 0.24740099906921387 -0.7419620061491685 -0.2168690290523694
v 0.2537049949169159 -0.7457669870847466 -0.23455202859117275
v -0.05492750182747841 -0.7457839695717106 -0.3452050415828667
v 0.10994700342416763 -0.4775079943058228 -0.32426901758808435
v -0.06131109967827797 -0.7419620013109737 -0.32755401993524286
v -0.05492750182747841 -0.7457839695717106 -0.3452050415828667
v 0.11700599640607834 -0.4812469929115243 -0.34168001132757103
v 0.02265159972012043 -0.31952500409930573 0.0152380857646227
v 0.027076300233602524 -0.3195250035040519 0.0016202660074219363
v 0.027076300233602524 -0.3118599951975486 0.0016202663424701076
v 0.02265159972012043 -0.31185999579280244 0.01523808609967087
v 0.011067800223827362 -0.3195250044671983 0.02365448605564833
v 0.02265159972012043 -0.31952500409930573 0.0152380857646227
v 0.02265159972012043 -0.31185999579280244 0.01523808609967087
v 0.011067800223827362 -0.311859996160695 0.023654486390696502
v -0.003251380054280162 -0.3195250044671983 0.02365448605564833
v -0.003251380054280162 -0.311859996160695 0.023654486390696502
v -0.014835200272500515 -0.31952500409930573 0.0152380857646227
v -0.014835200272500515 -0.31185999579280244 0.01523808609967087
v -0.019259899854660034 -0.3195250035040519 0.0016202660074219363
v -0.014835200272500515 -0.31952500409930573 0.0152380857646227
v -0.014835200272500515 -0.31185999579280244 0.01523808609967087
v -0.019259899854660034 -0.3118599951975486 0.0016202663424701076
v -0.014835200272500515 -0.31952500290879543 -0.011997614052915533
v -0.014835200272500515 -0.31185999460229213 -0.011997613717867363
v -0.003251380054280162 -0.31952500254090727 -0.020413913761103106
v -0.014835200272500515 -0.31952500290879543 -0.011997614052915533
v -0.014835200272500515 -0.31185999460229213 -0.011997613717867363
v -0.003251380054280162 -0.31185999423440397 -0.020413913426054933
v 0.011067800223827362 -0.31952500254090727 -0.020413913761103106
v 0.011067800223827362 -0.31185999423440397 -0.020413913426054933
v 0.02265159972012043 -0.31952500290879543 -0.011997614052915533
v 0.02265159972012043 -0.31185999460229213 -0.011997613717867363
v 0.02265159972012043 -0.31952500290879543 -0.011997614052915533
v 0.02265159972012043 -0.31185999460229213 -0.011997613717867363
v 0.025649599730968475 -0.3518329866392811 0.017416284872970908
v 0.030782200396060944 -0.35183298594881507 0.001620264595195099
v 0.012212900444865227 -0.35183298706600913 0.02717868377157243
v 0.025649599730968475 -0.3518329866392811 0.017416284872970908
v -0.004396509844809771 -0.35183298706600913 0.02717868377157243
v -0.017833199352025986 -0.3518329866392811 0.017416284872970908
v -0.022965800017118454 -0.35183298594881507 0.001620264595195099
v -0.017833199352025986 -0.3518329866392811 0.017416284872970908
v -0.017833199352025986 -0.3518329852583508 -0.014175715402879357
v -0.004396509844809771 -0.3518329848316184 -0.023938214884318937
v -0.017833199352025986 -0.3518329852583508 -0.014175715402879357
v 0.012212900444865227 -0.3518329848316184 -0.023938214884318937
v 0.025649599730968475 -0.3518329852583508 -0.014175715402879357
v 0.025649599730968475 -0.3518329852583508 -0.014175715402879357
v 0.03217009827494621 -0.4053860018400401 0.022153981936453015
v 0.03884189948439598 -0.4053860009424826 0.0016202622543183478
v 0.014703299850225449 -0.40538600239475947 0.03484448136138739
v 0.03217009827494621 -0.4053860018400401 0.022153981936453015
v -0.006886870134621859 -0.40538600239475947 0.03484448136138739
v -0.024353699758648872 -0.4053860018400401 0.022153981936453015
v -0.03102549910545349 -0.4053860009424826 0.0016202622543183478
v -0.024353699758648872 -0.4053860018400401 0.022153981936453015
v -0.024353699758648872 -0.405386000044927 -0.01891341714811497
v -0.006886870134621859 -0.4053859994902076 -0.03160391657304934
v -0.024353699758648872 -0.405386000044927 -0.01891341714811497
v 0.014703299850225449 -0.4053859994902076 -0.03160391657304934
v 0.03217009827494621 -0.405386000044927 -0.01891341714811497
v 0.03217009827494621 -0.405386000044927 -0.01891341714811497
v 0.03968439996242523 -0.43329900623859224 0.02761308072434765
v 0.04812990128993988 -0.43329900510240993 0.0016202610342021227
v 0.017573300749063492 -0.4332990069407982 0.043677679880727335
v 0.03968439996242523 -0.43329900623859224 0.02761308072434765
v -0.009756900370121002 -0.4332990069407982 0.043677679880727335
v -0.03186799958348274 -0.433299006238601 0.027613281890023766
v -0.04031350091099739 -0.43329900510240993 0.0016202610342021227
v -0.03186799958348274 -0.433299006238601 0.027613281890023766
v -0.03186799958348274 -0.4332990039662206 -0.024372719541918168
v -0.009756900370121002 -0.43329900326402343 -0.04043711753262173
v -0.03186799958348274 -0.4332990039662206 -0.024372719541918168
v 0.017573300749063492 -0.43329900326402343 -0.04043711753262173
v 0.03968439996242523 -0.4332990039662206 -0.024372719541918168
v 0.03968439996242523 -0.4332990039662206 -0.024372719541918168
v 0.0521451011300087 -0.4670430139833433 0.03666648089834842
v 0.06353270262479782 -0.4670430124514242 0.0016202595592046403
v 0.022333400323987007 -0.4670430149301276 0.05832638040134103
v 0.0521451011300087 -0.4670430139833433 0.03666648089834842
v -0.014516999945044518 -0.4670430149301276 0.05832638040134103
v -0.04432870075106621 -0.4670430139833433 0.03666648089834842
v -0.05571629852056503 -0.4670430124514242 0.0016202595592046403
v -0.04432870075106621 -0.4670430139833433 0.03666648089834842
v -0.04432870075106621 -0.4670430109195025 -0.033426022083075844
v -0.014516999945044518 -0.4670430099727226 -0.055085821003230395
v -0.04432870075106621 -0.4670430109195025 -0.033426022083075844
v 0.022333400323987007 -0.4670430099727226 -0.055085821003230395
v 0.0521451011300087 -0.4670430109195025 -0.033426022083075844
v 0.0521451011300087 -0.4670430109195025 -0.033426022083075844
v 0.05727880075573921 -0.49841800508647627 0.040396378009465043
v 0.0698779970407486 -0.49841800339151815 0.001620258187760159
v 0.024293899536132812 -0.4984180061340152 0.06436127480759886
v 0.05727880075573921 -0.49841800508647627 0.040396378009465043
v -0.016477499157190323 -0.4984180061340152 0.06436127480759886
v -0.04946240037679672 -0.49841800508647627 0.040396378009465043
v -0.062061600387096405 -0.49841800339151815 0.001620258187760159
v -0.04946240037679672 -0.49841800508647627 0.040396378009465043
v -0.04946240037679672 -0.4984180016965618 -0.037155821354243376
v -0.016477499157190323 -0.4984180006490227 -0.0611207218776675
v -0.04946240037679672 -0.4984180016965618 -0.037155821354243376
v 0.024293899536132812 -0.4984180006490227 -0.0611207218776675
v 0.05727880075573921 -0.4984180016965618 -0.037155821354243376
v 0.05727880075573921 -0.4984180016965618 -0.037155821354243376
v 0.052570801228284836 -0.5309169904658986 0.03697567720110043
v 0.06405869871377945 -0.530916988920464 0.0016202567671843116
v 0.022495800629258156 -0.5309169914210318 0.05882657606298548
v 0.052570801228284836 -0.5309169904658986 0.03697567720110043
v -0.014679400250315666 -0.5309169914210318 0.05882657606298548
v -0.044754400849342346 -0.5309169904658986 0.03697567720110043
v -0.05624229833483696 -0.530916988920464 0.0016202567671843116
v -0.044754400849342346 -0.5309169904658986 0.03697567720110043
v -0.044754400849342346 -0.5309169873750312 -0.03373512338703045
v -0.014679400250315666 -0.530916986419898 -0.0555860222489155
v -0.044754400849342346 -0.5309169873750312 -0.03373512338703045
v 0.022495800629258156 -0.530916986419898 -0.0555860222489155
v 0.052570801228284836 -0.5309169873750312 -0.03373512338703045
v 0.052570801228284836 -0.5309169873750312 -0.03373512338703045
v 0.04371349886059761 -0.554132999324613 0.030540276311251568
v 0.05311010032892227 -0.5541329980604787 0.00162025575238027
v 0.019112499430775642 -0.5541330001058884 0.04841377399108115
v 0.04371349886059761 -0.554132999324613 0.030540276311251568
v -0.011296099983155727 -0.5541330001058884 0.04841377399108115
v -0.03589709848165512 -0.554132999324613 0.030540276311251568
v -0.04529369994997978 -0.5541329980604787 0.00162025575238027
v -0.03589709848165512 -0.554132999324613 0.030540276311251568
v -0.03589709848165512 -0.5541329967963461 -0.02729972452678968
v -0.011296099983155727 -0.5541329960150663 -0.045173322789457314
v -0.03589709848165512 -0.5541329967963461 -0.02729972452678968
v 0.019112499430775642 -0.5541329960150663 -0.045173322789457314
v 0.04371349886059761 -0.5541329967963461 -0.02729972452678968
v 0.04371349886059761 -0.5541329967963461 -0.02729972452678968
v 0.027105199173092842 -0.5719659932582377 0.018473974573351593
v 0.032581400126218796 -0.5719659925215382 0.0016202549728752853
v 0.05311010032892227 -0.5541329980604787 0.00162025575238027
v 0.04371349886059761 -0.554132999324613 0.030540276311251568
v 0.012768800370395184 -0.57196599371354 0.028890074375011166
v 0.019112499430775642 -0.5541330001058884 0.04841377399108115
v -0.004952449817210436 -0.57196599371354 0.028890074375011166
v -0.011296099983155727 -0.5541330001058884 0.04841377399108115
v -0.0192888006567955 -0.5719659932582377 0.018473974573351593
v -0.03589709848165512 -0.554132999324613 0.030540276311251568
v -0.024764999747276306 -0.5719659925215382 0.0016202549728752853
v -0.04529369994997978 -0.5541329980604787 0.00162025575238027
v -0.0192888006567955 -0.5719659917848404 -0.015233425279222244
v -0.03589709848165512 -0.5541329967963461 -0.02729972452678968
v -0.004952449817210436 -0.5719659913295383 -0.025649524149559247
v -0.011296099983155727 -0.5541329960150663 -0.045173322789457314
v 0.012768800370395184 -0.5719659913295383 -0.025649524149559247
v 0.019112499430775642 -0.5541329960150663 -0.045173322789457314
v 0.027105199173092842 -0.5719659917848404 -0.015233425279222244
v 0.04371349886059761 -0.5541329967963461 -0.02729972452678968
v 0.009993020445108414 -0.5782750251549613 0.006041014901182917
v 0.011429199948906898 -0.5782750249617238 0.0016202546970987045
v 0.006232270039618015 -0.5782750252743879 0.008773174936703708
v 0.0015841199783608317 -0.5782750252743879 0.008773174936703708
v -0.0021766400896012783 -0.5782750251549613 0.006041014901182917
v -0.0036127599887549877 -0.5782750249617238 0.0016202546970987045
v -0.0021766400896012783 -0.5782750247684867 -0.002800495262437188
v 0.0015841199783608317 -0.5782750246490601 -0.005532655065127334
v 0.006232270039618015 -0.5782750246490601 -0.005532655065127334
v 0.009993020445108414 -0.5782750247684867 -0.002800495262437188
v 0.025624100118875504 -0.3118599951975486 0.0016202663424701076
v 0.025626400485634804 -0.3196080029719016 0.0016202660037939142
v 0.021478699520230293 -0.31960800352990026 0.014385785906835324
v 0.02147649973630905 -0.31185999575548606 0.01438438646768187
v 0.02147649973630905 -0.31185999575548606 0.01438438646768187
v 0.021478699520230293 -0.31960800352990026 0.014385785906835324
v 0.010619400069117546 -0.31960800387477 0.022275486029012918
v 0.010618800297379494 -0.3118599961003121 0.022273087280736903
v -0.0028029698878526688 -0.31960800387477 0.022275486029012918
v -0.002802409930154681 -0.3118599961003121 0.022273087280736903
v -0.013662300072610378 -0.31960800352990465 0.014385886489673382
v -0.013660100288689137 -0.31185999575548606 0.01438438646768187
v -0.013660100288689137 -0.31185999575548606 0.01438438646768187
v -0.013662300072610378 -0.31960800352990465 0.014385886489673382
v -0.017810000106692314 -0.3196080029719016 0.0016202660037939142
v -0.017807699739933014 -0.3118599951975486 0.0016202663424701076
v -0.013662300072610378 -0.31960800241389603 -0.011145413853899687
v -0.013660100288689137 -0.31185999463961295 -0.011143813503040305
v -0.013660100288689137 -0.31185999463961295 -0.011143813503040305
v -0.013662300072610378 -0.31960800241389603 -0.011145413853899687
v -0.0028029698878526688 -0.319608002069035 -0.01903491374172374
v -0.002802409930154681 -0.3118599942947825 -0.019032613036288244
v 0.010619400069117546 -0.319608002069035 -0.01903491374172374
v 0.010618800297379494 -0.3118599942947825 -0.019032613036288244
v 0.021478699520230293 -0.31960800241389603 -0.011145413853899687
v 0.02147649973630905 -0.31185999463961295 -0.011143813503040305
v 0.02147649973630905 -0.31185999463961295 -0.011143813503040305
v 0.021478699520230293 -0.31960800241389603 -0.011145413853899687
v 0.029342200607061386 -0.3520239890329978 0.0016202645868460886
v 0.024484500288963318 -0.35202398968647525 0.016570085173326272
v 0.024484500288963318 -0.35202398968647525 0.016570085173326272
v 0.011767799966037273 -0.3520239900903423 0.02580948497899128
v -0.003951429855078459 -0.3520239900903423 0.02580948497899128
v -0.016668200492858887 -0.35202398968647525 0.016570085173326272
v -0.016668200492858887 -0.35202398968647525 0.016570085173326272
v -0.021525800228118896 -0.3520239890329978 0.0016202645868460886
v -0.016668200492858887 -0.35202398837952215 -0.013329515719932744
v -0.016668200492858887 -0.35202398837952215 -0.013329515719932744
v -0.003951429855078459 -0.3520239879756507 -0.022569016108435813
v 0.011767799966037273 -0.3520239879756507 -0.022569016108435813
v 0.024484500288963318 -0.35202398837952215 -0.013329515719932744
v 0.024484500288963318 -0.35202398837952215 -0.013329515719932744
v 0.037431299686431885 -0.4057300091498038 0.0016202622392812707
v 0.031028900295495987 -0.40573001001110265 0.02132448270652832
v 0.031028900295495987 -0.40573001001110265 0.02132448270652832
v 0.014267600141465664 -0.40573001054342 0.03350248276923239
v -0.006451210007071495 -0.40573001054342 0.03350248276923239
v -0.023212499916553497 -0.405730010011107 0.02132458142672123
v -0.023212499916553497 -0.405730010011107 0.02132458142672123
v -0.029614899307489395 -0.4057300091498038 0.0016202622392812707
v -0.023212499916553497 -0.405730008288498 -0.018084117251295394
v -0.023212499916553497 -0.405730008288498 -0.018084117251295394
v -0.006451210007071495 -0.40573000775618934 -0.0302619180109685
v 0.014267600141465664 -0.40573000775618934 -0.0302619180109685
v 0.031028900295495987 -0.405730008288498 -0.018084117251295394
v 0.031028900295495987 -0.405730008288498 -0.018084117251295394
v 0.0467802993953228 -0.4338360131495138 0.0016202610107287543
v 0.03859249874949455 -0.43383601425102863 0.026819981297492933
v 0.03859249874949455 -0.43383601425102863 0.026819981297492933
v 0.01715650036931038 -0.4338360149318029 0.04239428009653085
v -0.009340089745819569 -0.4338360149318029 0.04239428009653085
v -0.030776100233197212 -0.43383601425102863 0.026819981297492933
v -0.030776100233197212 -0.43383601425102863 0.026819981297492933
v -0.03896389901638031 -0.4338360131495138 0.0016202610107287543
v -0.030776100233197212 -0.43383601204800076 -0.023579418996334072
v -0.030776100233197212 -0.43383601204800076 -0.023579418996334072
v -0.009340089745819569 -0.4338360113672265 -0.03915371779537199
v 0.01715650036931038 -0.4338360113672265 -0.03915371779537199
v 0.03859249874949455 -0.43383601204800076 -0.023579418996334072
v 0.03859249874949455 -0.43383601204800076 -0.023579418996334072
v 0.06214810162782669 -0.46748200066019496 0.0016202595400158554
v 0.051025498658418655 -0.46748200215655045 0.03585288120326585
v 0.051025498658418655 -0.46748200215655045 0.03585288120326585
v 0.021905500441789627 -0.4674820030813436 0.05700968025145118
v -0.014089100062847137 -0.4674820030813436 0.05700968025145118
v -0.043209098279476166 -0.46748200215655045 0.03585288120326585
v -0.043209098279476166 -0.46748200215655045 0.03585288120326585
v -0.0543317012488842 -0.46748200066019496 0.0016202595400158554
v -0.043209098279476166 -0.46748199916384126 -0.032612321843532785
v -0.043209098279476166 -0.46748199916384126 -0.032612321843532785
v -0.014089100062847137 -0.4674819982390481 -0.05376912089171811
v 0.021905500441789627 -0.4674819982390481 -0.05376912089171811
v 0.051025498658418655 -0.46748199916384126 -0.032612321843532785
v 0.051025498658418655 -0.46748199916384126 -0.032612321843532785
v 0.06842579692602158 -0.49843299395967916 0.0016202581871049007
v 0.056103698909282684 -0.4984329956173209 0.039542679308143355
v 0.056103698909282684 -0.4984329956173209 0.039542679308143355
v 0.023845499381422997 -0.498432996641798 0.06297998186775751
v -0.016029100865125656 -0.498432996641798 0.06297998186775751
v -0.048287298530340195 -0.4984329956173209 0.039542679308143355
v -0.048287298530340195 -0.4984329956173209 0.039542679308143355
v -0.060609400272369385 -0.49843299395967916 0.0016202581871049007
v -0.048287298530340195 -0.4984329923020392 -0.03630212265423221
v -0.048287298530340195 -0.4984329923020392 -0.03630212265423221
v -0.016029100865125656 -0.49843299127755786 -0.05973952207139412
v 0.023845499381422997 -0.49843299127755786 -0.05973952207139412
v 0.056103698909282684 -0.4984329923020392 -0.03630212265423221
v 0.056103698909282684 -0.4984329923020392 -0.03630212265423221
v 0.06267129629850388 -0.5304859877340932 0.0016202567860239727
v 0.05144890025258064 -0.5304859892438942 0.03616047566921797
v 0.05144890025258064 -0.5304859892438942 0.03616047566921797
v 0.02206679992377758 -0.5304859901770057 0.057507577447009926
v -0.01425039954483509 -0.5304859901770057 0.057507577447009926
v -0.04363249987363815 -0.5304859892438942 0.03616047566921797
v -0.04363249987363815 -0.5304859892438942 0.03616047566921797
v -0.054854899644851685 -0.5304859877340932 0.0016202567860239727
v -0.04363249987363815 -0.530485986224294 -0.03291992181746867
v -0.04363249987363815 -0.530485986224294 -0.03291992181746867
v -0.01425039954483509 -0.5304859852911824 -0.05426702359526062
v 0.02206679992377758 -0.5304859852911824 -0.05426702359526062
v 0.05144890025258064 -0.530485986224294 -0.03291992181746867
v 0.05144890025258064 -0.530485986224294 -0.03291992181746867
v 0.051931701600551605 -0.553283989500298 0.0016202557894916148
v 0.04276010021567345 -0.5532839907341622 0.02984777654684638
v 0.04276010021567345 -0.5532839907341622 0.02984777654684638
v 0.01874840073287487 -0.5532839914967336 0.047293374344478584
v -0.01093200035393238 -0.5532839914967336 0.047293374344478584
v -0.03494369983673096 -0.5532839907341622 0.02984777654684638
v -0.03494369983673096 -0.5532839907341622 0.02984777654684638
v -0.044115301221609116 -0.553283989500298 0.0016202557894916148
v -0.03494369983673096 -0.5532839882664313 -0.02660732340835471
v -0.03494369983673096 -0.5532839882664313 -0.02660732340835471
v -0.01093200035393238 -0.5532839875038642 -0.044052822485794
v 0.01874840073287487 -0.5532839875038642 -0.044052822485794
v 0.04276010021567345 -0.5532839882664313 -0.02660732340835471
v 0.04276010021567345 -0.5532839882664313 -0.02660732340835471
v 0.051931701600551605 -0.553283989500298 0.0016202557894916148
v 0.03183700144290924 -0.5707190037481923 0.0016202550273828984
v 0.026502700522542 -0.570719004465755 0.018036174786693664
v 0.04276010021567345 -0.5532839907341622 0.02984777654684638
v 0.01253880001604557 -0.5707190049092333 0.02818177567184647
v 0.01874840073287487 -0.5532839914967336 0.047293374344478584
v -0.004722420126199722 -0.5707190049092333 0.02818177567184647
v -0.01093200035393238 -0.5532839914967336 0.047293374344478584
v -0.01868630014359951 -0.570719004465755 0.018036174786693664
v -0.03494369983673096 -0.5532839907341622 0.02984777654684638
v -0.024020599201321602 -0.5707190037481923 0.0016202550273828984
v -0.044115301221609116 -0.553283989500298 0.0016202557894916148
v -0.01868630014359951 -0.570719003030627 -0.014795725035064572
v -0.03494369983673096 -0.5532839882664313 -0.02660732340835471
v -0.004722420126199722 -0.5707190025871487 -0.024941324057572233
v -0.01093200035393238 -0.5532839875038642 -0.044052822485794
v 0.01253880001604557 -0.5707190025871487 -0.024941324057572233
v 0.01874840073287487 -0.5532839875038642 -0.044052822485794
v 0.026502700522542 -0.570719003030627 -0.014795725035064572
v 0.04276010021567345 -0.5532839882664313 -0.02660732340835471
v 0.011178599670529366 -0.5768449903242726 0.0016202547596075071
v 0.00979015976190567 -0.5768449905110715 0.0058937146569840995
v 0.006154669914394617 -0.5768449906265246 0.008534974349593407
v 0.0016617199871689081 -0.5768449906265246 0.008534974349593407
v -0.0019737700931727886 -0.5768449905110715 0.0058937146569840995
v -0.0033622300252318382 -0.5768449903242726 0.0016202547596075071
v -0.0019737700931727886 -0.576844990137468 -0.002653335290098888
v 0.0016617199871689081 -0.576844990022021 -0.0052944552843220034
v 0.006154669914394617 -0.576844990022021 -0.0052944552843220034
v 0.00979015976190567 -0.576844990137468 -0.002653335290098888
vt 0.9143350124359131 0.3988000154495239
vt 0.8978689908981323 0.4056199789047241
vt 0.891048014163971 0.42208701372146606
vt 0.891048014163971 0.42208701372146606
vt 0.8978689908981323 0.43855297565460205
vt 0.9143350124359131 0.4453740119934082
vt 0.9143350124359131 0.4453740119934082
vt 0.9308019876480103 0.43855297565460205
vt 0.9376220107078552 0.42208701372146606
vt 0.9143350124359131 0.4453740119934082
vt 0.9376220107078552 0.42208701372146606
vt 0.9308019876480103 0.4056199789047241
vt 0.8921639919281006 0.12456601858139038
vt 0.9070339798927307 0.1258230209350586
vt 0.9088330268859863 0.0820620059967041
vt 0.8972899913787842 0.08110398054122925
vt 0.9219570159912109 0.12578898668289185
vt 0.9204149842262268 0.08205199241638184
vt 0.9367430210113525 0.12442898750305176
vt 0.9320970177650452 0.08102399110794067
vt 0.9511150121688843 0.12174099683761597
vt 0.944021999835968 0.07873702049255371
vt 0.9648910164833069 0.11868900060653687
vt 0.95626300573349 0.07446897029876709
vt 0.8499559760093689 0.11396700143814087
vt 0.8634349703788757 0.11813902854919434
vt 0.8740329742431641 0.07586300373077393
vt 0.8621839880943298 0.07060402631759644
vt 0.8775389790534973 0.12199801206588745
vt 0.8857309818267822 0.07912099361419678
vt 0.9094769954681396 0.06630200147628784
vt 0.8994500041007996 0.06550401449203491
vt 0.9195370078086853 0.06632697582244873
vt 0.9293479919433594 0.06558501720428467
vt 0.938401997089386 0.06407099962234497
vt 0.9454860091209412 0.06103801727294922
vt 0.8808379769325256 0.06170797348022461
vt 0.8740270137786865 0.058103978633880615
vt 0.8897349834442139 0.0639600157737732
vt 0.9132450222969055 0.2999489903450012
vt 0.8971229791641235 0.2999669909477234
vt 0.8969579935073853 0.31059902906417847
vt 0.913424015045166 0.31060099601745605
vt 0.8810459971427917 0.2995550036430359
vt 0.8804759979248047 0.3101459741592407
vt 0.8653150200843811 0.2986980080604553
vt 0.8638730049133301 0.30913400650024414
vt 0.850928008556366 0.2962629795074463
vt 0.8467350006103516 0.30688297748565674
vt 0.9753299951553345 0.29416900873184204
vt 0.9610400199890137 0.29711097478866577
vt 0.9628430008888245 0.30748701095581055
vt 0.9798920154571533 0.3046339750289917
vt 0.9453679919242859 0.2985190153121948
vt 0.9462739825248718 0.30908000469207764
vt 0.9293439984321594 0.29945600032806396
vt 0.9298449754714966 0.31009000539779663
vt 0.8962000012397766 0.37060999870300293
vt 0.9143670201301575 0.37062597274780273
vt 0.8780480027198792 0.3700770139694214
vt 0.8598909974098206 0.3688439726829529
vt 0.8419679999351501 0.3673040270805359
vt 0.9689270257949829 0.3670160174369812
vt 0.9867839813232422 0.3648480176925659
vt 0.9508280158042908 0.36887800693511963
vt 0.9326170086860657 0.3700529932975769
vt 0.78165602684021 0.9619951993227005
vt 0.78854900598526 0.9619951993227005
vt 0.78854900598526 0.06287801265716553
vt 0.78165602684021 0.06287801265716553
vt 0.78854900598526 0.9619951993227005
vt 0.7954429984092712 0.9619951993227005
vt 0.7954429984092712 0.06287801265716553
vt 0.78854900598526 0.06287801265716553
vt 0.7402949929237366 0.9619951993227005
vt 0.7471889853477478 0.9619951993227005
vt 0.7471889853477478 0.06287801265716553
vt 0.7402949929237366 0.06287801265716553
vt 0.7471889853477478 0.9619951993227005
vt 0.7540820240974426 0.9619951993227005
vt 0.7540820240974426 0.06287801265716553
vt 0.7471889853477478 0.06287801265716553
vt 0.7540820240974426 0.9619951993227005
vt 0.7609760165214539 0.9619951993227005
vt 0.7609760165214539 0.06287801265716553
vt 0.7540820240974426 0.06287801265716553
vt 0.7609760165214539 0.9619951993227005
vt 0.7678689956665039 0.9619951993227005
vt 0.7678689956665039 0.06287801265716553
vt 0.7609760165214539 0.06287801265716553
vt 0.7678689956665039 0.9619951993227005
vt 0.774761974811554 0.9619951993227005
vt 0.774761974811554 0.06287801265716553
vt 0.7678689956665039 0.06287801265716553
vt 0.774761974811554 0.9619951993227005
vt 0.78165602684021 0.9619951993227005
vt 0.78165602684021 0.06287801265716553
vt 0.774761974811554 0.06287801265716553
vt 0.906548023223877 0.21486401557922363
vt 0.9086859822273254 0.20831000804901123
vt 0.8832569718360901 0.18654298782348633
vt 0.8731750249862671 0.2174530029296875
vt 0.9086859822273254 0.20831000804901123
vt 0.9148319959640503 0.20518797636032104
vt 0.9122430086135864 0.17181497812271118
vt 0.9148319959640503 0.20518797636032104
vt 0.9213860034942627 0.20732498168945312
vt 0.943153977394104 0.18189698457717896
vt 0.9213860034942627 0.20732498168945312
vt 0.9245089888572693 0.21347099542617798
vt 0.957880973815918 0.2108830213546753
vt 0.943153977394104 0.18189698457717896
vt 0.922370970249176 0.22002500295639038
vt 0.947799026966095 0.2417929768562317
vt 0.916225016117096 0.22314798831939697
vt 0.9188129901885986 0.25652098655700684
vt 0.9096710085868835 0.2210100293159485
vt 0.8879029750823975 0.24643898010253906
vt 0.9096710085868835 0.2210100293159485
vt 0.8731750249862671 0.2174530029296875
vt 0.8832569718360901 0.18654298782348633
vt 0.8702570199966431 0.18230301141738892
vt 0.8702570199966431 0.18230301141738892
vt 0.8601750135421753 0.2132120132446289
vt 0.8731750249862671 0.2174530029296875
vt 0.8832569718360901 0.18654298782348633
vt 0.9122430086135864 0.17181497812271118
vt 0.9060490131378174 0.15962398052215576
vt 0.877062976360321 0.1743519902229309
vt 0.9122430086135864 0.17181497812271118
vt 0.943153977394104 0.18189698457717896
vt 0.9473940134048462 0.16889697313308716
vt 0.916483998298645 0.15881502628326416
vt 0.943153977394104 0.18189698457717896
vt 0.957880973815918 0.2108830213546753
vt 0.9700719714164734 0.20468801259994507
vt 0.955344021320343 0.1757029891014099
vt 0.957880973815918 0.2108830213546753
vt 0.947799026966095 0.2417929768562317
vt 0.960798978805542 0.24603301286697388
vt 0.970881998538971 0.2151229977607727
vt 0.947799026966095 0.2417929768562317
vt 0.9188129901885986 0.25652098655700684
vt 0.9250079989433289 0.2687109708786011
vt 0.953993022441864 0.2539839744567871
vt 0.9188129901885986 0.25652098655700684
vt 0.8879029750823975 0.24643898010253906
vt 0.8836629986763 0.25943899154663086
vt 0.9145730137825012 0.26952099800109863
vt 0.8879029750823975 0.24643898010253906
vt 0.8731750249862671 0.2174530029296875
vt 0.8609840273857117 0.22364699840545654
vt 0.875711977481842 0.2526329755783081
vt 0.2914479970932007 0.4212080240249634
vt 0.2760950028896332 0.5471520125865936
vt 0.2804870009422302 0.5725739896297455
vt 0.2804870009422302 0.5725739896297455
vt 0.3016990125179291 0.39753997325897217
vt 0.2914479970932007 0.4212080240249634
vt 0.18586599826812744 0.47242099046707153
vt 0.2914479970932007 0.4212080240249634
vt 0.3016990125179291 0.39753997325897217
vt 0.3016990125179291 0.39753997325897217
vt 0.17062300443649292 0.4704430103302002
vt 0.18586599826812744 0.47242099046707153
vt 0.2760950028896332 0.5471520125865936
vt 0.18586599826812744 0.47242099046707153
vt 0.17062300443649292 0.4704430103302002
vt 0.17062300443649292 0.4704430103302002
vt 0.2804870009422302 0.5725739896297455
vt 0.2760950028896332 0.5471520125865936
vt 0.16113600134849548 0.3403180241584778
vt 0.276172012090683 0.39384299516677856
vt 0.3016990125179291 0.39753997325897217
vt 0.3016990125179291 0.39753997325897217
vt 0.1417900025844574 0.3232809901237488
vt 0.16113600134849548 0.3403180241584778
vt 0.17721399664878845 0.4565579891204834
vt 0.16113600134849548 0.3403180241584778
vt 0.1417900025844574 0.3232809901237488
vt 0.1417900025844574 0.3232809901237488
vt 0.17062300443649292 0.4704430103302002
vt 0.17721399664878845 0.4565579891204834
vt 0.276172012090683 0.39384299516677856
vt 0.17721399664878845 0.4565579891204834
vt 0.17062300443649292 0.4704430103302002
vt 0.17062300443649292 0.4704430103302002
vt 0.3016990125179291 0.39753997325897217
vt 0.276172012090683 0.39384299516677856
vt 0.043932899832725525 0.43926602602005005
vt 0.13037900626659393 0.3463919758796692
vt 0.1417900025844574 0.3232809901237488
vt 0.1417900025844574 0.3232809901237488
vt 0.021750200539827347 0.4524109959602356
vt 0.043932899832725525 0.43926602602005005
vt 0.15945400297641754 0.45988398790359497
vt 0.043932899832725525 0.43926602602005005
vt 0.021750200539827347 0.4524109959602356
vt 0.021750200539827347 0.4524109959602356
vt 0.17062300443649292 0.4704430103302002
vt 0.15945400297641754 0.45988398790359497
vt 0.13037900626659393 0.3463919758796692
vt 0.15945400297641754 0.45988398790359497
vt 0.17062300443649292 0.4704430103302002
vt 0.17062300443649292 0.4704430103302002
vt 0.1417900025844574 0.3232809901237488
vt 0.13037900626659393 0.3463919758796692
vt 0.10182899981737137 0.5813030004501343
vt 0.04020639881491661 0.470395028591156
vt 0.021750200539827347 0.4524109959602356
vt 0.021750200539827347 0.4524109959602356
vt 0.10746400058269501 0.6064839959144592
vt 0.10182899981737137 0.5813030004501343
vt 0.15712900459766388 0.4778040051460266
vt 0.10182899981737137 0.5813030004501343
vt 0.10746400058269501 0.6064839959144592
vt 0.10746400058269501 0.6064839959144592
vt 0.17062300443649292 0.4704430103302002
vt 0.15712900459766388 0.4778040051460266
vt 0.04020639881491661 0.470395028591156
vt 0.15712900459766388 0.4778040051460266
vt 0.17062300443649292 0.4704430103302002
vt 0.17062300443649292 0.4704430103302002
vt 0.021750200539827347 0.4524109959602356
vt 0.04020639881491661 0.470395028591156
vt 0.25479501485824585 0.5701319873332977
vt 0.1302729994058609 0.5944620072841644
vt 0.10746400058269501 0.6064839959144592
vt 0.10746400058269501 0.6064839959144592
vt 0.2804870009422302 0.5725739896297455
vt 0.25479501485824585 0.5701319873332977
vt 0.17345300316810608 0.48555099964141846
vt 0.25479501485824585 0.5701319873332977
vt 0.2804870009422302 0.5725739896297455
vt 0.2804870009422302 0.5725739896297455
vt 0.17062300443649292 0.4704430103302002
vt 0.17345300316810608 0.48555099964141846
vt 0.1302729994058609 0.5944620072841644
vt 0.17345300316810608 0.48555099964141846
vt 0.17062300443649292 0.4704430103302002
vt 0.17062300443649292 0.4704430103302002
vt 0.10746400058269501 0.6064839959144592
vt 0.1302729994058609 0.5944620072841644
vt 0.041679300367832184 0.8238479942083359
vt 0.16259700059890747 0.8261349946260452
vt 0.1828799992799759 0.8149749934673309
vt 0.1828799992799759 0.8149749934673309
vt 0.023133400827646255 0.8123700022697449
vt 0.041679300367832184 0.8238479942083359
vt 0.098443903028965 0.9246617034077644
vt 0.041679300367832184 0.8238479942083359
vt 0.023133400827646255 0.8123700022697449
vt 0.023133400827646255 0.8123700022697449
vt 0.09703180193901062 0.9463580995798111
vt 0.098443903028965 0.9246617034077644
vt 0.16259700059890747 0.8261349946260452
vt 0.098443903028965 0.9246617034077644
vt 0.09703180193901062 0.9463580995798111
vt 0.09703180193901062 0.9463580995798111
vt 0.1828799992799759 0.8149749934673309
vt 0.16259700059890747 0.8261349946260452
vt 0.20200400054454803 0.8262050002813339
vt 0.3229149878025055 0.8246819972991943
vt 0.3434300124645233 0.8132759928703308
vt 0.3434300124645233 0.8132759928703308
vt 0.1828799992799759 0.8149749934673309
vt 0.20200400054454803 0.8262050002813339
vt 0.2601099908351898 0.9249698966741562
vt 0.20200400054454803 0.8262050002813339
vt 0.1828799992799759 0.8149749934673309
vt 0.1828799992799759 0.8149749934673309
vt 0.25904199481010437 0.9465756006538868
vt 0.2601099908351898 0.9249698966741562
vt 0.3229149878025055 0.8246819972991943
vt 0.2601099908351898 0.9249698966741562
vt 0.25904199481010437 0.9465756006538868
vt 0.25904199481010437 0.9465756006538868
vt 0.3434300124645233 0.8132759928703308
vt 0.3229149878025055 0.8246819972991943
vt 0.24019500613212585 0.9353549033403397
vt 0.11796700209379196 0.9353225007653236
vt 0.09703180193901062 0.9463580995798111
vt 0.09703180193901062 0.9463580995798111
vt 0.25904199481010437 0.9465756006538868
vt 0.24019500613212585 0.9353549033403397
vt 0.18189500272274017 0.8372859954833984
vt 0.24019500613212585 0.9353549033403397
vt 0.25904199481010437 0.9465756006538868
vt 0.25904199481010437 0.9465756006538868
vt 0.1828799992799759 0.8149749934673309
vt 0.18189500272274017 0.8372859954833984
vt 0.11796700209379196 0.9353225007653236
vt 0.18189500272274017 0.8372859954833984
vt 0.1828799992799759 0.8149749934673309
vt 0.1828799992799759 0.8149749934673309
vt 0.09703180193901062 0.9463580995798111
vt 0.11796700209379196 0.9353225007653236
vt 0.4722070097923279 0.4988660216331482
vt 0.5888820290565491 0.5113979876041412
vt 0.6100980043411255 0.49674201011657715
vt 0.6100980043411255 0.49674201011657715
vt 0.4603300094604492 0.48910999298095703
vt 0.4722070097923279 0.4988660216331482
vt 0.5091059803962708 0.61006098985672
vt 0.4722070097923279 0.4988660216331482
vt 0.4603300094604492 0.48910999298095703
vt 0.4603300094604492 0.48910999298095703
vt 0.4993300139904022 0.6339089870452881
vt 0.5091059803962708 0.61006098985672
vt 0.5888820290565491 0.5113979876041412
vt 0.5091059803962708 0.61006098985672
vt 0.4993300139904022 0.6339089870452881
vt 0.4993300139904022 0.6339089870452881
vt 0.6100980043411255 0.49674201011657715
vt 0.5888820290565491 0.5113979876041412
vt 0.45471999049186707 0.5034199953079224
vt 0.47884601354599 0.618259996175766
vt 0.4993300139904022 0.6339089870452881
vt 0.4993300139904022 0.6339089870452881
vt 0.4603300094604492 0.48910999298095703
vt 0.45471999049186707 0.5034199953079224
vt 0.36036500334739685 0.5728670060634613
vt 0.45471999049186707 0.5034199953079224
vt 0.4603300094604492 0.48910999298095703
vt 0.4603300094604492 0.48910999298095703
vt 0.33464398980140686 0.5709530115127563
vt 0.36036500334739685 0.5728670060634613
vt 0.47884601354599 0.618259996175766
vt 0.36036500334739685 0.5728670060634613
vt 0.33464398980140686 0.5709530115127563
vt 0.33464398980140686 0.5709530115127563
vt 0.4993300139904022 0.6339089870452881
vt 0.47884601354599 0.618259996175766
vt 0.4449869990348816 0.4881970286369324
vt 0.3432219922542572 0.5466299951076508
vt 0.33464398980140686 0.5709530115127563
vt 0.33464398980140686 0.5709530115127563
vt 0.4603300094604492 0.48910999298095703
vt 0.4449869990348816 0.4881970286369324
vt 0.3497779965400696 0.41992300748825073
vt 0.4449869990348816 0.4881970286369324
vt 0.4603300094604492 0.48910999298095703
vt 0.4603300094604492 0.48910999298095703
vt 0.34362900257110596 0.39486801624298096
vt 0.3497779965400696 0.41992300748825073
vt 0.3432219922542572 0.5466299951076508
vt 0.3497779965400696 0.41992300748825073
vt 0.34362900257110596 0.39486801624298096
vt 0.34362900257110596 0.39486801624298096
vt 0.33464398980140686 0.5709530115127563
vt 0.3432219922542572 0.5466299951076508
vt 0.4564560055732727 0.47423499822616577
vt 0.36942800879478455 0.3955169916152954
vt 0.34362900257110596 0.39486801624298096
vt 0.34362900257110596 0.39486801624298096
vt 0.4603300094604492 0.48910999298095703
vt 0.4564560055732727 0.47423499822616577
vt 0.4919559955596924 0.36258500814437866
vt 0.4564560055732727 0.47423499822616577
vt 0.4603300094604492 0.48910999298095703
vt 0.4603300094604492 0.48910999298095703
vt 0.5138739943504333 0.34900397062301636
vt 0.4919559955596924 0.36258500814437866
vt 0.36942800879478455 0.3955169916152954
vt 0.4919559955596924 0.36258500814437866
vt 0.5138739943504333 0.34900397062301636
vt 0.5138739943504333 0.34900397062301636
vt 0.34362900257110596 0.39486801624298096
vt 0.36942800879478455 0.3955169916152954
vt 0.4732789993286133 0.48082900047302246
vt 0.521245002746582 0.3737329840660095
vt 0.5138739943504333 0.34900397062301636
vt 0.5138739943504333 0.34900397062301636
vt 0.4603300094604492 0.48910999298095703
vt 0.4732789993286133 0.48082900047302246
vt 0.5904340147972107 0.4800860285758972
vt 0.4732789993286133 0.48082900047302246
vt 0.4603300094604492 0.48910999298095703
vt 0.4603300094604492 0.48910999298095703
vt 0.6100980043411255 0.49674201011657715
vt 0.5904340147972107 0.4800860285758972
vt 0.521245002746582 0.3737329840660095
vt 0.5904340147972107 0.4800860285758972
vt 0.6100980043411255 0.49674201011657715
vt 0.6100980043411255 0.49674201011657715
vt 0.5138739943504333 0.34900397062301636
vt 0.521245002746582 0.3737329840660095
vt 0.041679300367832184 0.8238479942083359
vt 0.16259700059890747 0.8261349946260452
vt 0.1828799992799759 0.8149749934673309
vt 0.1828799992799759 0.8149749934673309
vt 0.023133400827646255 0.8123700022697449
vt 0.041679300367832184 0.8238479942083359
vt 0.098443903028965 0.9246617034077644
vt 0.041679300367832184 0.8238479942083359
vt 0.023133400827646255 0.8123700022697449
vt 0.023133400827646255 0.8123700022697449
vt 0.09703180193901062 0.9463580995798111
vt 0.098443903028965 0.9246617034077644
vt 0.16259700059890747 0.8261349946260452
vt 0.098443903028965 0.9246617034077644
vt 0.09703180193901062 0.9463580995798111
vt 0.09703180193901062 0.9463580995798111
vt 0.1828799992799759 0.8149749934673309
vt 0.16259700059890747 0.8261349946260452
vt 0.20200400054454803 0.8262050002813339
vt 0.3229149878025055 0.8246819972991943
vt 0.3434300124645233 0.8132759928703308
vt 0.3434300124645233 0.8132759928703308
vt 0.1828799992799759 0.8149749934673309
vt 0.20200400054454803 0.8262050002813339
vt 0.2601099908351898 0.9249698966741562
vt 0.20200400054454803 0.8262050002813339
vt 0.1828799992799759 0.8149749934673309
vt 0.1828799992799759 0.8149749934673309
vt 0.25904199481010437 0.9465756006538868
vt 0.2601099908351898 0.9249698966741562
vt 0.3229149878025055 0.8246819972991943
vt 0.2601099908351898 0.9249698966741562
vt 0.25904199481010437 0.9465756006538868
vt 0.25904199481010437 0.9465756006538868
vt 0.3434300124645233 0.8132759928703308
vt 0.3229149878025055 0.8246819972991943
vt 0.3229149878025055 0.8246819972991943
vt 0.2601099908351898 0.9249698966741562
vt 0.25904199481010437 0.9465756006538868
vt 0.25904199481010437 0.9465756006538868
vt 0.3434300124645233 0.8132759928703308
vt 0.3229149878025055 0.8246819972991943
vt 0.20200400054454803 0.8262050002813339
vt 0.3229149878025055 0.8246819972991943
vt 0.3434300124645233 0.8132759928703308
vt 0.3434300124645233 0.8132759928703308
vt 0.1828799992799759 0.8149749934673309
vt 0.20200400054454803 0.8262050002813339
vt 0.2601099908351898 0.9249698966741562
vt 0.20200400054454803 0.8262050002813339
vt 0.1828799992799759 0.8149749934673309
vt 0.1828799992799759 0.8149749934673309
vt 0.25904199481010437 0.9465756006538868
vt 0.2601099908351898 0.9249698966741562
vt 0.11796700209379196 0.9353225007653236
vt 0.18189500272274017 0.8372859954833984
vt 0.1828799992799759 0.8149749934673309
vt 0.1828799992799759 0.8149749934673309
vt 0.09703180193901062 0.9463580995798111
vt 0.11796700209379196 0.9353225007653236
vt 0.24019500613212585 0.9353549033403397
vt 0.11796700209379196 0.9353225007653236
vt 0.09703180193901062 0.9463580995798111
vt 0.09703180193901062 0.9463580995798111
vt 0.25904199481010437 0.9465756006538868
vt 0.24019500613212585 0.9353549033403397
vt 0.18189500272274017 0.8372859954833984
vt 0.24019500613212585 0.9353549033403397
vt 0.25904199481010437 0.9465756006538868
vt 0.25904199481010437 0.9465756006538868
vt 0.1828799992799759 0.8149749934673309
vt 0.18189500272274017 0.8372859954833984
vt 0.11796700209379196 0.9353225007653236
vt 0.18189500272274017 0.8372859954833984
vt 0.1828799992799759 0.8149749934673309
vt 0.1828799992799759 0.8149749934673309
vt 0.09703180193901062 0.9463580995798111
vt 0.11796700209379196 0.9353225007653236
vt 0.24019500613212585 0.9353549033403397
vt 0.11796700209379196 0.9353225007653236
vt 0.09703180193901062 0.9463580995798111
vt 0.09703180193901062 0.9463580995798111
vt 0.25904199481010437 0.9465756006538868
vt 0.24019500613212585 0.9353549033403397
vt 0.18189500272274017 0.8372859954833984
vt 0.24019500613212585 0.9353549033403397
vt 0.25904199481010437 0.9465756006538868
vt 0.25904199481010437 0.9465756006538868
vt 0.1828799992799759 0.8149749934673309
vt 0.18189500272274017 0.8372859954833984
vt 0.16259700059890747 0.8261349946260452
vt 0.098443903028965 0.9246617034077644
vt 0.09703180193901062 0.9463580995798111
vt 0.09703180193901062 0.9463580995798111
vt 0.1828799992799759 0.8149749934673309
vt 0.16259700059890747 0.8261349946260452
vt 0.041679300367832184 0.8238479942083359
vt 0.16259700059890747 0.8261349946260452
vt 0.1828799992799759 0.8149749934673309
vt 0.1828799992799759 0.8149749934673309
vt 0.023133400827646255 0.8123700022697449
vt 0.041679300367832184 0.8238479942083359
vt 0.098443903028965 0.9246617034077644
vt 0.041679300367832184 0.8238479942083359
vt 0.023133400827646255 0.8123700022697449
vt 0.023133400827646255 0.8123700022697449
vt 0.09703180193901062 0.9463580995798111
vt 0.098443903028965 0.9246617034077644
vt 0.11796700209379196 0.9353225007653236
vt 0.18189500272274017 0.8372859954833984
vt 0.1828799992799759 0.8149749934673309
vt 0.1828799992799759 0.8149749934673309
vt 0.09703180193901062 0.9463580995798111
vt 0.11796700209379196 0.9353225007653236
vt 0.24019500613212585 0.9353549033403397
vt 0.11796700209379196 0.9353225007653236
vt 0.09703180193901062 0.9463580995798111
vt 0.09703180193901062 0.9463580995798111
vt 0.25904199481010437 0.9465756006538868
vt 0.24019500613212585 0.9353549033403397
vt 0.18189500272274017 0.8372859954833984
vt 0.24019500613212585 0.9353549033403397
vt 0.25904199481010437 0.9465756006538868
vt 0.25904199481010437 0.9465756006538868
vt 0.1828799992799759 0.8149749934673309
vt 0.18189500272274017 0.8372859954833984
vt 0.5396559834480286 0.05847501754760742
vt 0.5358880162239075 0.07926297187805176
vt 0.5461040139198303 0.20620602369308472
vt 0.5461040139198303 0.20620602369308472
vt 0.5531489849090576 0.22612297534942627
vt 0.5396559834480286 0.05847501754760742
vt 0.5531489849090576 0.22612297534942627
vt 0.5461040139198303 0.20620602369308472
vt 0.4426940083503723 0.15064597129821777
vt 0.4426940083503723 0.15064597129821777
vt 0.43102800846099854 0.15158498287200928
vt 0.5531489849090576 0.22612297534942627
vt 0.43102800846099854 0.15158498287200928
vt 0.4426940083503723 0.15064597129821777
vt 0.5358880162239075 0.07926297187805176
vt 0.5358880162239075 0.07926297187805176
vt 0.5396559834480286 0.05847501754760742
vt 0.43102800846099854 0.15158498287200928
vt 0.5531489849090576 0.22612297534942627
vt 0.5322139859199524 0.22896301746368408
vt 0.41464099287986755 0.27790701389312744
vt 0.41464099287986755 0.27790701389312744
vt 0.39787501096725464 0.2907620072364807
vt 0.5531489849090576 0.22612297534942627
vt 0.39787501096725464 0.2907620072364807
vt 0.41464099287986755 0.27790701389312744
vt 0.4355260133743286 0.16238898038864136
vt 0.4355260133743286 0.16238898038864136
vt 0.43102800846099854 0.15158498287200928
vt 0.39787501096725464 0.2907620072364807
vt 0.43102800846099854 0.15158498287200928
vt 0.4355260133743286 0.16238898038864136
vt 0.5322139859199524 0.22896301746368408
vt 0.5322139859199524 0.22896301746368408
vt 0.5531489849090576 0.22612297534942627
vt 0.43102800846099854 0.15158498287200928
vt 0.39787501096725464 0.2907620072364807
vt 0.38870498538017273 0.2717289924621582
vt 0.30582401156425476 0.1750349998474121
vt 0.2884179949760437 0.1630619764328003
vt 0.2884179949760437 0.1630619764328003
vt 0.30582401156425476 0.1750349998474121
vt 0.42214301228523254 0.1592010259628296
vt 0.42214301228523254 0.1592010259628296
vt 0.43102800846099854 0.15158498287200928
vt 0.2884179949760437 0.1630619764328003
vt 0.43102800846099854 0.15158498287200928
vt 0.42214301228523254 0.1592010259628296
vt 0.38870498538017273 0.2717289924621582
vt 0.38870498538017273 0.2717289924621582
vt 0.39787501096725464 0.2907620072364807
vt 0.43102800846099854 0.15158498287200928
vt 0.2884179949760437 0.1630619764328003
vt 0.3036850094795227 0.14845901727676392
vt 0.37003499269485474 0.03975498676300049
vt 0.37003499269485474 0.03975498676300049
vt 0.37604400515556335 0.0195009708404541
vt 0.2884179949760437 0.1630619764328003
vt 0.37604400515556335 0.0195009708404541
vt 0.37003499269485474 0.03975498676300049
vt 0.42103898525238037 0.1454870104789734
vt 0.42103898525238037 0.1454870104789734
vt 0.43102800846099854 0.15158498287200928
vt 0.37604400515556335 0.0195009708404541
vt 0.43102800846099854 0.15158498287200928
vt 0.42103898525238037 0.1454870104789734
vt 0.3036850094795227 0.14845901727676392
vt 0.3036850094795227 0.14845901727676392
vt 0.2884179949760437 0.1630619764328003
vt 0.43102800846099854 0.15158498287200928
vt 0.37604400515556335 0.0195009708404541
vt 0.39465001225471497 0.029509007930755615
vt 0.5185369849205017 0.05901998281478882
vt 0.5185369849205017 0.05901998281478882
vt 0.5396559834480286 0.05847501754760742
vt 0.37604400515556335 0.0195009708404541
vt 0.5396559834480286 0.05847501754760742
vt 0.5185369849205017 0.05901998281478882
vt 0.4337399899959564 0.14020001888275146
vt 0.4337399899959564 0.14020001888275146
vt 0.43102800846099854 0.15158498287200928
vt 0.5396559834480286 0.05847501754760742
vt 0.43102800846099854 0.15158498287200928
vt 0.4337399899959564 0.14020001888275146
vt 0.39465001225471497 0.029509007930755615
vt 0.39465001225471497 0.029509007930755615
vt 0.37604400515556335 0.0195009708404541
vt 0.43102800846099854 0.15158498287200928
vt 0.10886099934577942 0.6597299873828888
vt 0.1257299929857254 0.6687720119953156
vt 0.2466060072183609 0.6693949997425079
vt 0.2466060072183609 0.6693949997425079
vt 0.2616330087184906 0.6604779958724976
vt 0.10886099934577942 0.6597299873828888
vt 0.2616330087184906 0.6604779958724976
vt 0.2466060072183609 0.6693949997425079
vt 0.18931500613689423 0.768657997250557
vt 0.18931500613689423 0.768657997250557
vt 0.18996800482273102 0.7859629988670349
vt 0.2616330087184906 0.6604779958724976
vt 0.18996800482273102 0.7859629988670349
vt 0.18931500613689423 0.768657997250557
vt 0.1257299929857254 0.6687720119953156
vt 0.1257299929857254 0.6687720119953156
vt 0.10886099934577942 0.6597299873828888
vt 0.18996800482273102 0.7859629988670349
vt 0.10886099934577942 0.6597299873828888
vt 0.1257299929857254 0.6687720119953156
vt 0.2466060072183609 0.6693949997425079
vt 0.2466060072183609 0.6693949997425079
vt 0.2616330087184906 0.6604779958724976
vt 0.10886099934577942 0.6597299873828888
vt 0.2616330087184906 0.6604779958724976
vt 0.2466060072183609 0.6693949997425079
vt 0.18931500613689423 0.768657997250557
vt 0.18931500613689423 0.768657997250557
vt 0.18996800482273102 0.7859629988670349
vt 0.2616330087184906 0.6604779958724976
vt 0.18996800482273102 0.7859629988670349
vt 0.18931500613689423 0.768657997250557
vt 0.1257299929857254 0.6687720119953156
vt 0.1257299929857254 0.6687720119953156
vt 0.10886099934577942 0.6597299873828888
vt 0.18996800482273102 0.7859629988670349
vt 0.18996800482273102 0.7859629988670349
vt 0.17310300469398499 0.7769069969654083
vt 0.05221939831972122 0.7761770039796829
vt 0.03720949962735176 0.7850400060415268
vt 0.10953299701213837 0.6769959926605225
vt 0.10886099934577942 0.6597299873828888
vt 0.03720949962735176 0.7850400060415268
vt 0.03720949962735176 0.7850400060415268
vt 0.05221939831972122 0.7761770039796829
vt 0.10953299701213837 0.6769959926605225
vt 0.18996800482273102 0.7859629988670349
vt 0.10886099934577942 0.6597299873828888
vt 0.10953299701213837 0.6769959926605225
vt 0.10953299701213837 0.6769959926605225
vt 0.17310300469398499 0.7769069969654083
vt 0.18996800482273102 0.7859629988670349
vt 0.1328209936618805 0.15218102931976318
vt -0.002606630092486739 0.10604202747344971
vt 0.008608460426330566 0.12394601106643677
vt 0.008608460426330566 0.12394601106643677
vt 0.12164100259542465 0.15563899278640747
vt 0.1328209936618805 0.15218102931976318
vt 0.1328209936618805 0.15218102931976318
vt 0.12164100259542465 0.15563899278640747
vt 0.04623910039663315 0.2456129789352417
vt 0.04623910039663315 0.2456129789352417
vt 0.047090500593185425 0.26672297716140747
vt 0.1328209936618805 0.15218102931976318
vt 0.008608460426330566 0.12394601106643677
vt -0.002606630092486739 0.10604202747344971
vt 0.047090500593185425 0.26672297716140747
vt 0.047090500593185425 0.26672297716140747
vt 0.04623910039663315 0.2456129789352417
vt 0.008608460426330566 0.12394601106643677
vt 0.047090500593185425 0.26672297716140747
vt 0.0675840973854065 0.261588990688324
vt 0.13265499472618103 0.16388297080993652
vt 0.13265499472618103 0.16388297080993652
vt 0.1328209936618805 0.15218102931976318
vt 0.047090500593185425 0.26672297716140747
vt 0.1328209936618805 0.15218102931976318
vt 0.13265499472618103 0.16388297080993652
vt 0.194924995303154 0.2633979916572571
vt 0.194924995303154 0.2633979916572571
vt 0.21526400744915009 0.2691109776496887
vt 0.1328209936618805 0.15218102931976318
vt 0.21526400744915009 0.2691109776496887
vt 0.194924995303154 0.2633979916572571
vt 0.0675840973854065 0.261588990688324
vt 0.0675840973854065 0.261588990688324
vt 0.047090500593185425 0.26672297716140747
vt 0.21526400744915009 0.2691109776496887
vt 0.21526400744915009 0.2691109776496887
vt 0.2167149931192398 0.24803400039672852
vt 0.14389899373054504 0.1559550166130066
vt 0.14389899373054504 0.1559550166130066
vt 0.1328209936618805 0.15218102931976318
vt 0.21526400744915009 0.2691109776496887
vt 0.1328209936618805 0.15218102931976318
vt 0.14389899373054504 0.1559550166130066
vt 0.25778499245643616 0.1274849772453308
vt 0.25778499245643616 0.1274849772453308
vt 0.26950401067733765 0.10990601778030396
vt 0.1328209936618805 0.15218102931976318
vt 0.26950401067733765 0.10990601778030396
vt 0.25778499245643616 0.1274849772453308
vt 0.2167149931192398 0.24803400039672852
vt 0.2167149931192398 0.24803400039672852
vt 0.21526400744915009 0.2691109776496887
vt 0.26950401067733765 0.10990601778030396
vt 0.26950401067733765 0.10990601778030396
vt 0.2499070018529892 0.10201400518417358
vt 0.139833003282547 0.14281201362609863
vt 0.139833003282547 0.14281201362609863
vt 0.1328209936618805 0.15218102931976318
vt 0.26950401067733765 0.10990601778030396
vt 0.1328209936618805 0.15218102931976318
vt 0.139833003282547 0.14281201362609863
vt 0.1479489952325821 0.02570199966430664
vt 0.1479489952325821 0.02570199966430664
vt 0.13485300540924072 0.00912398099899292
vt 0.1328209936618805 0.15218102931976318
vt 0.13485300540924072 0.00912398099899292
vt 0.1479489952325821 0.02570199966430664
vt 0.2499070018529892 0.10201400518417358
vt 0.2499070018529892 0.10201400518417358
vt 0.26950401067733765 0.10990601778030396
vt 0.13485300540924072 0.00912398099899292
vt 0.13485300540924072 0.00912398099899292
vt 0.12128999829292297 0.02532297372817993
vt 0.12607699632644653 0.14261698722839355
vt 0.12607699632644653 0.14261698722839355
vt 0.1328209936618805 0.15218102931976318
vt 0.13485300540924072 0.00912398099899292
vt 0.017206499353051186 0.09870898723602295
vt -0.002606630092486739 0.10604202747344971
vt 0.1328209936618805 0.15218102931976318
vt 0.1328209936618805 0.15218102931976318
vt 0.12607699632644653 0.14261698722839355
vt 0.017206499353051186 0.09870898723602295
vt 0.13485300540924072 0.00912398099899292
vt -0.002606630092486739 0.10604202747344971
vt 0.017206499353051186 0.09870898723602295
vt 0.017206499353051186 0.09870898723602295
vt 0.12128999829292297 0.02532297372817993
vt 0.13485300540924072 0.00912398099899292
vt 0.3424000144004822 0.7861360013484955
vt 0.32567301392555237 0.7770700007677078
vt 0.2048950046300888 0.7770439982414246
vt 0.2048950046300888 0.7770439982414246
vt 0.18996800482273102 0.7859629988670349
vt 0.3424000144004822 0.7861360013484955
vt 0.18996800482273102 0.7859629988670349
vt 0.2048950046300888 0.7770439982414246
vt 0.2622460126876831 0.6778010129928589
vt 0.2622460126876831 0.6778010129928589
vt 0.2616330087184906 0.6604779958724976
vt 0.18996800482273102 0.7859629988670349
vt 0.2616330087184906 0.6604779958724976
vt 0.2622460126876831 0.6778010129928589
vt 0.32567301392555237 0.7770700007677078
vt 0.32567301392555237 0.7770700007677078
vt 0.3424000144004822 0.7861360013484955
vt 0.2616330087184906 0.6604779958724976
vt 0.10886099934577942 0.6597299873828888
vt 0.1257299929857254 0.6687720119953156
vt 0.2466060072183609 0.6693949997425079
vt 0.2616330087184906 0.6604779958724976
vt 0.2616330087184906 0.6604779958724976
vt 0.2466060072183609 0.6693949997425079
vt 0.18931500613689423 0.768657997250557
vt 0.18931500613689423 0.768657997250557
vt 0.18996800482273102 0.7859629988670349
vt 0.2616330087184906 0.6604779958724976
vt 0.18996800482273102 0.7859629988670349
vt 0.18931500613689423 0.768657997250557
vt 0.1257299929857254 0.6687720119953156
vt 0.1257299929857254 0.6687720119953156
vt 0.10886099934577942 0.6597299873828888
vt 0.18996800482273102 0.7859629988670349
vt 0.10886099934577942 0.6597299873828888
vt 0.10953299701213837 0.6769959926605225
vt 0.17310300469398499 0.7769069969654083
vt 0.17310300469398499 0.7769069969654083
vt 0.18996800482273102 0.7859629988670349
vt 0.10886099934577942 0.6597299873828888
vt 0.05221939831972122 0.7761770039796829
vt 0.03720949962735176 0.7850400060415268
vt 0.18996800482273102 0.7859629988670349
vt 0.17310300469398499 0.7769069969654083
vt 0.10953299701213837 0.6769959926605225
vt 0.10886099934577942 0.6597299873828888
vt 0.03720949962735176 0.7850400060415268
vt 0.03720949962735176 0.7850400060415268
vt 0.05221939831972122 0.7761770039796829
vt 0.10953299701213837 0.6769959926605225
vt 0.2616330087184906 0.6604779958724976
vt 0.2622460126876831 0.6778010129928589
vt 0.32567301392555237 0.7770700007677078
vt 0.32567301392555237 0.7770700007677078
vt 0.3424000144004822 0.7861360013484955
vt 0.2616330087184906 0.6604779958724976
vt 0.3424000144004822 0.7861360013484955
vt 0.32567301392555237 0.7770700007677078
vt 0.2048950046300888 0.7770439982414246
vt 0.2048950046300888 0.7770439982414246
vt 0.18996800482273102 0.7859629988670349
vt 0.3424000144004822 0.7861360013484955
vt 0.18996800482273102 0.7859629988670349
vt 0.2048950046300888 0.7770439982414246
vt 0.2622460126876831 0.6778010129928589
vt 0.2622460126876831 0.6778010129928589
vt 0.2616330087184906 0.6604779958724976
vt 0.18996800482273102 0.7859629988670349
vt 0.10886099934577942 0.6597299873828888
vt 0.10953299701213837 0.6769959926605225
vt 0.17310300469398499 0.7769069969654083
vt 0.17310300469398499 0.7769069969654083
vt 0.18996800482273102 0.7859629988670349
vt 0.10886099934577942 0.6597299873828888
vt 0.18996800482273102 0.7859629988670349
vt 0.17310300469398499 0.7769069969654083
vt 0.05221939831972122 0.7761770039796829
vt 0.05221939831972122 0.7761770039796829
vt 0.03720949962735176 0.7850400060415268
vt 0.18996800482273102 0.7859629988670349
vt 0.03720949962735176 0.7850400060415268
vt 0.05221939831972122 0.7761770039796829
vt 0.10953299701213837 0.6769959926605225
vt 0.10953299701213837 0.6769959926605225
vt 0.10886099934577942 0.6597299873828888
vt 0.03720949962735176 0.7850400060415268
vt 0.1257299929857254 0.6687720119953156
vt 0.10886099934577942 0.6597299873828888
vt 0.18996800482273102 0.7859629988670349
vt 0.18996800482273102 0.7859629988670349
vt 0.18931500613689423 0.768657997250557
vt 0.1257299929857254 0.6687720119953156
vt 0.10886099934577942 0.6597299873828888
vt 0.1257299929857254 0.6687720119953156
vt 0.2466060072183609 0.6693949997425079
vt 0.2466060072183609 0.6693949997425079
vt 0.2616330087184906 0.6604779958724976
vt 0.10886099934577942 0.6597299873828888
vt 0.2616330087184906 0.6604779958724976
vt 0.2466060072183609 0.6693949997425079
vt 0.18931500613689423 0.768657997250557
vt 0.18931500613689423 0.768657997250557
vt 0.18996800482273102 0.7859629988670349
vt 0.2616330087184906 0.6604779958724976
vt 0.2616330087184906 0.6604779958724976
vt 0.2622460126876831 0.6778010129928589
vt 0.32567301392555237 0.7770700007677078
vt 0.32567301392555237 0.7770700007677078
vt 0.3424000144004822 0.7861360013484955
vt 0.2616330087184906 0.6604779958724976
vt 0.3424000144004822 0.7861360013484955
vt 0.32567301392555237 0.7770700007677078
vt 0.2048950046300888 0.7770439982414246
vt 0.2048950046300888 0.7770439982414246
vt 0.18996800482273102 0.7859629988670349
vt 0.3424000144004822 0.7861360013484955
vt 0.18996800482273102 0.7859629988670349
vt 0.2048950046300888 0.7770439982414246
vt 0.2622460126876831 0.6778010129928589
vt 0.2622460126876831 0.6778010129928589
vt 0.2616330087184906 0.6604779958724976
vt 0.18996800482273102 0.7859629988670349
vt 0.5205619931221008 0.9504619017243385
vt 0.6429499983787537 0.9504261985421181
vt 0.642645001411438 0.9432587996125221
vt 0.5209320187568665 0.9432975016534328
vt 0.638604998588562 0.9308042004704475
vt 0.5153589844703674 0.9314685016870499
vt 0.5158060193061829 0.9386267997324467
vt 0.6391469836235046 0.9379560016095638
vt 0.49384599924087524 0.8755910024046898
vt 0.6136369705200195 0.9045801982283592
vt 0.6156780123710632 0.897706001996994
vt 0.4959770143032074 0.8687449991703033
vt 0.4394170045852661 0.764727994799614
vt 0.43945300579071045 0.8871160000562668
vt 0.44662100076675415 0.8868110030889511
vt 0.44658198952674866 0.7650980055332184
vt 0.5176050066947937 0.9433111995458603
vt 0.39435699582099915 0.9427140988409519
vt 0.39473098516464233 0.9498764984309673
vt 0.5180730223655701 0.9504681006073952
vt 0.5500360131263733 0.7255629897117615
vt 0.42961499094963074 0.6993109881877899
vt 0.4277310073375702 0.7062290012836456
vt 0.5480610132217407 0.7324559986591339
vt 0.4661020040512085 0.7700610011816025
vt 0.46613699197769165 0.8924480006098747
vt 0.47330498695373535 0.892143003642559
vt 0.47326600551605225 0.7704299986362457
vt 0.6418070197105408 0.8859919980168343
vt 0.6462529897689819 0.7628239989280701
vt 0.6390820145606995 0.7629739940166473
vt 0.6346380114555359 0.8862370029091835
vt 0.6578699946403503 0.7644339948892593
vt 0.6408489942550659 0.8865019977092743
vt 0.6478909850120544 0.8878550007939339
vt 0.6648929715156555 0.7658780068159103
vt 0.45721399784088135 0.7682829946279526
vt 0.4572499990463257 0.8906709998846054
vt 0.4644179940223694 0.8903660029172897
vt 0.4643790125846863 0.768652006983757
vt 0.6722170114517212 0.8372800052165985
vt 0.6728640198707581 0.9605269990861416
vt 0.6800220012664795 0.9600807018578053
vt 0.6793689727783203 0.8367390036582947
vt 0.5541070103645325 0.9188219010829926
vt 0.43353399634361267 0.8932799994945526
vt 0.4316909909248352 0.9002095013856888
vt 0.5521730184555054 0.9257266968488693
vt 0.48386698961257935 0.7736150026321411
vt 0.4839029908180237 0.8960030004382133
vt 0.4910709857940674 0.8956980034708977
vt 0.4910320043563843 0.7739849984645844
vt 0.5192350149154663 0.9588089995086193
vt 0.6424810290336609 0.9596437998116016
vt 0.6421210169792175 0.952480498701334
vt 0.5187810063362122 0.9516511000692844
vt 0.6571149826049805 0.8861629962921143
vt 0.5366939902305603 0.8599179983139038
vt 0.5348100066184998 0.8668369948863983
vt 0.6551420092582703 0.8930570036172867
vt 0.4126940071582794 0.7927280068397522
vt 0.4126940071582794 0.9155571982264519
vt 0.41986799240112305 0.9155227020382881
vt 0.41986799240112305 0.7927780002355576
vt 0.6106330156326294 0.7598759979009628
vt 0.6100199818611145 0.8772810027003288
vt 0.6171939969062805 0.8772530034184456
vt 0.6178029775619507 0.7596530020236969
vt 0.5635769963264465 0.7577189952135086
vt 0.5890570282936096 0.8746490031480789
vt 0.5960540175437927 0.8730749934911728
vt 0.5705990195274353 0.7562610059976578
vt 0.492480993270874 0.7507490068674088
vt 0.5304380059242249 0.8675670027732849
vt 0.5372580289840698 0.865339994430542
vt 0.4993090033531189 0.7485469877719879
vt 0.634818971157074 0.8811300024390221
vt 0.6360359787940979 0.764727994799614
vt 0.6288629770278931 0.7646829932928085
vt 0.6276469826698303 0.8812389969825745
vt 0.5517650246620178 0.8606130033731461
vt 0.5244500041007996 0.7434329986572266
vt 0.5174909830093384 0.7451690137386322
vt 0.5447729825973511 0.8622110038995743
vt 0.4992240071296692 0.8990970030426979
vt 0.620186984539032 0.9204272031784058
vt 0.6214609742164612 0.9133671000599861
vt 0.5004289746284485 0.892025001347065
vt 0.5295000076293945 0.7196460068225861
vt 0.6458860039710999 0.7211909890174866
vt 0.6460109949111938 0.7140200138092041
vt 0.529528021812439 0.71247398853302
vt 0.5601779818534851 0.8624539971351624
vt 0.5351359844207764 0.7454110085964203
vt 0.5281680226325989 0.7471159994602203
vt 0.5531700253486633 0.863987997174263
vt 0.6203320026397705 0.7602130025625229
vt 0.6188439726829529 0.8834529966115952
vt 0.6260089874267578 0.8831309974193573
vt 0.6274920105934143 0.7597970068454742
vt 0.655010998249054 0.8926270008087158
vt 0.6732710003852844 0.7707390040159225
vt 0.6662439703941345 0.7693150043487549
vt 0.6480029821395874 0.8911119997501373
vt 0.4483180046081543 0.7665060013532639
vt 0.44835400581359863 0.8888930007815361
vt 0.45552200078964233 0.8885879963636398
vt 0.45548298954963684 0.7668749988079071
vt 0.5193819999694824 0.9522092007100582
vt 0.39613500237464905 0.9516119994223118
vt 0.39650899171829224 0.9587746001780033
vt 0.5198500156402588 0.9593661986291409
vt 0.5503209829330444 0.7415109872817993
vt 0.4300130009651184 0.7147479951381683
vt 0.42809900641441345 0.7216579914093018
vt 0.548317015171051 0.7483960092067719
vt 0.3949970006942749 0.6687459945678711
vt 0.39503300189971924 0.7911339998245239
vt 0.40220099687576294 0.7908290028572083
vt 0.40216198563575745 0.6691159904003143
vt 0.42409801483154297 0.7901449948549271
vt 0.42291000485420227 0.6669020056724548
vt 0.4157539904117584 0.6673800051212311
vt 0.41694900393486023 0.7907170057296753
vt 0.6139270067214966 0.9049623012542725
vt 0.4941299855709076 0.8759979978203773
vt 0.49208998680114746 0.882872000336647
vt 0.6117969751358032 0.9118093028664589
vt 0.4305439889431 0.7629510015249252
vt 0.4305799901485443 0.8853380009531975
vt 0.4377470016479492 0.8850329965353012
vt 0.4377079904079437 0.7633199989795685
vt 0.3947649896144867 0.9409818984568119
vt 0.5180109739303589 0.9418427981436253
vt 0.5176519751548767 0.9346793964505196
vt 0.3943119943141937 0.933823898434639
vt 0.42782899737358093 0.7145189940929413
vt 0.5483739972114563 0.7401930093765259
vt 0.550225019454956 0.7332659959793091
vt 0.42976999282836914 0.7076170146465302
vt 0.4074360132217407 0.6687459945678711
vt 0.40747201442718506 0.7911339998245239
vt 0.4146389961242676 0.7908290028572083
vt 0.4146000146865845 0.6691159904003143
vt 0.6686069965362549 0.9498867988586426
vt 0.6728450059890747 0.8267109990119934
vt 0.6656749844551086 0.8268730044364929
vt 0.6614390015602112 0.950143601745367
vt 0.5576620101928711 0.9117121025919914
vt 0.4370889961719513 0.8861699998378754
vt 0.43524599075317383 0.8931000009179115
vt 0.555728018283844 0.9186170026659966
vt 0.4749799966812134 0.7718379944562912
vt 0.4750159978866577 0.894225001335144
vt 0.4821830093860626 0.8939199969172478
vt 0.4821450114250183 0.7722070068120956
vt 0.3943670094013214 0.9302738979458809
vt 0.5171219706535339 0.9345619007945061
vt 0.5174009799957275 0.9273931980133057
vt 0.3945760130882263 0.9231028035283089
vt 0.5401409864425659 0.6945340037345886
vt 0.6575170159339905 0.6963079869747162
vt 0.6576539874076843 0.6891370117664337
vt 0.5401819944381714 0.6873619854450226
vt 0.5775610208511353 0.8660140037536621
vt 0.5529159903526306 0.7499539852142334
vt 0.5459439754486084 0.7516440004110336
vt 0.5705509781837463 0.8675370067358017
vt 0.5173529982566833 0.9185177981853485
vt 0.39459800720214844 0.9142315983772278
vt 0.3943589925765991 0.9214017018675804
vt 0.5170869827270508 0.9256869032979012
vt 0.42282700538635254 0.6974410116672516
vt 0.5407599806785583 0.7016539871692657
vt 0.5409860014915466 0.6944839954376221
vt 0.4228929877281189 0.6902680099010468
vt 0.5791559815406799 0.7733509987592697
vt 0.689740002155304 0.7303879857063293
vt 0.6870430111885071 0.7237409949302673
vt 0.576587975025177 0.7666539996862411
vt 0.5428159832954407 0.8588390052318573
vt 0.5155640244483948 0.7416439950466156
vt 0.5086039900779724 0.7433800101280212
vt 0.5358229875564575 0.8604339957237244
vt 0.5249220132827759 0.8637939989566803
vt 0.49049800634384155 0.7458859980106354
vt 0.4836130142211914 0.7479049861431122
vt 0.5180310010910034 0.8657920062541962
vt 0.41768398880958557 0.6893630027770996
vt 0.5340179800987244 0.6930629909038544
vt 0.5342159867286682 0.6858929991722107
vt 0.41773200035095215 0.6821900010108948
vt 0.5690190196037292 0.8642340004444122
vt 0.5440229773521423 0.7472079992294312
vt 0.5370550155639648 0.7489120066165924
vt 0.5620110034942627 0.8657650053501129
vt 0.49211499094963074 0.8670530021190643
vt 0.6123809814453125 0.8920139968395233
vt 0.613867998123169 0.8849959969520569
vt 0.4935300052165985 0.8600199967622757
vt 0.5401470065116882 0.7072449922561646
vt 0.6565499901771545 0.708748996257782
vt 0.6566720008850098 0.7015770077705383
vt 0.5401750206947327 0.7000730037689209
vt 0.5864800214767456 0.8677899986505508
vt 0.5618029832839966 0.7517530024051666
vt 0.5548310279846191 0.7534440010786057
vt 0.5794709920883179 0.8693140000104904
vt 0.39493298530578613 0.7909519970417023
vt 0.39552199840545654 0.9137803018093109
vt 0.40269601345062256 0.9137722998857498
vt 0.40210700035095215 0.7908779978752136
vt 0.5401409864425659 0.6820380091667175
vt 0.6575409770011902 0.6838659942150116
vt 0.6576809883117676 0.6766949892044067
vt 0.5401830077171326 0.6748659908771515
vt 0.6051610112190247 0.8710310012102127
vt 0.5775579810142517 0.7545569986104965
vt 0.5705900192260742 0.7562579959630966
vt 0.5981659889221191 0.8726159930229187
vt 0.4293450117111206 0.9155566990375519
vt 0.42875200510025024 0.7927280068397522
vt 0.4215790033340454 0.7927969992160797
vt 0.4221700131893158 0.9155405983328819
vt 0.6564260125160217 0.7215850055217743
vt 0.5390539765357971 0.7229990065097809
vt 0.5392060279846191 0.7301709949970245
vt 0.6567739844322205 0.7287499904632568
vt 0.5777270197868347 0.7662360072135925
vt 0.6877130270004272 0.7217189967632294
vt 0.6849250197410583 0.7151100039482117
vt 0.575065016746521 0.7595749944448471
vt 0.4115760028362274 0.9137651026248932
vt 0.41098499298095703 0.7909370064735413
vt 0.4038110077381134 0.7909840047359467
vt 0.4044019877910614 0.9137801975011826
vt 0.42282700538635254 0.6813690066337585
vt 0.5407570004463196 0.6856569945812225
vt 0.5409889817237854 0.6784879863262177
vt 0.4228940010070801 0.6741960048675537
vt 0.9651370048522949 0.6033180058002472
vt 0.9697530269622803 0.6033180058002472
vt 0.9697530269622803 0.6007199883460999
vt 0.9651370048522949 0.6007199883460999
vt 0.8489620089530945 0.5093649923801422
vt 0.8528879880905151 0.5093649923801422
vt 0.8528879880905151 0.5067670047283173
vt 0.8489620089530945 0.5067670047283173
vt 0.8441089987754822 0.5093649923801422
vt 0.8441089987754822 0.5067670047283173
vt 0.8401820063591003 0.5093649923801422
vt 0.8401820063591003 0.5067670047283173
vt 0.924871027469635 0.6023780107498169
vt 0.9294859766960144 0.6023780107498169
vt 0.9294859766960144 0.5997799932956696
vt 0.924871027469635 0.5997799932956696
vt 0.9202550053596497 0.6023780107498169
vt 0.9202550053596497 0.5997799932956696
vt 0.8881850242614746 0.5095410048961639
vt 0.8921110033988953 0.5095410048961639
vt 0.8921110033988953 0.5069429874420166
vt 0.8881850242614746 0.5069429874420166
vt 0.8833310008049011 0.5095410048961639
vt 0.8833310008049011 0.5069429874420166
vt 0.8794050216674805 0.5095410048961639
vt 0.8794050216674805 0.5069429874420166
vt 0.9743679761886597 0.6033180058002472
vt 0.9743679761886597 0.6007199883460999
vt 0.964398980140686 0.6142689883708954
vt 0.9697530269622803 0.6142689883708954
vt 0.8493499755859375 0.5203149914741516
vt 0.8539040088653564 0.5203149914741516
vt 0.843720018863678 0.5203149914741516
vt 0.839165985584259 0.5203149914741516
vt 0.924871027469635 0.6133289933204651
vt 0.9302250146865845 0.6133289933204651
vt 0.9195169806480408 0.6133289933204651
vt 0.8885729908943176 0.5204910039901733
vt 0.8931270241737366 0.5204910039901733
vt 0.8829429745674133 0.5204910039901733
vt 0.8783890008926392 0.5204910039901733
vt 0.9751060009002686 0.6142689883708954
vt 0.9627929925918579 0.632420003414154
vt 0.9697530269622803 0.632420003414154
vt 0.850193977355957 0.5384660065174103
vt 0.8561139702796936 0.5384660065174103
vt 0.8428760170936584 0.5384660065174103
vt 0.8369560241699219 0.5384660065174103
vt 0.924871027469635 0.6314800083637238
vt 0.9318310022354126 0.6314800083637238
vt 0.9179109930992126 0.6314800083637238
vt 0.8894169926643372 0.5386430025100708
vt 0.8953369855880737 0.5386430025100708
vt 0.8820989727973938 0.5386430025100708
vt 0.8761789798736572 0.5386430025100708
vt 0.9767119884490967 0.632420003414154
vt 0.9609429836273193 0.641880989074707
vt 0.9697530269622803 0.641880989074707
vt 0.8511670231819153 0.5479269921779633
vt 0.8586609959602356 0.5479269921779633
vt 0.8419039845466614 0.5479269921779633
vt 0.8344089984893799 0.5479269921779633
vt 0.924871027469635 0.6409409940242767
vt 0.9336810111999512 0.6409409940242767
vt 0.9160609841346741 0.6409409940242767
vt 0.8903899788856506 0.5481039881706238
vt 0.8978840112686157 0.5481039881706238
vt 0.8811259865760803 0.5481039881706238
vt 0.87363201379776 0.5481039881706238
vt 0.9785630106925964 0.641880989074707
vt 0.9578740000724792 0.6533179879188538
vt 0.9697530269622803 0.6533179879188538
vt 0.8527799844741821 0.5593650043010712
vt 0.8628849983215332 0.5593650043010712
vt 0.8402900099754333 0.5593650043010712
vt 0.8301860094070435 0.5593650043010712
vt 0.924871027469635 0.6523779928684235
vt 0.9367489814758301 0.6523779928684235
vt 0.912992000579834 0.6523779928684235
vt 0.8920029997825623 0.5595409870147705
vt 0.9021080136299133 0.5595409870147705
vt 0.8795130252838135 0.5595409870147705
vt 0.8694090247154236 0.5595409870147705
vt 0.9816309809684753 0.6533179879188538
vt 0.9566100239753723 0.6639530062675476
vt 0.9697530269622803 0.6639530062675476
vt 0.8534449934959412 0.5699990093708038
vt 0.8646249771118164 0.5699990093708038
vt 0.8396260142326355 0.5699990093708038
vt 0.8284459710121155 0.5699990093708038
vt 0.924871027469635 0.6630119979381561
vt 0.9380139708518982 0.6630119979381561
vt 0.911728024482727 0.6630119979381561
vt 0.8926680088043213 0.5701749920845032
vt 0.9038469791412354 0.5701749920845032
vt 0.8788480162620544 0.5701749920845032
vt 0.8676689863204956 0.5701749920845032
vt 0.982895016670227 0.6639530062675476
vt 0.957768976688385 0.6749680042266846
vt 0.9697530269622803 0.6749680042266846
vt 0.8528349995613098 0.5810140073299408
vt 0.8630290031433105 0.5810140073299408
vt 0.8402349948883057 0.5810140073299408
vt 0.8300420045852661 0.5810140073299408
vt 0.924871027469635 0.6740280091762543
vt 0.9368540048599243 0.6740280091762543
vt 0.9128869771957397 0.6740280091762543
vt 0.8920580148696899 0.5811899900436401
vt 0.9022520184516907 0.5811899900436401
vt 0.8794580101966858 0.5811899900436401
vt 0.8692640066146851 0.5811899900436401
vt 0.9817360043525696 0.6749680042266846
vt 0.9599499702453613 0.6828370094299316
vt 0.9697530269622803 0.6828370094299316
vt 0.8516889810562134 0.5888830125331879
vt 0.860027015209198 0.5888830125331879
vt 0.8413820266723633 0.5888830125331879
vt 0.8330439925193787 0.5888830125331879
vt 0.924871027469635 0.6818970143795013
vt 0.934673011302948 0.6818970143795013
vt 0.9150689840316772 0.6818970143795013
vt 0.8909109830856323 0.5890589952468872
vt 0.8992490172386169 0.5890589952468872
vt 0.8806049823760986 0.5890589952468872
vt 0.8722670078277588 0.5890589952468872
vt 0.9795550107955933 0.6828370094299316
vt 0.9252219796180725 0.715965986251831
vt 0.9287530183792114 0.7111069858074188
vt 0.9246630072593689 0.7054780125617981
vt 0.9186050295829773 0.7138159871101379
vt 0.9252219796180725 0.7219730019569397
vt 0.9186050295829773 0.7241230010986328
vt 0.9287530183792114 0.7268320024013519
vt 0.9246630072593689 0.732461005449295
vt 0.9344649910926819 0.7286880016326904
vt 0.9344649910926819 0.7356460094451904
vt 0.9401779770851135 0.7268320024013519
vt 0.9442669749259949 0.732461005449295
vt 0.9437080025672913 0.7219730019569397
vt 0.9503250122070312 0.7241230010986328
vt 0.9437080025672913 0.715965986251831
vt 0.9503250122070312 0.7138159871101379
vt 0.9401779770851135 0.7111069858074188
vt 0.9442669749259949 0.7054780125617981
vt 0.9344649910926819 0.7092509865760803
vt 0.9344649910926819 0.7022930085659027
vt 0.9320409893989563 0.7181819975376129
vt 0.9329670071601868 0.7169069945812225
vt 0.9320409893989563 0.7197569906711578
vt 0.9329670071601868 0.7210319936275482
vt 0.9344649910926819 0.7215189933776855
vt 0.9359639883041382 0.7210319936275482
vt 0.9368900060653687 0.7197569906711578
vt 0.9368900060653687 0.7181819975376129
vt 0.9359639883041382 0.7169069945812225
vt 0.9344649910926819 0.7164199948310852
vt 0.8459519743919373 0.5969229936599731
vt 0.8459519743919373 0.5995489954948425
vt 0.8502789735794067 0.5995489954948425
vt 0.8502780199050903 0.5969229936599731
vt 0.9188820123672485 0.5057930052280426
vt 0.9188820123672485 0.508419007062912
vt 0.9225620031356812 0.508419007062912
vt 0.9225620031356812 0.5057930052280426
vt 0.9271119832992554 0.508419007062912
vt 0.927111029624939 0.5057930052280426
vt 0.930791974067688 0.508419007062912
vt 0.9307910203933716 0.5057930052280426
vt 0.8836159706115723 0.5987319946289062
vt 0.8836150169372559 0.6013579964637756
vt 0.8879420161247253 0.6013579964637756
vt 0.8879420161247253 0.5987319946289062
vt 0.8922690153121948 0.6013579964637756
vt 0.8922680020332336 0.5987319946289062
vt 0.9625909924507141 0.5075309872627258
vt 0.9625909924507141 0.5101569890975952
vt 0.9662709832191467 0.5101569890975952
vt 0.9662719964981079 0.5075309872627258
vt 0.9708210229873657 0.5101569890975952
vt 0.9708200097084045 0.5075309872627258
vt 0.9745010137557983 0.5101569890975952
vt 0.9745010137557983 0.5075309872627258
vt 0.841625988483429 0.5969229936599731
vt 0.8416249752044678 0.5995489954948425
vt 0.8459519743919373 0.6105360090732574
vt 0.851019024848938 0.6105360090732574
vt 0.9178630113601685 0.5194059908390045
vt 0.922173023223877 0.5194059908390045
vt 0.9275010228157043 0.5194059908390045
vt 0.9318109750747681 0.5194059908390045
vt 0.8828750252723694 0.6123450100421906
vt 0.8879420161247253 0.6123450100421906
vt 0.8930090069770813 0.6123450100421906
vt 0.961571991443634 0.5211440026760101
vt 0.9658820033073425 0.5211440026760101
vt 0.9712100028991699 0.5211440026760101
vt 0.9755200147628784 0.5211440026760101
vt 0.8408849835395813 0.6105360090732574
vt 0.8459519743919373 0.6287400126457214
vt 0.8526300191879272 0.6287400126457214
vt 0.9156450033187866 0.5376090109348297
vt 0.9213259816169739 0.5376090109348297
vt 0.9283480048179626 0.5376090109348297
vt 0.9340289831161499 0.5376090109348297
vt 0.8812639713287354 0.6305480003356934
vt 0.8879420161247253 0.6305480003356934
vt 0.8946210145950317 0.6305480003356934
vt 0.9593539834022522 0.5393480062484741
vt 0.9650350213050842 0.5393480062484741
vt 0.9720569849014282 0.5393480062484741
vt 0.9777380228042603 0.5393480062484741
vt 0.8392729759216309 0.6287400126457214
vt 0.8459519743919373 0.638265997171402
vt 0.8544930219650269 0.638265997171402
vt 0.9130809903144836 0.5471360087394714
vt 0.9203460216522217 0.5471360087394714
vt 0.9293270111083984 0.5471360087394714
vt 0.9365929961204529 0.5471360087394714
vt 0.8794010281562805 0.6400749981403351
vt 0.8879420161247253 0.6400749981403351
vt 0.8964830040931702 0.6400749981403351
vt 0.9567899703979492 0.5488739907741547
vt 0.9640560150146484 0.5488739907741547
vt 0.973035991191864 0.5488739907741547
vt 0.9803019762039185 0.5488739907741547
vt 0.8374109864234924 0.638265997171402
vt 0.8459519743919373 0.6496700048446655
vt 0.8575549721717834 0.6496700048446655
vt 0.9088670015335083 0.5585399866104126
vt 0.91873699426651 0.5585399866104126
vt 0.9309369921684265 0.5585399866104126
vt 0.9408069849014282 0.5585399866104126
vt 0.8763390183448792 0.6514790058135986
vt 0.8879420161247253 0.6514790058135986
vt 0.8995450139045715 0.6514790058135986
vt 0.9525759816169739 0.5602779984474182
vt 0.9624459743499756 0.5602779984474182
vt 0.9746459722518921 0.5602779984474182
vt 0.9845160245895386 0.5602779984474182
vt 0.8343489766120911 0.6496700048446655
vt 0.8459519743919373 0.6601600050926208
vt 0.8588050007820129 0.6601600050926208
vt 0.9071459770202637 0.5690299868583679
vt 0.9180790185928345 0.5690299868583679
vt 0.9315940141677856 0.5690299868583679
vt 0.9425280094146729 0.5690299868583679
vt 0.8750889897346497 0.661969006061554
vt 0.8879420161247253 0.661969006061554
vt 0.9007959961891174 0.661969006061554
vt 0.950855016708374 0.5707679986953735
vt 0.9617890119552612 0.5707679986953735
vt 0.9753040075302124 0.5707679986953735
vt 0.9862369894981384 0.5707679986953735
vt 0.8330979943275452 0.6601600050926208
vt 0.8459519743919373 0.6710239946842194
vt 0.8576589822769165 0.6710239946842194
vt 0.908722996711731 0.5798940062522888
vt 0.9186819791793823 0.5798940062522888
vt 0.9309920072555542 0.5798940062522888
vt 0.9409499764442444 0.5798940062522888
vt 0.8762350082397461 0.6728329956531525
vt 0.8879420161247253 0.6728329956531525
vt 0.8996490240097046 0.6728329956531525
vt 0.9524329900741577 0.581631988286972
vt 0.9623910188674927 0.581631988286972
vt 0.9747009873390198 0.581631988286972
vt 0.9846590161323547 0.581631988286972
vt 0.8342450261116028 0.6710239946842194
vt 0.8459519743919373 0.6787509918212891
vt 0.8555189967155457 0.6787509918212891
vt 0.9116680026054382 0.5876210033893585
vt 0.9198070168495178 0.5876210033893585
vt 0.9298670291900635 0.5876210033893585
vt 0.9380049705505371 0.5876210033893585
vt 0.8783749938011169 0.6805599927902222
vt 0.8879420161247253 0.6805599927902222
vt 0.8975099921226501 0.6805599927902222
vt 0.955377995967865 0.5893589854240417
vt 0.9635159969329834 0.5893589854240417
vt 0.973576009273529 0.5893589854240417
vt 0.9817140102386475 0.5893589854240417
vt 0.8363839983940125 0.6787509918212891
vt 0.8893550038337708 0.706030011177063
vt 0.8838449716567993 0.7100340127944946
vt 0.885653018951416 0.7155979871749878
vt 0.8924639821052551 0.7155979871749878
vt 0.8838449716567993 0.7211619913578033
vt 0.8893550038337708 0.7251650094985962
vt 0.8791120052337646 0.7246010005474091
vt 0.8812170028686523 0.7310779988765717
vt 0.8732619881629944 0.7246010005474091
vt 0.8711569905281067 0.7310779988765717
vt 0.8685290217399597 0.7211619913578033
vt 0.8630189895629883 0.7251650094985962
vt 0.866720974445343 0.7155979871749878
vt 0.8599100112915039 0.7155979871749878
vt 0.8685290217399597 0.7100340127944946
vt 0.8630189895629883 0.706030011177063
vt 0.8732619881629944 0.7065950036048889
vt 0.8711569905281067 0.7001169919967651
vt 0.8791120052337646 0.7065950036048889
vt 0.8812170028686523 0.7001169919967651
vt 0.878180980682373 0.714148998260498
vt 0.8786510229110718 0.7155979871749878
vt 0.878180980682373 0.7170459926128387
vt 0.8769479990005493 0.7179409861564636
vt 0.8754249811172485 0.7179409861564636
vt 0.874193012714386 0.7170459926128387
vt 0.8737229704856873 0.7155979871749878
vt 0.874193012714386 0.714148998260498
vt 0.8754249811172485 0.7132540047168732
vt 0.8769479990005493 0.7132540047168732
vn 0 -0.999999999999999 -4.371139056841628e-8
vn 0 -0.999999999999999 -4.371139056841628e-8
vn 0 -0.999999999999999 -4.371139056841628e-8
vn -0.0000010615300425302024 -0.9999999999960398 -0.0000026064714639850335
vn -0.0000010615300425302024 -0.9999999999960398 -0.0000026064714639850335
vn -0.0000010615300425302024 -0.9999999999960398 -0.0000026064714639850335
vn 0.0000010615300425302024 -0.9999999999960398 -0.0000026064714639850335
vn 0.0000010615300425302024 -0.9999999999960398 -0.0000026064714639850335
vn 0.0000010615300425302024 -0.9999999999960398 -0.0000026064714639850335
vn -7.042799774352156e-14 -0.9999999999988067 -0.000001544941421459035
vn -7.042799774352156e-14 -0.9999999999988067 -0.000001544941421459035
vn 0 -0.999999999999999 -4.371139056841628e-8
vn 1 2.4449400282122703e-9 1.0687172848954106e-16
vn 0.7071067811865474 4.851951531235983e-8 -0.707106781186546
vn 0.6800650186875075 0.2739010383464917 -0.6800660199938486
vn 0.9617579037872889 0.2739009574694475 5.730934133080805e-10
vn -1.2834999729705027e-8 6.861689039183712e-8 -0.9999999999999977
vn 8.549618839216558e-9 0.27390099950922225 -0.9617578918146963
vn -0.7071067811865474 4.6074516606580866e-8 -0.7071067811865461
vn -0.6800660319664431 0.2739010383464474 -0.680065006714913
vn -0.9999999999999956 -6.6055042985166895e-9 9.497880142365038e-8
vn -0.9617579037872878 0.27390095746944454 6.042048657213518e-8
vn -0.7071067811865474 -4.604141597545916e-8 0.7071067811865461
vn -0.6800650186875075 0.2739009788932279 0.6800660439390366
vn -0.7071067811865474 -4.604141597545916e-8 0.7071067811865461
vn -6.417479880838057e-8 -6.380028994001901e-8 0.9999999999999959
vn -4.274809508426117e-8 0.2739009154296714 0.9617579157598788
vn -0.6800650186875075 0.2739009788932279 0.6800660439390366
vn 0.7071067811865472 -5.9524810802912706e-8 0.7071067811865455
vn 0.6800650186875075 0.2739009788932279 0.6800660439390366
vn 0.5864810748387 0.5586411427335307 -0.5864810504197197
vn 0.8294094045339412 0.5586412441546476 1.5598221183147323e-8
vn 3.5283117970193755e-8 0.5586412804092852 -0.8294093801149544
vn -0.5864810748387 0.5586411427335307 -0.5864810504197197
vn -0.8294094045339401 0.5586412441546441 7.73436110176061e-8
vn -0.5864810748387002 0.5586410914617241 0.5864810992576798
vn 1.764150924710634e-8 0.5586412079000087 0.8294094289529259
vn -0.5864810748387002 0.5586410914617241 0.5864810992576798
vn 0.5864810748387002 0.5586410914617241 0.5864810992576798
vn 0.6156192673502447 0.49196124015132475 -0.6156192458459356
vn 0.8706171646702874 0.4919611291367003 1.1149722975174732e-7
vn 0.9707013692389863 0.24028910037193824 4.130788244023503e-8
vn 0.6863895639741033 0.24028888312544663 -0.6863895534707428
vn 0.6156192673502447 0.4919611863321764 0.6156192888545531
vn 0.6863895639741033 0.2402888231193621 0.6863895744774627
vn -1.4398902914174684e-7 0.4919610910808143 0.8706171861745864
vn -6.720993293555096e-8 0.24028905794123248 0.9707013797423543
vn -0.6156188870348133 0.49196087017856266 0.6156199218179749
vn -0.6863895639741033 0.2402888231193621 0.6863895744774627
vn -0.6156188870348133 0.49196087017856266 0.6156199218179749
vn -0.8706171646702894 0.4919611291367026 8.44994191262564e-8
vn -0.9707013692389844 0.24028910037193607 8.051370152163317e-8
vn -0.6863895639741033 0.2402888231193621 0.6863895744774627
vn -0.6156199003136804 0.4919609239977221 -0.6156188655305179
vn -0.6863895639741033 0.24028888312544663 -0.6863895534707428
vn 2.699790832511889e-8 0.49196116719259286 -0.8706171431659848
vn -3.080451173925726e-8 0.24028914280264616 -0.9707013587356147
vn 0.9999999999999645 -1.8678415602978334e-9 2.6696798719078217e-7
vn 0.7071067811865468 -1.3651564791771423e-8 -0.7071067811865482
vn 0.7071067811865472 -5.2357413942113997e-8 0.7071067811865458
vn -1.2321599740516736e-7 -5.8564790794690217e-8 0.9999999999999908
vn -0.7071067811865466 -8.09506073882056e-8 0.7071067811865438
vn -0.9999999999999065 -3.3992219904686e-8 4.3125498756694465e-7
vn -0.7071067811865466 -8.09506073882056e-8 0.7071067811865438
vn -0.7071067811865476 3.277570011932966e-8 -0.7071067811865469
vn -2.0535999567528002e-8 -2.0906211428694978e-8 -0.9999999999999996
vn 0.9238794059332607 3.1333828622462536e-8 -0.38268373795133276
vn 0.9238794059332607 3.1333828622462536e-8 -0.38268373795133276
vn 0.9238797446055949 3.1333798854541064e-8 -0.3826829203237324
vn 0.9238794059332607 3.084352928631216e-8 -0.3826837379513328
vn 0.3826837379513335 7.74063305210097e-8 -0.9238794059332577
vn 0.3826837379513335 7.74063305210097e-8 -0.9238794059332577
vn 0.3826837379513335 7.74063305210097e-8 -0.9238794059332577
vn 0.382682920323733 7.666006036408055e-8 -0.9238797446055917
vn -0.382682920323733 7.686996179410202e-8 -0.9238797446055917
vn -0.3826837379513335 7.686993117409257e-8 -0.9238794059332578
vn -0.382682920323733 7.686996179410202e-8 -0.9238797446055917
vn -0.38268292032373313 7.734706282047967e-8 -0.9238797446055919
vn -0.9238797446055949 3.0843399132656714e-8 -0.38268292032373247
vn -0.9238797446055949 3.0843399132656714e-8 -0.38268292032373247
vn -0.9238797446055949 3.0843399132656714e-8 -0.38268292032373247
vn -0.9238794059332607 3.18406294247819e-8 -0.38268373795133276
vn -0.9238794059332607 -3.163072800399573e-8 0.38268373795133276
vn -0.9238794059332607 -3.163072800399573e-8 0.38268373795133276
vn -0.9238794059332607 -3.163072800399573e-8 0.38268373795133276
vn -0.9238794059332607 -3.1856929274458057e-8 0.38268373795133276
vn -0.3826837379513335 -7.64315298771901e-8 0.9238794059332578
vn -0.3826837379513335 -7.64315298771901e-8 0.9238794059332578
vn -0.3826837379513335 -7.64315298771901e-8 0.9238794059332578
vn -0.3826837379513335 -7.636322895957368e-8 0.9238794059332578
vn 0.382682920323733 -7.657316098731055e-8 0.9238797446055917
vn 0.382682920323733 -7.657316098731055e-8 0.9238797446055917
vn 0.382682920323733 -7.657316098731055e-8 0.9238797446055917
vn 0.382682920323733 -7.62949621893812e-8 0.9238797446055917
vn 0.9238797446055949 -3.185699900553534e-8 0.3826829203237324
vn 0.9238797446055949 -3.185699900553534e-8 0.3826829203237324
vn 0.9238797446055949 -3.185699900553534e-8 0.3826829203237324
vn 0.9238797446055949 -3.213739870959342e-8 0.3826829203237324
vn -0.0000020888298877199576 -0.9999999999974811 8.215105871102281e-7
vn -0.0000020888298877199576 -0.9999999999974811 8.215105871102281e-7
vn -0.0000020888298877199576 -0.9999999999974811 8.215105871102281e-7
vn -0.0000020888298877199576 -0.9999999999974811 8.215105871102281e-7
vn -8.652210112791803e-7 -0.9999999999975346 0.0000020451184972128837
vn -8.652210112791803e-7 -0.9999999999975346 0.0000020451184972128837
vn -8.652210112791803e-7 -0.9999999999975346 0.0000020451184972128837
vn 8.652210112791803e-7 -0.9999999999975346 0.0000020451184972128837
vn 8.652210112791803e-7 -0.9999999999975346 0.0000020451184972128837
vn 8.652210112791803e-7 -0.9999999999975346 0.0000020451184972128837
vn 0.0000020888298877199576 -0.9999999999974811 8.215105871102281e-7
vn 0.0000020888298877199576 -0.9999999999974811 8.215105871102281e-7
vn 0.0000020888298877199576 -0.9999999999974811 8.215105871102281e-7
vn 0.0000020888298877199576 -0.9999999999974811 8.215105871102281e-7
vn 0.0000020888298877199576 -0.9999999999974054 -9.089333681243726e-7
vn 0.0000020888298877199576 -0.9999999999974054 -9.089333681243726e-7
vn 8.652230007988405e-7 -0.999999999997352 -0.000002132541278227028
vn 8.652230007988405e-7 -0.999999999997352 -0.000002132541278227028
vn -8.65221977617301e-7 -0.999999999997352 -0.000002132541278227028
vn -8.65221977617301e-7 -0.999999999997352 -0.000002132541278227028
vn -0.0000020888298877199576 -0.9999999999974054 -9.089333681243726e-7
vn 0.9238794059332608 1.6727638333772204e-8 -0.38268373795133354
vn 0.9238794059332608 1.6727638333772204e-8 -0.38268373795133354
vn 0.9238797446055949 1.672760259413288e-8 -0.3826829203237331
vn 0.9238794059332608 1.6727638333772204e-8 -0.38268373795133354
vn 0.9238794059332608 1.6727638333772204e-8 -0.38268373795133354
vn 0.9238797446055949 1.672760259413288e-8 -0.3826829203237331
vn 0.3826837379513337 4.038405355086517e-8 -0.92387940593326
vn 0.3826837379513337 4.038405355086517e-8 -0.92387940593326
vn 0.3826837379513337 4.038405355086517e-8 -0.92387940593326
vn 0.3826837379513337 4.038405355086517e-8 -0.92387940593326
vn -0.3826829203237333 4.038406835470384e-8 -0.923879744605594
vn -0.3826837379513337 4.038405355086517e-8 -0.92387940593326
vn -0.3826837379513337 4.038405355086517e-8 -0.92387940593326
vn -0.3826837379513337 4.038405355086517e-8 -0.92387940593326
vn -0.9238797446055949 1.672760259413288e-8 -0.3826829203237331
vn -0.9238797446055949 1.672760259413288e-8 -0.3826829203237331
vn -0.9238797446055949 1.672760259413288e-8 -0.3826829203237331
vn -0.9238797446055949 1.672760259413288e-8 -0.3826829203237331
vn -0.9238797446055932 4.4420483266570045e-8 0.3826829203237351
vn -0.923879405933259 4.4420423520238725e-8 0.3826837379513354
vn -0.9238797446055932 4.4420483266570045e-8 0.3826829203237351
vn -0.9238794059332608 -1.6727638333772204e-8 0.38268373795133354
vn -0.3826829203237333 -4.038406835470384e-8 0.923879744605594
vn -0.3826829203237333 -4.038406835470384e-8 0.923879744605594
vn -0.3826829203237333 -4.038406835470384e-8 0.923879744605594
vn -0.38268292032372914 1.0724090559754698e-7 0.9238797446055903
vn 0.38268292032372914 1.0724090559754698e-7 0.9238797446055903
vn 0.38268292032372914 1.0724090559754698e-7 0.9238797446055903
vn 0.38268292032372914 1.0724090559754698e-7 0.9238797446055903
vn 0.3826829203237333 -4.038406835470384e-8 0.923879744605594
vn 0.9238797446055949 -1.672760259413288e-8 0.3826829203237331
vn 0.9238797446055949 -1.672760259413288e-8 0.3826829203237331
vn 0.9238797446055949 -1.672760259413288e-8 0.3826829203237331
vn 0.9238797446055932 4.4420483266570045e-8 0.3826829203237351
vn 0.511049863167995 0.7752338160863281 -0.37126886181337976
vn 0.511049863167995 0.7752338160863281 -0.37126886181337976
vn 0.511049863167995 0.7752338160863281 -0.37126886181337976
vn 0.5099889737635604 0.7763859350121478 -0.3703189524651735
vn 0.5099889737635604 0.7763859350121478 -0.3703189524651735
vn 0.5099889737635604 0.7763859350121478 -0.3703189524651735
vn 0.485622236470507 0.7920464214192281 -0.3699101374149914
vn 0.485622236470507 0.7920464214192281 -0.3699101374149914
vn 0.485622236470507 0.7920464214192281 -0.3699101374149914
vn 0.30014403720906446 0.8443051508036055 -0.44391707474971603
vn 0.30014403720906446 0.8443051508036055 -0.44391707474971603
vn 0.30014403720906446 0.8443051508036055 -0.44391707474971603
vn 0.5325428108175339 0.8387666770911794 -0.11343992263741165
vn 0.5325428108175339 0.8387666770911794 -0.11343992263741165
vn 0.5325428108175339 0.8387666770911794 -0.11343992263741165
vn 0.4933798458707013 0.8087127802393361 -0.32024985053262095
vn 0.4933798458707013 0.8087127802393361 -0.32024985053262095
vn 0.4933798458707013 0.8087127802393361 -0.32024985053262095
vn -0.19505598678155864 0.7755469754626723 -0.6003999091200577
vn -0.19505598678155864 0.7755469754626723 -0.6003999091200577
vn -0.19505598678155864 0.7755469754626723 -0.6003999091200577
vn -0.19430991340058182 0.7770386929175248 -0.598710720852135
vn -0.19430991340058182 0.7770386929175248 -0.598710720852135
vn -0.19430991340058182 0.7770386929175248 -0.598710720852135
vn -0.20098503185680008 0.7917321684703743 -0.5768580331231593
vn -0.20098503185680008 0.7917321684703743 -0.5768580331231593
vn -0.20098503185680008 0.7917321684703743 -0.5768580331231593
vn -0.32927888527495713 0.8443337240880362 -0.42270081390944764
vn -0.32927888527495713 0.8443337240880362 -0.42270081390944764
vn -0.32927888527495713 0.8443337240880362 -0.42270081390944764
vn 0.056677587239295606 0.8387668400763645 -0.5415328605846947
vn 0.056677587239295606 0.8387668400763645 -0.5415328605846947
vn 0.056677587239295606 0.8387668400763645 -0.5415328605846947
vn -0.1525940654991725 0.8085993294125878 -0.5682272218469893
vn -0.1525940654991725 0.8085993294125878 -0.5682272218469893
vn -0.1525940654991725 0.8085993294125878 -0.5682272218469893
vn -0.6302970232107404 0.7763540828803398 -0.00002295006728518035
vn -0.6302970232107404 0.7763540828803398 -0.00002295006728518035
vn -0.6302970232107404 0.7763540828803398 -0.00002295006728518035
vn -0.6295588165397364 0.7769528215137413 -0.00009827982038166786
vn -0.6295588165397364 0.7769528215137413 -0.00009827982038166786
vn -0.6295588165397364 0.7769528215137413 -0.00009827982038166786
vn -0.6106129826069476 0.7918199815009134 0.013149234492571679
vn -0.6106129826069476 0.7918199815009134 0.013149234492571679
vn -0.6106129826069476 0.7918199815009134 0.013149234492571679
vn -0.5037640092635339 0.8443300837120136 0.18256103831210707
vn -0.5037640092635339 0.8443300837120136 0.18256103831210707
vn -0.5037640092635339 0.8443300837120136 0.18256103831210707
vn -0.49751474302692617 0.8387665651310509 -0.22124585801571567
vn -0.49751474302692617 0.8387665651310509 -0.22124585801571567
vn -0.49751474302692617 0.8387665651310509 -0.22124585801571567
vn -0.5879820527324701 0.8083380990018613 -0.02943846746296572
vn -0.5879820527324701 0.8083380990018613 -0.02943846746296572
vn -0.5879820527324701 0.8083380990018613 -0.02943846746296572
vn -0.19472506997211494 0.7765372276910927 0.5992262353520472
vn -0.19472409717437936 0.7765373896669051 0.5992263415679687
vn -0.19472495088184924 0.7765367513285569 0.5992268913693313
vn -0.19480012847015588 0.7762464816288424 0.5995784433306905
vn -0.19480012847015588 0.7762464816288424 0.5995784433306905
vn -0.19480012847015588 0.7762464816288424 0.5995784433306905
vn -0.17498891212150702 0.79218761266217 0.5846517484615462
vn -0.17498891212150702 0.79218761266217 0.5846517484615462
vn -0.17498891212150702 0.79218761266217 0.5846517484615462
vn 0.01813879797622183 0.8442998304849655 0.5355639833400265
vn 0.01813879797622183 0.8442998304849655 0.5355639833400265
vn 0.01813879797622183 0.8442998304849655 0.5355639833400265
vn -0.3641579855801145 0.8387669307682938 0.40479500662405604
vn -0.3641579855801145 0.8387669307682938 0.40479500662405604
vn -0.3641579855801145 0.8387669307682938 0.40479500662405604
vn -0.2095400059695914 0.8082910420734093 0.55023501997069
vn -0.2095400059695914 0.8082910420734093 0.55023501997069
vn -0.2095400059695914 0.8082910420734093 0.55023501997069
vn 0.5104169469896835 0.77584193765908 0.3708690173027872
vn 0.5104169469896835 0.77584193765908 0.3708690173027872
vn 0.5104169469896835 0.77584193765908 0.3708690173027872
vn 0.5103561053304378 0.7758991208267798 0.3708331161751566
vn 0.5103561053304378 0.7758991208267798 0.3708331161751566
vn 0.5103561053304378 0.7758991208267798 0.3708331161751566
vn 0.5020512247944008 0.7923263010710195 0.3466462177978549
vn 0.5020512247944008 0.7923263010710195 0.3466462177978549
vn 0.5020512247944008 0.7923263010710195 0.3466462177978549
vn 0.5150061361009257 0.8442841885922466 0.1481650723737771
vn 0.5150061361009257 0.8442841885922466 0.1481650723737771
vn 0.5150061361009257 0.8442841885922466 0.1481650723737771
vn 0.27245296906415195 0.8387668177477027 0.4714229577497476
vn 0.27245296906415195 0.8387668177477027 0.4714229577497476
vn 0.27245296906415195 0.8387668177477027 0.4714229577497476
vn 0.45771881408062226 0.8085236363720848 0.3698418806250712
vn 0.45771881408062226 0.8085236363720848 0.3698418806250712
vn 0.45771881408062226 0.8085236363720848 0.3698418806250712
vn -0.9473347848019662 0.32024491455703036 0.000014302895264833448
vn -0.9473347848019662 0.32024491455703036 0.000014302895264833448
vn -0.9473347848019662 0.32024491455703036 0.000014302895264833448
vn -0.9466644126095918 0.322221146345912 -0.00015081797998695143
vn -0.9466644126095918 0.322221146345912 -0.00015081797998695143
vn -0.9466644126095918 0.322221146345912 -0.00015081797998695143
vn -0.9829270606139384 0.15207300249468245 -0.10357700239481475
vn -0.9829270606139384 0.15207300249468245 -0.10357700239481475
vn -0.9829270606139384 0.15207300249468245 -0.10357700239481475
vn -0.9825379809536191 0.1331200055169346 -0.12999300025292573
vn -0.9825379809536191 0.1331200055169346 -0.12999300025292573
vn -0.9825379809536191 0.1331200055169346 -0.12999300025292573
vn -0.9814409788582255 0.11679999109452914 0.15208999670631207
vn -0.9814409788582255 0.11679999109452914 0.15208999670631207
vn -0.9814409788582255 0.11679999109452914 0.15208999670631207
vn -0.9844314938967361 0.14768091748018392 0.09531516372777024
vn -0.984431463843987 0.147681061983379 0.09531525022495647
vn -0.984431463843987 0.147681061983379 0.09531525022495647
vn -0.2927900347216692 0.3197530187708488 0.9011281831984909
vn -0.2927900347216692 0.3197530187708488 0.9011281831984909
vn -0.2927900347216692 0.3197530187708488 0.9011281831984909
vn -0.2927531566411605 0.32122810350051495 0.9006153978242313
vn -0.2927531566411605 0.32122810350051495 0.9006153978242313
vn -0.2927531566411605 0.32122810350051495 0.9006153978242313
vn -0.4108789585167565 0.13743795061940792 0.9012709310621988
vn -0.4108789585167565 0.13743795061940792 0.9012709310621988
vn -0.4108789585167565 0.13743795061940792 0.9012709310621988
vn -0.417875136375285 0.13222200076513685 0.8988313039236011
vn -0.417875136375285 0.13222200076513685 0.8988313039236011
vn -0.417875136375285 0.13222200076513685 0.8988313039236011
vn -0.18068691489057423 0.11804890671956962 0.9764305886286238
vn -0.18068691489057423 0.11804890671956962 0.9764305886286238
vn -0.18068691489057423 0.11804890671956962 0.9764305886286238
vn -0.2065849795070743 0.1329569421084771 0.9693529273630037
vn -0.2065849795070743 0.1329569421084771 0.9693529273630037
vn -0.2065849795070743 0.1329569421084771 0.9693529273630037
vn 0.7668858921187564 0.3184699534842445 0.5571919931199318
vn 0.7668858921187564 0.3184699534842445 0.5571919931199318
vn 0.7668858921187564 0.3184699534842445 0.5571919931199318
vn 0.7664431014995491 0.31984599640884676 0.5570130256510921
vn 0.7664431014995491 0.31984599640884676 0.5570130256510921
vn 0.7664431014995491 0.31984599640884676 0.5570130256510921
vn 0.7213416297099651 0.10829290289270789 0.6840605970456434
vn 0.7213416297099651 0.10829290289270789 0.6840605970456434
vn 0.7213416297099651 0.10829290289270789 0.6840605970456434
vn 0.7403671581861648 0.1304109972256715 0.6594311509793485
vn 0.7403671581861648 0.1304109972256715 0.6594311509793485
vn 0.7403671581861648 0.1304109972256715 0.6594311509793485
vn 0.858620021827816 0.11934598150115816 0.4985260222053869
vn 0.858620021827816 0.11934598150115816 0.4985260222053869
vn 0.858620021827816 0.11934598150115816 0.4985260222053869
vn 0.8655889303131263 0.11239796583122581 0.48797797183518477
vn 0.8655889303131263 0.11239796583122581 0.48797797183518477
vn 0.8655889303131263 0.11239796583122581 0.48797797183518477
vn 0.609915969881731 -0.7918369759517204 0.031570764939450546
vn 0.609915969881731 -0.7918369759517204 0.031570764939450546
vn 0.609915969881731 -0.7918369759517204 0.031570764939450546
vn 0.4980399844143626 -0.8443289975645829 0.19764796431060908
vn 0.4980399844143626 -0.8443289975645829 0.19764796431060908
vn 0.4980399844143626 -0.8443289975645829 0.19764796431060908
vn 0.5039478329791323 -0.8387667692091764 -0.20617198768512857
vn 0.5039478329791323 -0.8387667692091764 -0.20617198768512857
vn 0.5039478329791323 -0.8387667692091764 -0.20617198768512857
vn 0.5886173074764364 -0.8083273525018976 -0.011685740732343543
vn 0.5886173074764364 -0.8083273525018976 -0.011685740732343543
vn 0.5886173074764364 -0.8083273525018976 -0.011685740732343543
vn 0.6299696823818268 -0.7763886044796385 0.018945556574023446
vn 0.6299696823818268 -0.7763886044796385 0.018945556574023446
vn 0.6299696823818268 -0.7763886044796385 0.018945556574023446
vn 0.6293130195841669 -0.7769230811965874 0.018858666067851877
vn 0.6293130195841669 -0.7769230811965874 0.018858666067851877
vn 0.6293130195841669 -0.7769230811965874 0.018858666067851877
vn 0.21823804609358424 -0.7917251529377071 -0.5705641396398997
vn 0.21823804609358424 -0.7917251529377071 -0.5705641396398997
vn 0.21823804609358424 -0.7917251529377071 -0.5705641396398997
vn 0.34184617123832195 -0.8443343993983273 -0.4126022506026425
vn 0.34184617123832195 -0.8443343993983273 -0.4126022506026425
vn 0.34184617123832195 -0.8443343993983273 -0.4126022506026425
vn -0.040352281112845494 -0.838766591441302 -0.5429938291462713
vn -0.040352281112845494 -0.838766591441302 -0.5429938291462713
vn -0.040352281112845494 -0.838766591441302 -0.5429938291462713
vn 0.16968706660368008 -0.8085852810599398 -0.5633792174731481
vn 0.16968706660368008 -0.8085852810599398 -0.5633792174731481
vn 0.16968706660368008 -0.8085852810599398 -0.5633792174731481
vn 0.21301994336254834 -0.7755897656527773 -0.5942078921930326
vn 0.21301994336254834 -0.7755897656527773 -0.5942078921930326
vn 0.21301994336254834 -0.7755897656527773 -0.5942078921930326
vn 0.21223603505481886 -0.7770570969488779 -0.5925690959758126
vn 0.21223603505481886 -0.7770570969488779 -0.5925690959758126
vn 0.21223603505481886 -0.7770570969488779 -0.5925690959758126
vn -0.474331966287164 -0.7920249288932059 -0.38432498978060853
vn -0.474331966287164 -0.7920249288932059 -0.38432498978060853
vn -0.474331966287164 -0.7920249288932059 -0.38432498978060853
vn -0.2866559407410422 -0.8443068305888419 -0.4527409275279769
vn -0.2866559407410422 -0.8443068305888419 -0.4527409275279769
vn -0.2866559407410422 -0.8443068305888419 -0.4527409275279769
vn -0.528886916443948 -0.8387668707001191 -0.1294170244996462
vn -0.528886916443948 -0.8387668707001191 -0.1294170244996462
vn -0.528886916443948 -0.8387668707001191 -0.1294170244996462
vn -0.4835210170052017 -0.8087149754770041 -0.33494404689960405
vn -0.4835210170052017 -0.8087149754770041 -0.33494404689960405
vn -0.4835210170052017 -0.8087149754770041 -0.33494404689960405
vn -0.4996539777508489 -0.775223926699277 -0.38648902441170097
vn -0.4996539777508489 -0.775223926699277 -0.38648902441170097
vn -0.4996539777508489 -0.775223926699277 -0.38648902441170097
vn -0.49857521492603574 -0.7764282853870457 -0.3854631924222978
vn -0.49857521492603574 -0.7764282853870457 -0.3854631924222978
vn -0.49857521492603574 -0.7764282853870457 -0.3854631924222978
vn -0.5122539774939854 -0.7923210064485965 0.33139596449244046
vn -0.5122539774939854 -0.7923210064485965 0.33139596449244046
vn -0.5122539774939854 -0.7923210064485965 0.33139596449244046
vn -0.5192311880186197 -0.8442842819950853 0.1326009976011346
vn -0.5192311880186197 -0.8442842819950853 0.1326009976011346
vn -0.5192311880186197 -0.8442842819950853 0.1326009976011346
vn -0.2865178686199786 -0.8387666247087819 0.46300978416886857
vn -0.2865178686199786 -0.8387666247087819 0.46300978416886857
vn -0.2865178686199786 -0.8387666247087819 0.46300978416886857
vn -0.4685897832006457 -0.8085386402817507 0.35593381723476264
vn -0.4685897832006457 -0.8085386402817507 0.35593381723476264
vn -0.4685897832006457 -0.8085386402817507 0.35593381723476264
vn -0.5213952380445693 -0.7757953143928853 0.35537112419341443
vn -0.5213950441418067 -0.7757950535233459 0.35537197817649074
vn -0.5213952380445693 -0.7757953143928853 0.35537112419341443
vn -0.5212759220284424 -0.7759048862919244 0.3553069384936254
vn -0.5212759220284424 -0.7759048862919244 0.3553069384936254
vn -0.5212759220284424 -0.7759048862919244 0.3553069384936254
vn 0.15725493826051837 -0.7922057370087686 0.5896447698768085
vn 0.15725493826051837 -0.7922057370087686 0.5896447698768085
vn 0.15725493826051837 -0.7922057370087686 0.5896447698768085
vn -0.034258696790672866 -0.8442978996279693 0.5347778963064985
vn -0.034258696790672866 -0.8442978996279693 0.5347778963064985
vn -0.034258696790672866 -0.8442978996279693 0.5347778963064985
vn 0.3518099208732279 -0.8387668361944699 0.4155718639122391
vn 0.3518099208732279 -0.8387668361944699 0.4155718639122391
vn 0.3518099208732279 -0.8387668361944699 0.4155718639122391
vn 0.19290801718443515 -0.8082980659562216 0.5562739733956655
vn 0.19290801718443515 -0.8082980659562216 0.5562739733956655
vn 0.19290801718443515 -0.8082980659562216 0.5562739733956655
vn 0.17660793264288446 -0.7765176981765096 0.6048387409436184
vn 0.17660793264288446 -0.7765176981765096 0.6048387409436184
vn 0.17660793264288446 -0.7765176981765096 0.6048387409436184
vn 0.17667794557052413 -0.7762087396783272 0.605214751964922
vn 0.17667794557052413 -0.7762087396783272 0.605214751964922
vn 0.17667794557052413 -0.7762087396783272 0.605214751964922
vn 0.7669694327546395 0.3182261840586316 -0.557216282066047
vn 0.7669694327546395 0.3182261840586316 -0.557216282066047
vn 0.7669694327546395 0.3182261840586316 -0.557216282066047
vn 0.7665687515333384 0.3200239316679433 -0.5567378488412752
vn 0.7665687515333384 0.3200239316679433 -0.5567378488412752
vn 0.7665687515333384 0.3200239316679433 -0.5567378488412752
vn 0.8748562003694292 0.10445004915717304 -0.47298712023291817
vn 0.8748562003694292 0.10445004915717304 -0.47298712023291817
vn 0.8748562003694292 0.10445004915717304 -0.47298712023291817
vn 0.8549193942779537 0.13019207226105312 -0.5021581957986839
vn 0.8549193942779537 0.13019207226105312 -0.5021581957986839
vn 0.8549193942779537 0.13019207226105312 -0.5021581957986839
vn 0.7371559729867427 0.11911003203864017 -0.6651419936808401
vn 0.7371559729867427 0.11911003203864017 -0.6651419936808401
vn 0.7371559729867427 0.11911003203864017 -0.6651419936808401
vn 0.732185037093969 0.11486604314592044 -0.6713500306008057
vn 0.732185037093969 0.11486604314592044 -0.6713500306008057
vn 0.732185037093969 0.11486604314592044 -0.6713500306008057
vn -0.29284286958531597 0.3193338930475434 -0.9012596287885849
vn -0.29284286958531597 0.3193338930475434 -0.9012596287885849
vn -0.29284286958531597 0.3193338930475434 -0.9012596287885849
vn -0.2924348604373274 0.3215479232060589 -0.9006046776931992
vn -0.2924348604373274 0.3215479232060589 -0.9006046776931992
vn -0.2924348604373274 0.3215479232060589 -0.9006046776931992
vn -0.1945950098580054 0.13206804107890746 -0.9719520639743212
vn -0.1945950098580054 0.13206804107890746 -0.9719520639743212
vn -0.1945950098580054 0.13206804107890746 -0.9719520639743212
vn -0.19436196556109875 0.13189002360427995 -0.9720228639373093
vn -0.19436196556109875 0.13189002360427995 -0.9720228639373093
vn -0.19436196556109875 0.13189002360427995 -0.9720228639373093
vn -0.43435191795777883 0.11750600580823024 -0.8930457714839676
vn -0.43435191795777883 0.11750600580823024 -0.8930457714839676
vn -0.43435191795777883 0.11750600580823024 -0.8930457714839676
vn -0.40084605012396757 0.1365230431885093 -0.905916057247338
vn -0.40084605012396757 0.1365230431885093 -0.905916057247338
vn -0.40084605012396757 0.1365230431885093 -0.905916057247338
vn 0.1519689651771309 -0.11806200564648392 0.9813087161773921
vn 0.1519689651771309 -0.11806200564648392 0.9813087161773921
vn 0.1519689651771309 -0.11806200564648392 0.9813087161773921
vn 0.17703894048626032 -0.1323850005163992 0.9752596706466311
vn 0.17703894048626032 -0.1323850005163992 0.9752596706466311
vn 0.17703894048626032 -0.1323850005163992 0.9752596706466311
vn 0.26554314653278355 -0.31968920457349664 0.9095524447818462
vn 0.26554314653278355 -0.31968920457349664 0.9095524447818462
vn 0.26554314653278355 -0.31968920457349664 0.9095524447818462
vn 0.2655219369229652 -0.32114193032931837 0.909046732350453
vn 0.2655219369229652 -0.32114193032931837 0.909046732350453
vn 0.2655219369229652 -0.32114193032931837 0.909046732350453
vn 0.383980793117819 -0.13674196988155407 0.913159561188253
vn 0.383980793117819 -0.13674196988155407 0.913159561188253
vn 0.383980793117819 -0.13674196988155407 0.913159561188253
vn 0.390200015696178 -0.13215103630945782 0.9111970430993719
vn 0.390200015696178 -0.13215103630945782 0.9111970430993719
vn 0.390200015696178 -0.13215103630945782 0.9111970430993719
vn -0.8730566907865499 -0.11934697200013733 0.4727878117583374
vn -0.8730566907865499 -0.11934697200013733 0.4727878117583374
vn -0.8730566907865499 -0.11934697200013733 0.4727878117583374
vn -0.8799841953777644 -0.11211104400288521 0.4615830691196675
vn -0.8799841953777644 -0.11211104400288521 0.4615830691196675
vn -0.8799841953777644 -0.11211104400288521 0.4615830691196675
vn -0.7833221778316795 -0.31841811799893893 0.5338691486188808
vn -0.7833221778316795 -0.31841811799893893 0.5338691486188808
vn -0.7833221778316795 -0.31841811799893893 0.5338691486188808
vn -0.7828710620748957 -0.31980302605323124 0.5337030304325818
vn -0.7828710620748957 -0.31980302605323124 0.5337030304325818
vn -0.7828710620748957 -0.31980302605323124 0.5337030304325818
vn -0.7414429882211285 -0.10777003375878201 0.662305001522225
vn -0.7414429882211285 -0.10777003375878201 0.662305001522225
vn -0.7414429882211285 -0.10777003375878201 0.662305001522225
vn -0.7601013213790881 -0.13036008501262086 0.6365942424129097
vn -0.7601013213790881 -0.13036008501262086 0.6365942424129097
vn -0.7601013213790881 -0.13036008501262086 0.6365942424129097
vn -0.7164234637942674 -0.11910104678885165 -0.6874244403414993
vn -0.716423939331942 -0.1191009596242036 -0.687423959844793
vn -0.716423939331942 -0.1191009596242036 -0.687423959844793
vn -0.7117559163333974 -0.11525994992143901 -0.6929059528597755
vn -0.7117559163333974 -0.11525994992143901 -0.6929059528597755
vn -0.7117559163333974 -0.11525994992143901 -0.6929059528597755
vn -0.749841267179375 -0.31826309024924715 -0.5800402394832869
vn -0.749841267179375 -0.31826309024924715 -0.5800402394832869
vn -0.749841267179375 -0.31826309024924715 -0.5800402394832869
vn -0.7494483702538404 -0.3200921210968809 -0.5795413482535671
vn -0.7494483702538404 -0.3200921210968809 -0.5795413482535671
vn -0.7494483702538404 -0.3200921210968809 -0.5795413482535671
vn -0.8600686180741103 -0.10484593418432281 -0.4992887964786581
vn -0.8600686180741103 -0.10484593418432281 -0.4992887964786581
vn -0.8600686180741103 -0.10484593418432281 -0.4992887964786581
vn -0.8395546111121417 -0.13023292253287044 -0.527434774023185
vn -0.8395546111121417 -0.13023292253287044 -0.527434774023185
vn -0.8395546111121417 -0.13023292253287044 -0.527434774023185
vn 0.9764440244866919 -0.11681001221889611 0.18141799273956788
vn 0.9764440244866919 -0.11681001221889611 0.18141799273956788
vn 0.9764440244866919 -0.11681001221889611 0.18141799273956788
vn 0.9811221997053219 -0.14762103266802523 0.12492901968484468
vn 0.9811221997053219 -0.14762103266802523 0.12492901968484468
vn 0.9811221997053219 -0.14762103266802523 0.12492901968484468
vn 0.9469001165000549 -0.32026001502179746 0.028525289664096017
vn 0.9469001165000549 -0.32026001502179746 0.028525289664096017
vn 0.9469001165000549 -0.32026001502179746 0.028525289664096017
vn 0.9462454824380765 -0.32220515423953067 0.028342998200825576
vn 0.9462454824380765 -0.32220515423953067 0.028342998200825576
vn 0.9462454824380765 -0.32220515423953067 0.028342998200825576
vn 0.98559183779748 -0.1521369704411138 -0.0739125935953101
vn 0.98559183779748 -0.1521369704411138 -0.0739125935953101
vn 0.98559183779748 -0.1521369704411138 -0.0739125935953101
vn 0.9859978479353981 -0.13312498681811913 -0.10042898860109685
vn 0.9859978479353981 -0.13312498681811913 -0.10042898860109685
vn 0.9859978479353981 -0.13312498681811913 -0.10042898860109685
vn 0.46167516524998214 -0.11749400778888737 -0.8792333023294252
vn 0.46167516524998214 -0.11749400778888737 -0.8792333023294252
vn 0.46167516524998214 -0.11749400778888737 -0.8792333023294252
vn 0.4276551604606605 -0.1370430049259839 -0.8934933007763537
vn 0.4276551604606605 -0.1370430049259839 -0.8934933007763537
vn 0.4276551604606605 -0.1370430049259839 -0.8934933007763537
vn 0.319828025567959 -0.31940696917878225 -0.8920141378371338
vn 0.319828025567959 -0.31940696917878225 -0.8920141378371338
vn 0.319828025567959 -0.31940696917878225 -0.8920141378371338
vn 0.3193989806561236 -0.32162693338303217 -0.8913699607225138
vn 0.3193989806561236 -0.32162693338303217 -0.8913699607225138
vn 0.3193989806561236 -0.32162693338303217 -0.8913699607225138
vn 0.22416795505705436 -0.13282992634529509 -0.9654558190785542
vn 0.22416795505705436 -0.13282992634529509 -0.9654558190785542
vn 0.22416795505705436 -0.13282992634529509 -0.9654558190785542
vn 0.22305396537997388 -0.13196894093856051 -0.9658318317159691
vn 0.22305396537997388 -0.13196894093856051 -0.9658318317159691
vn 0.22305396537997388 -0.13196894093856051 -0.9658318317159691
vn -0.412218767891996 -0.8604525245974658 0.2994948084883146
vn -0.412218767891996 -0.8604525245974658 0.2994948084883146
vn -0.412218767891996 -0.8604525245974658 0.2994948084883146
vn -0.4122180656165424 -0.8604531425307976 0.29949399975330177
vn -0.4122180656165424 -0.8604531425307976 0.29949399975330177
vn -0.4122180656165424 -0.8604531425307976 0.29949399975330177
vn -0.5941290752799182 -0.7449960712531377 0.30330099855493237
vn -0.5941290752799182 -0.7449960712531377 0.30330099855493237
vn -0.5941290752799182 -0.7449960712531377 0.30330099855493237
vn -0.3962571588310757 -0.8259282815450228 0.4010271035967635
vn -0.3962571588310757 -0.8259282815450228 0.4010271035967635
vn -0.3962571588310757 -0.8259282815450228 0.4010271035967635
vn -0.521468736897628 -0.8229845518500373 0.2253148549354559
vn -0.521468736897628 -0.8229845518500373 0.2253148549354559
vn -0.521468736897628 -0.8229845518500373 0.2253148549354559
vn -0.4652429801909301 -0.7626419939177219 0.4493619459814805
vn -0.4652429801909301 -0.7626419939177219 0.4493619459814805
vn -0.4652429801909301 -0.7626419939177219 0.4493619459814805
vn 0.1574530618542807 -0.8604533381235799 0.48459115367978023
vn 0.1574530618542807 -0.8604533381235799 0.48459115367978023
vn 0.1574530618542807 -0.8604533381235799 0.48459115367978023
vn 0.1574529888744024 -0.8604529292300255 0.484591903434205
vn 0.1574529888744024 -0.8604529292300255 0.484591903434205
vn 0.1574529888744024 -0.8604529292300255 0.484591903434205
vn 0.10485997961374431 -0.7449958729843887 0.6587757842480504
vn 0.10485997961374431 -0.7449958729843887 0.6587757842480504
vn 0.10485997961374431 -0.7449958729843887 0.6587757842480504
vn 0.25895002130156447 -0.8259281025967743 0.5007870363825443
vn 0.25895002130156447 -0.8259281025967743 0.5007870363825443
vn 0.25895002130156447 -0.8259281025967743 0.5007870363825443
vn 0.053144192728534635 -0.8229848764044219 0.5655719123054388
vn 0.053144192728534635 -0.8229848764044219 0.5655719123054388
vn 0.053144192728534635 -0.8229848764044219 0.5655719123054388
vn 0.2836018484684317 -0.7626416888826196 0.5813326465317031
vn 0.2836018484684317 -0.7626416888826196 0.5813326465317031
vn 0.2836018484684317 -0.7626416888826196 0.5813326465317031
vn 0.5095299623131396 -0.8604529141708852 -3.7611593397055554e-8
vn 0.5095299623131396 -0.8604529141708852 -3.7611593397055554e-8
vn 0.5095299623131396 -0.8604529141708852 -3.7611593397055554e-8
vn 0.5095299623131396 -0.8604529141708852 -3.7611593397055554e-8
vn 0.6589362640920235 -0.7449962564323565 0.1038440068863955
vn 0.6589362640920235 -0.7449962564323565 0.1038440068863955
vn 0.6589362640920235 -0.7449962564323565 0.1038440068863955
vn 0.5562969999766544 -0.8259279624886284 -0.09152403288949472
vn 0.5562969999766544 -0.8259279624886284 -0.09152403288949472
vn 0.5562969999766544 -0.8259279624886284 -0.09152403288949472
vn 0.5543137901043325 -0.8229845983241901 0.1242279075785367
vn 0.5543137901043325 -0.8229845983241901 0.1242279075785367
vn 0.5543137901043325 -0.8229845983241901 0.1242279075785367
vn 0.6405179204339342 -0.762641867528516 -0.0900787183279468
vn 0.6405179204339342 -0.762641867528516 -0.0900787183279468
vn 0.6405179204339342 -0.762641867528516 -0.0900787183279468
vn 0.1574529888744024 -0.8604528868656504 -0.4845919786573911
vn 0.1574529888744024 -0.8604528868656504 -0.4845919786573911
vn 0.1574529888744024 -0.8604528868656504 -0.4845919786573911
vn 0.15745292252711246 -0.8604535652740455 -0.4845907956150786
vn 0.15745292252711246 -0.8604535652740455 -0.4845907956150786
vn 0.15745292252711246 -0.8604535652740455 -0.4845907956150786
vn 0.30238610820289596 -0.7449952181479578 -0.5945963054901899
vn 0.30238610820289596 -0.7449952181479578 -0.5945963054901899
vn 0.30238610820289596 -0.7449952181479578 -0.5945963054901899
vn 0.08486042193982085 -0.8259281294119191 -0.5573521632095135
vn 0.08486042193982085 -0.8259281294119191 -0.5573521632095135
vn 0.08486042193982085 -0.8259281294119191 -0.5573521632095135
vn 0.28943995579630527 -0.8229848199580471 -0.48879494484625546
vn 0.28943995579630527 -0.8229848199580471 -0.48879494484625546
vn 0.28943995579630527 -0.8229848199580471 -0.48879494484625546
vn 0.11226101901876243 -0.7626421906270776 -0.6370042014652659
vn 0.11226101901876243 -0.7626421906270776 -0.6370042014652659
vn 0.11226101901876243 -0.7626421906270776 -0.6370042014652659
vn -0.41221698309805066 -0.8604539929101822 -0.29949304654777115
vn -0.41221698309805066 -0.8604539929101822 -0.29949304654777115
vn -0.41221698309805066 -0.8604539929101822 -0.29949304654777115
vn -0.4122180656165424 -0.860453116348196 -0.29949407497650726
vn -0.4122180656165424 -0.860453116348196 -0.29949407497650726
vn -0.4122180656165424 -0.860453116348196 -0.29949407497650726
vn -0.4720519138777194 -0.7449958767105959 -0.47132593211979407
vn -0.4720519138777194 -0.7449958767105959 -0.47132593211979407
vn -0.4720519138777194 -0.7449958767105959 -0.47132593211979407
vn -0.5038501185540646 -0.8259281884945027 -0.25293810603237366
vn -0.5038501185540646 -0.8259281884945027 -0.25293810603237366
vn -0.5038501185540646 -0.8259281884945027 -0.25293810603237366
vn -0.37542984325853074 -0.822984686363141 -0.426319878498103
vn -0.37542984325853074 -0.822984686363141 -0.426319878498103
vn -0.37542984325853074 -0.822984686363141 -0.426319878498103
vn -0.5711383157803163 -0.762641387867427 -0.30361017400487195
vn -0.5711383157803163 -0.762641387867427 -0.30361017400487195
vn -0.5711383157803163 -0.762641387867427 -0.30361017400487195
vn 0.9807877406608928 -0.19507795305796208 -1.2967409494345221e-7
vn 0.9807877406608928 -0.19507795305796208 -1.2967409494345221e-7
vn 0.9807877406608928 -0.19507795305796208 -1.2967409494345221e-7
vn 0.9807873199329734 -0.19508006832758537 -8.527221058780429e-9
vn 0.9807873199329734 -0.19508006832758537 -8.527221058780429e-9
vn 0.9807873199329734 -0.19508006832758537 -8.527221058780429e-9
vn 0.9747683454039281 -0.2225820749645015 -0.016849115792394592
vn 0.9747683454039281 -0.2225820749645015 -0.016849115792394592
vn 0.9747683454039281 -0.2225820749645015 -0.016849115792394592
vn 0.9800199693625179 -0.19781599680946868 0.0207289907367896
vn 0.9800199693625179 -0.19781599680946868 0.0207289907367896
vn 0.9800199693625179 -0.19781599680946868 0.0207289907367896
vn 0.9802742731341894 -0.19562605762797824 -0.028156615708774358
vn 0.9802742731341894 -0.19562605762797824 -0.028156615708774358
vn 0.9802742731341894 -0.19562605762797824 -0.028156615708774358
vn 0.9761318159761501 -0.21685895966395818 0.011784288377724236
vn 0.9761318159761501 -0.21685895966395818 0.011784288377724236
vn 0.9761318159761501 -0.21685895966395818 0.011784288377724236
vn 0.30307995131806764 -0.19507692412731245 -0.9327848287692423
vn 0.30307995131806764 -0.19507692412731245 -0.9327848287692423
vn 0.30307995131806764 -0.19507692412731245 -0.9327848287692423
vn 0.30308009722388 -0.1950790231919227 -0.932784342373546
vn 0.30308009722388 -0.1950790231919227 -0.932784342373546
vn 0.30308009722388 -0.1950790231919227 -0.932784342373546
vn 0.29617795160908306 -0.20577691758690472 -0.9327027828676614
vn 0.29617795160908306 -0.20577691758690472 -0.9327027828676614
vn 0.29617795160908306 -0.20577691758690472 -0.9327027828676614
vn 0.30927610831673735 -0.19723302396367626 -0.9302942669298773
vn 0.30927610831673735 -0.19723302396367626 -0.9302942669298773
vn 0.30927610831673735 -0.19723302396367626 -0.9302942669298773
vn 0.2945779440828509 -0.19654692283467548 -0.9351968466500198
vn 0.2945779440828509 -0.19654692283467548 -0.9351968466500198
vn 0.2945779440828509 -0.19654692283467548 -0.9351968466500198
vn 0.307091090477677 -0.20398301027942733 -0.9295622591664175
vn 0.307091090477677 -0.20398301027942733 -0.9295622591664175
vn 0.307091090477677 -0.20398301027942733 -0.9295622591664175
vn -0.7934739021324415 -0.19507694772737105 -0.5764929757595397
vn -0.7934743602158985 -0.19507706232605895 -0.5764923064831007
vn -0.7934743602158985 -0.19507706232605895 -0.5764923064831007
vn -0.7934742404371425 -0.19507803100869647 -0.5764921435548532
vn -0.8029773228498597 -0.19618304611171578 -0.5627962610103242
vn -0.8029773228498597 -0.19618304611171578 -0.5627962610103242
vn -0.8029773228498597 -0.19618304611171578 -0.5627962610103242
vn -0.7900940825175568 -0.17871197238636602 -0.5863560110517456
vn -0.7900940825175568 -0.17871197238636602 -0.5863560110517456
vn -0.7900940825175568 -0.17871197238636602 -0.5863560110517456
vn -0.7829421051021597 -0.19766500712411905 -0.5898560883951446
vn -0.7829421051021597 -0.19766500712411905 -0.5898560883951446
vn -0.7829421051021597 -0.19766500712411905 -0.5898560883951446
vn -0.8010605645623174 -0.17888487188456206 -0.5712286534426868
vn -0.8010605645623174 -0.17888487188456206 -0.5712286534426868
vn -0.8010605645623174 -0.17888487188456206 -0.5712286534426868
vn -0.6429378307909066 0.7626427879404223 0.07075961941915514
vn -0.6429378307909066 0.7626427879404223 0.07075961941915514
vn -0.6429378307909066 0.7626427879404223 0.07075961941915514
vn -0.5503230385222143 0.8229850731028154 -0.1408549705251152
vn -0.5503230385222143 0.8229850731028154 -0.1408549705251152
vn -0.5503230385222143 0.8229850731028154 -0.1408549705251152
vn -0.5578009812913653 0.8229849177538892 0.1074890246490975
vn -0.5578009812913653 0.8229849177538892 0.1074890246490975
vn -0.5578009812913653 0.8229849177538892 0.1074890246490975
vn -0.6375171562151977 0.7626412465577741 -0.10931699126893238
vn -0.6375171562151977 0.7626412465577741 -0.10931699126893238
vn -0.6375171562151977 0.7626412465577741 -0.10931699126893238
vn -0.5093001753889345 0.8604523001897807 -0.015335268074479175
vn -0.5093001753889345 0.8604523001897807 -0.015335268074479175
vn -0.5093001753889345 0.8604523001897807 -0.015335268074479175
vn -0.5092982599293187 0.8604534374825796 -0.015335069526429665
vn -0.5092978285315923 0.8604536930658633 -0.015335055993450794
vn -0.5092982599293187 0.8604534374825796 -0.015335069526429665
vn -0.12464001940466056 0.7449960521197054 0.6553211028868663
vn -0.12464001940466056 0.7449960521197054 0.6553211028868663
vn -0.12464001940466056 0.7449960521197054 0.6553211028868663
vn -0.27390489279875757 0.8259285562765996 0.49276579591906833
vn -0.27390489279875757 0.8259285562765996 0.49276579591906833
vn -0.27390489279875757 0.8259285562765996 0.49276579591906833
vn -0.07014160147140668 0.8229850345059891 0.5637160532770041
vn -0.07014160147140668 0.8229850345059891 0.5637160532770041
vn -0.07014160147140668 0.8229850345059891 0.5637160532770041
vn -0.3009700789530789 0.7626412137930636 0.572534182908951
vn -0.3009700789530789 0.7626412137930636 0.572534182908951
vn -0.3009700789530789 0.7626412137930636 0.572534182908951
vn -0.17196598565617788 0.8604538785363149 0.4796319658749946
vn -0.17196598565617788 0.8604538785363149 0.4796319658749946
vn -0.17196598565617788 0.8604538785363149 0.4796319658749946
vn -0.17196693265943705 0.8604526530641067 0.47963382481497796
vn -0.17196693265943705 0.8604526530641067 0.47963382481497796
vn -0.17196693265943705 0.8604526530641067 0.47963382481497796
vn 0.5847337952310415 0.7449947595823103 0.32104391741566796
vn 0.5847337952310415 0.7449947595823103 0.32104391741566796
vn 0.5847337952310415 0.7449947595823103 0.32104391741566796
vn 0.3840068453018213 0.8259286429703039 0.41277187341505667
vn 0.3840068453018213 0.8259286429703039 0.41277187341505667
vn 0.3840068453018213 0.8259286429703039 0.41277187341505667
vn 0.5144509496702232 0.822984835496195 0.24090699642539765
vn 0.5144509496702232 0.822984835496195 0.24090699642539765
vn 0.5144509496702232 0.822984835496195 0.24090699642539765
vn 0.4515078957061566 0.7626418353450984 0.4631609343375779
vn 0.4515078957061566 0.7626418353450984 0.4631609343375779
vn 0.4515078957061566 0.7626418353450984 0.4631609343375779
vn 0.4030179335946278 0.8604528670702489 0.31176498961830984
vn 0.4030179335946278 0.8604528670702489 0.31176498961830984
vn 0.4030179335946278 0.8604528670702489 0.31176498961830984
vn 0.4030161518608288 0.8604543668380474 0.3117631535775583
vn 0.4030161518608288 0.8604543668380474 0.3117631535775583
vn 0.4030161518608288 0.8604543668380474 0.3117631535775583
vn 0.4860239211415633 0.7449969671931835 -0.4569029075757105
vn 0.4860239211415633 0.7449969671931835 -0.4569029075757105
vn 0.4860239211415633 0.7449969671931835 -0.4569029075757105
vn 0.5112338158063913 0.8259287132948624 -0.23765888607651417
vn 0.5112342397200775 0.8259283893753554 -0.23765909989239994
vn 0.5112338158063913 0.8259287132948624 -0.23765888607651417
vn 0.3880899265056309 0.8229848358618204 -0.41482787862720455
vn 0.3880899265056309 0.8229848358618204 -0.41482787862720455
vn 0.3880899265056309 0.8229848358618204 -0.41482787862720455
vn 0.5800151575330251 0.7626423036629039 -0.2862850567104045
vn 0.5800151575330251 0.7626423036629039 -0.2862850567104045
vn 0.5800151575330251 0.7626423036629039 -0.2862850567104045
vn 0.4210458713583903 0.8604527860465139 -0.28695187261428695
vn 0.4210458713583903 0.8604527860465139 -0.28695187261428695
vn 0.4210458713583903 0.8604527860465139 -0.28695187261428695
vn 0.42104694900374046 0.8604519030076043 -0.28695293925177673
vn 0.42104694900374046 0.8604519030076043 -0.28695293925177673
vn 0.42104694900374046 0.8604519030076043 -0.28695293925177673
vn -0.2843519401315003 0.7449958462652343 -0.6034278442291168
vn -0.2843519401315003 0.7449958462652343 -0.6034278442291168
vn -0.28435210120805965 0.7449962951076173 -0.603427214181201
vn -0.06804658263022086 0.8259288062914039 -0.5596528115987672
vn -0.06804658263022086 0.8259288062914039 -0.5596528115987672
vn -0.06804658263022086 0.8259288062914039 -0.5596528115987672
vn -0.09303757772562692 0.7626418934935528 -0.6400947987755536
vn -0.09303757772562692 0.7626418934935528 -0.6400947987755536
vn -0.09303757772562692 0.7626418934935528 -0.6400947987755536
vn -0.27459895576615295 0.8229848949606665 -0.49728389895382596
vn -0.27459895576615295 0.8229848949606665 -0.49728389895382596
vn -0.27459895576615295 0.8229848949606665 -0.49728389895382596
vn -0.14279699336467244 0.8604530610615142 -0.489110977586764
vn -0.14279699336467244 0.8604530610615142 -0.489110977586764
vn -0.14279699336467244 0.8604530610615142 -0.489110977586764
vn -0.142797994407724 0.8604529284928935 -0.48911091854622823
vn -0.142797994407724 0.8604529284928935 -0.48911091854622823
vn -0.142797994407724 0.8604529284928935 -0.48911091854622823
vn -0.7934740811157548 -0.1950790398737846 0.576492021453403
vn -0.7934740811157548 -0.1950790398737846 0.576492021453403
vn -0.7934740811157548 -0.1950790398737846 0.576492021453403
vn -0.7934740812232137 -0.19507604476706164 0.5764930348104963
vn -0.7934740812232137 -0.19507604476706164 0.5764930348104963
vn -0.7934740812232137 -0.19507604476706164 0.5764930348104963
vn -0.8019566065145012 -0.1784169222335936 0.5701166574732206
vn -0.8019562395541636 -0.17841706916895034 0.5701171276758022
vn -0.8019566065145012 -0.1784169222335936 0.5701166574732206
vn -0.7836261303288112 -0.19620204837041438 0.5894360390077503
vn -0.7836261303288112 -0.19620204837041438 0.5894360390077503
vn -0.7836261303288112 -0.19620204837041438 0.5894360390077503
vn -0.805856899856245 -0.19787299493173183 0.5580689337625134
vn -0.805856899856245 -0.19787299493173183 0.5580689337625134
vn -0.805856899856245 -0.19787299493173183 0.5580689337625134
vn -0.7914702222000806 -0.18274707603855456 0.5832481406484842
vn -0.7914702222000806 -0.18274707603855456 0.5832481406484842
vn -0.7914702222000806 -0.18274707603855456 0.5832481406484842
vn 0.30308009722388 -0.19507910473852325 0.9327843253191918
vn 0.30308009722388 -0.19507910473852325 0.9327843253191918
vn 0.30308009722388 -0.19507910473852325 0.9327843253191918
vn 0.30308009722388 -0.19507910473852325 0.9327843253191918
vn 0.3087790998171552 -0.20609210133303946 0.9285372977345817
vn 0.3087790998171552 -0.20609210133303946 0.9285372977345817
vn 0.3087790998171552 -0.20609210133303946 0.9285372977345817
vn 0.29685205236645906 -0.19722208004737773 0.9343352236470627
vn 0.29685117723772 -0.19722214733710097 0.9343354874841919
vn 0.29685117723772 -0.19722214733710097 0.9343354874841919
vn 0.31184089074661225 -0.19652495802509642 0.9295876503760114
vn 0.31184089074661225 -0.19652495802509642 0.9295876503760114
vn 0.31184089074661225 -0.19652495802509642 0.9295876503760114
vn 0.29804295523401986 -0.20380899067813796 0.9325407723816319
vn 0.29804295523401986 -0.20380899067813796 0.9325407723816319
vn 0.29804295523401986 -0.20380899067813796 0.9325407723816319
vn -0.2670420697118417 0.19658308807359723 -0.9434212327944841
vn -0.2670420697118417 0.19658308807359723 -0.9434212327944841
vn -0.2670420697118417 0.19658308807359723 -0.9434212327944841
vn -0.27872215490869057 0.20343615353478145 -0.9385774831083625
vn -0.27872215490869057 0.20343615353478145 -0.9385774831083625
vn -0.27872215490869057 0.20343615353478145 -0.9385774831083625
vn -0.27486905690861796 0.19508009335971493 -0.9414832758625785
vn -0.27486905690861796 0.19508009335971493 -0.9414832758625785
vn -0.27486905690861796 0.19508009335971493 -0.9414832758625785
vn -0.27486905690861796 0.19508009335971493 -0.9414832758625785
vn -0.2805620697511302 0.19720809454972127 -0.9393582343605821
vn -0.2805620697511302 0.19720809454972127 -0.9393582343605821
vn -0.2805620697511302 0.19720809454972127 -0.9393582343605821
vn -0.26841810846665787 0.20508912935487875 -0.9412173861906925
vn -0.26841810846665787 0.20508912935487875 -0.9412173861906925
vn -0.26841810846665787 0.20508912935487875 -0.9412173861906925
vn 0.7974410235086102 0.19786402536289008 -0.5700330178969756
vn 0.7974410235086102 0.19786402536289008 -0.5700330178969756
vn 0.7974410235086102 0.19786402536289008 -0.5700330178969756
vn 0.8163678946618095 0.1822630175627167 -0.5480179312708459
vn 0.8163678946618095 0.1822630175627167 -0.5480179312708459
vn 0.8163678946618095 0.1822630175627167 -0.5480179312708459
vn 0.8104642679999999 0.19508207945279413 -0.5523501177438075
vn 0.8104642679999999 0.19508207945279413 -0.5523501177438075
vn 0.8104642679999999 0.19508207945279413 -0.5523501177438075
vn 0.8104646029029917 0.19507892928382925 -0.5523507389247984
vn 0.8104650678723448 0.19507904563650524 -0.5523500155809048
vn 0.8104650678723448 0.19507904563650524 -0.5523500155809048
vn 0.8072982021312549 0.1782820660955599 -0.5625701002935916
vn 0.8072982021312549 0.1782820660955599 -0.5625701002935916
vn 0.8072982021312549 0.1782820660955599 -0.5625701002935916
vn 0.8197471639442427 0.19616606538374026 -0.5380831366965825
vn 0.8197471639442427 0.19616606538374026 -0.5380831366965825
vn 0.8197471639442427 0.19616606538374026 -0.5380831366965825
vn 0.7884075193020001 0.19785385637994304 0.5824666814708387
vn 0.788407161983495 0.1978540054123062 0.5824671145012722
vn 0.788407161983495 0.1978540054123062 0.5824671145012722
vn 0.773621860426643 0.18309195745458495 0.606618951389971
vn 0.773621860426643 0.18309195745458495 0.606618951389971
vn 0.773621860426643 0.18309195745458495 0.606618951389971
vn 0.7757641410252134 0.19507801228861946 0.6001121283734684
vn 0.7757641410252134 0.19507801228861946 0.6001121283734684
vn 0.7757641410252134 0.19507801228861946 0.6001121283734684
vn 0.7757638146971041 0.1950799274205751 0.6001119276636486
vn 0.7757638146971041 0.1950799274205751 0.6001119276636486
vn 0.7757638146971041 0.1950799274205751 0.6001119276636486
vn 0.7842111588436186 0.17885801581266764 0.5941571076110295
vn 0.7842111588436186 0.17885801581266764 0.5941571076110295
vn 0.7842111588436186 0.17885801581266764 0.5941571076110295
vn 0.7657622308127744 0.19621903506199623 0.612459219981202
vn 0.7657622308127744 0.19621903506199623 0.612459219981202
vn 0.7657622308127744 0.19621903506199623 0.612459219981202
vn -0.9760447147541997 0.21685694407576206 -0.01760058540260726
vn -0.9760447147541997 0.21685694407576206 -0.01760058540260726
vn -0.9760447147541997 0.21685694407576206 -0.01760058540260726
vn -0.9789844949111459 0.1956279074382825 -0.05761146200963183
vn -0.97898468801059 0.19562693872688489 -0.05761147008326659
vn -0.97898468801059 0.19562693872688489 -0.05761147008326659
vn -0.9803432208087118 0.19507904443781468 -0.029518398256521104
vn -0.9803432208087118 0.19507904443781468 -0.029518398256521104
vn -0.9803432208087118 0.19507904443781468 -0.029518398256521104
vn -0.9803436364322163 0.19507692815276323 -0.029518580747389934
vn -0.9803436364322163 0.19507692815276323 -0.029518580747389934
vn -0.9803436364322163 0.19507692815276323 -0.029518580747389934
vn -0.9738249694429996 0.2225610018687181 -0.04616848856670103
vn -0.9738249694429996 0.2225610018687181 -0.04616848856670103
vn -0.9738249694429996 0.2225610018687181 -0.04616848856670103
vn -0.9801999263431528 0.19781598638924827 -0.008771540670072684
vn -0.9801999263431528 0.19781598638924827 -0.008771540670072684
vn -0.9801999264312339 0.19781598640702364 -0.00877153042631327
vn -0.3404310170971376 0.19648898580812116 0.9195100875217761
vn -0.3404310170971376 0.19648898580812116 0.9195100875217761
vn -0.3404310170971376 0.19648898580812116 0.9195100875217761
vn -0.32566590345709084 0.20433989993476545 0.9231397102389902
vn -0.32566590345709084 0.20433989993476545 0.9231397102389902
vn -0.32566621946139723 0.20434008623260022 0.9231395575210579
vn -0.33101600734698655 0.19507997098658517 0.9232400596810847
vn -0.33101600734698655 0.19507997098658517 0.9232400596810847
vn -0.33101600734698655 0.19507997098658517 0.9232400596810847
vn -0.3310170120013908 0.19507798671186707 0.9232401187481595
vn -0.3310170120013908 0.19507798671186707 0.9232401187481595
vn -0.331016147506391 0.19507804618232813 0.9232404161363997
vn -0.33693607219372246 0.20678899764653247 0.9185381830424955
vn -0.33693607219372246 0.20678899764653247 0.9185381830424955
vn -0.33693607219372246 0.20678899764653247 0.9185381830424955
vn -0.32429608551160877 0.19724801194371677 0.9251622942522564
vn -0.32429608551160877 0.19724801194371677 0.9251622942522564
vn -0.32429608551160877 0.19724801194371677 0.9251622942522564
vn -0.655207170971778 0.58738118190993 0.4750651642093458
vn -0.6610387285792111 0.5765117550581028 0.48027283454116615
vn -0.6608204446280626 0.5769244473504475 0.4800776208187073
vn -0.6549697698973734 0.5878158227360523 0.4748548821079128
vn 0.8338550670328576 -0.29183904492302504 0.4685250249901761
vn 0.812638674128751 -0.3273539053604449 0.48213878287846795
vn 0.8134524692424109 -0.3260492244915523 0.48165027093512786
vn 0.8346059246099776 -0.2905209929101002 0.468006947901902
vn -0.20179610051327068 -0.3118741189175383 -0.928446480830773
vn -0.16814799433467018 -0.26537294732804473 -0.9493700284018105
vn -0.16949200219638857 -0.2672329661687268 -0.9486089831875532
vn -0.20312502487076417 -0.31370897245428014 -0.9275380880982359
vn 0.2493440676417068 0.5873810952141095 0.769942195828337
vn 0.25249392981541385 0.5765117849891277 0.7770977912560416
vn 0.2523760051381123 0.5769240177905047 0.7768301163877396
vn 0.2492170262995292 0.5878149959528328 0.7696521320280942
vn 0.7032691297641596 -0.2918390124758337 -0.6482611525595929
vn 0.7096598583512889 -0.32735189537353293 -0.6238778903280545
vn 0.7094468234832857 -0.32604687554176764 -0.6248028805942932
vn 0.7030086627840275 -0.29052183631482786 -0.6491347184328334
vn -0.9453638247435484 -0.31187293701866714 -0.09498689394647943
vn -0.9548653971376952 -0.2653721052059016 -0.13345305964143192
vn -0.9545569170862799 -0.2672319714031544 -0.13194000721055332
vn -0.9449105367499275 -0.31370785771699794 -0.09344226851685423
vn 0.8093109236889365 0.5873799564096037 0.0007846056414051308
vn 0.8170879903255087 0.5765129799630021 2.520018403492434e-8
vn 0.8167971106011003 0.5769250204599029 0.000029682220551137637
vn 0.8089958157971944 0.5878138344645892 0.0008161094710244377
vn -0.39921078068340493 -0.2918387946435404 -0.8691725205775617
vn -0.3740450884344073 -0.32735405196038597 -0.8677151586109425
vn -0.3749908764429494 -0.3260478299753185 -0.8677987411565738
vn -0.4001219971311941 -0.2905209518394947 -0.8691950091630868
vn -0.3824708782281981 -0.31187395816432056 0.869741721159949
vn -0.4219907897476727 -0.2653729151036987 0.8668915672086682
vn -0.4204559440891878 -0.26723302949644845 0.8670659185011368
vn -0.38086205798416567 -0.31370807579610815 0.869788098313819
vn 0.2508369904318577 0.5873800073949774 -0.7694579463127043
vn 0.25249398866518896 0.5765129921319657 -0.7770968765803858
vn 0.25243203292102845 0.5769250976559204 -0.7768111098909847
vn 0.25076896695513984 0.5878149678912483 -0.7691478978293205
vn -0.9499950298350712 -0.2918390165130891 0.11108299478018713
vn -0.9408324364704134 -0.3273541461558095 0.08759902670547298
vn -0.9412038627657434 -0.32604896388246457 0.08847237911356787
vn -0.9502980139833773 -0.2905210015679646 0.11194298668159414
vn 0.7089839310332039 -0.3118739883039686 0.6325159294089607
vn 0.6940609156148266 -0.26537298869733905 0.6692209069401153
vn 0.6947006138888947 -0.2672329001226124 0.6678155689668
vn 0.7095251864636273 -0.31370813596246 0.6310001705266914
vn -0.6542843024814374 0.5873813277778523 -0.47633520477107943
vn -0.661038728579211 0.5765117970448874 -0.4802727841409033
vn -0.6607861611528288 0.5769241818639849 -0.4801251270340677
vn -0.6540101937838952 0.5878162210376616 -0.47617513239537684
vn -0.18791793495674247 -0.29183892859113686 0.9378256178418091
vn -0.20742206326194568 -0.3273541507082425 0.921854298512646
vn -0.20670610044340182 -0.3260491795490494 0.9224773821372934
vn -0.18719407649570666 -0.2905211586225375 0.9383793657777956
vn 0.8206471430883768 -0.3118730135556223 -0.4788251141665608
vn 0.8509438529517953 -0.26537293868982 -0.45328993209057966
vn 0.8498047952723505 -0.267232927297377 -0.45433288731963195
vn 0.8193730484696973 -0.3137069713654207 -0.47980802781759496
vn -0.2066000914960763 -0.9784254634361754 -0.00012121682350704042
vn -0.20456998823889178 -0.9788519397293646 -1.7518480090030264e-8
vn -0.20464792956485447 -0.9788356475440153 -0.000004680444385897567
vn -0.20667895758478713 -0.9784088065000692 -0.00012591574892806078
vn 0.132875946886355 0.4884037809538337 0.8624417252713683
vn 0.11024099450985943 0.49226893913911873 0.8634339666056253
vn 0.11115097167327465 0.49211885345312595 0.8634028582139786
vn 0.13376802060706555 0.4882460104562854 0.8623931527652503
vn 0.11062198414174494 0.5176289831753177 -0.8484238400713585
vn 0.06948582738441621 0.5282652679860992 -0.8462313669631243
vn 0.07111231364244754 0.5278631912666554 -0.84634714517992
vn 0.11225896512997885 0.5171848395286532 -0.8484796794913049
vn -0.061402211339193234 -0.9800801719493084 0.18887198043773187
vn -0.06120331287129878 -0.9801901779586076 0.1883649901840866
vn -0.06121090442675429 -0.9801860558585372 0.1883839724598232
vn -0.061409790623039286 -0.9800758534332671 0.18889192447716652
vn 0.8650360596755406 0.48030100697411043 0.1449950280549986
vn 0.8572299670715167 0.4849389784267218 0.17317901361600915
vn 0.8575621540120805 0.48475808419421684 0.17203706523453974
vn 0.865332908960843 0.48010694766956563 0.14386200147633893
vn -0.767428843409303 0.5293529570124297 -0.36171593440938765
vn -0.7762208783794282 0.5376979397014402 -0.32918395101932785
vn -0.775894670391153 0.5373848009757143 -0.3304618527741072
vn -0.7670621536996531 0.5290101098207245 -0.36299305237031015
vn 0.15032303232486854 -0.9825982433243939 0.1091039787013828
vn 0.15150505371786077 -0.9823083599315569 0.11007499582794802
vn 0.15145992270798786 -0.9823194762473132 0.1100378952838284
vn 0.15027706650400088 -0.9826093794243147 0.10906700119795762
vn 0.4042750317394404 0.4869960548092781 -0.7742070403401619
vn 0.4376591100563721 0.49263116139296176 -0.7521762042296245
vn 0.4363079390814903 0.492416983453487 -0.7531008542692215
vn 0.4029080890461505 0.4867511459828451 -0.7750731537510291
vn -0.5735148438938618 0.5296658278483233 0.6249278635515861
vn -0.5548897026917552 0.53484570697967 0.6372107089276455
vn -0.5556211286528888 0.5346490880450614 0.636738183280282
vn -0.5742449066349025 0.5294549101835309 0.6244359737286297
vn 0.42518893075488245 0.29183901252352673 -0.8567638904230341
vn 0.3999909989579429 0.32735303257642284 -0.8560649466107385
vn 0.4009388202957409 0.32604788997565354 -0.8561196387318093
vn 0.42610076247700324 0.2905218893028666 -0.8567585261042984
vn 0.3561199791819579 0.31187493741184674 0.8808590033835146
vn 0.39570914434022175 0.26537303405452073 0.879199309532388
vn 0.3941692477053411 0.2672331386963103 0.8793276145703169
vn 0.3545099614459028 0.3137099198211613 0.8808568404919298
vn -0.8089691982035646 -0.5873781748316927 -0.023573631227945663
vn -0.8167162920946781 -0.5765151816664147 -0.024591533812699466
vn -0.8164263757059342 -0.5769273060774777 -0.02455313735263043
vn -0.8086546795214661 -0.587812746845878 -0.02353261425210692
vn -0.6834402767920107 0.2918391557583265 -0.6691332417573702
vn -0.6905621343358771 0.32735410578317625 -0.644952112988534
vn -0.6903213627707352 0.3260491663626782 -0.6458702324899
vn -0.6831530819884949 0.29052206805389286 -0.6699991004048514
vn 0.9477937850014778 0.31187493006411765 -0.06649036855119798
vn 0.958449111437245 0.2653730221032907 -0.10465400099815446
vn 0.9580952741581159 0.267233080809586 -0.10315001772613447
vn 0.9472944439761747 0.3137091328371684 -0.06496011381164586
vn -0.27240412342726084 -0.5873803595604459 0.7620894348713063
vn -0.2757670070872131 -0.5765140544725583 0.7691450466575034
vn -0.2756408991427036 -0.5769268489821896 0.7688806836195612
vn -0.272268129265182 -0.5878143276275807 0.7618033749086266
vn -0.8475780908265157 0.2918390079714419 0.44321707252442727
vn -0.8267820216824582 0.32735297652673123 0.45746203927949763
vn -0.8275810092079094 0.3260479578035774 0.45694901511058583
vn -0.8483126044164824 0.29052187587820233 0.44267681758178296
vn 0.22964788285586957 0.3118738841665333 -0.9219525640046219
vn 0.1966450350338228 0.2653730705532804 -0.9438791573192356
vn 0.19796598478334468 0.2672330422442284 -0.9430779236105864
vn 0.23094895450708758 0.31370799712494785 -0.9210048170079986
vn 0.6406127785906123 -0.5873797729549859 0.494570793951447
vn 0.6462839221771166 -0.5765129524877748 0.4999499050396865
vn 0.6460717467980245 -0.5769258491712124 0.4997477989420513
vn 0.6403822269831688 -0.5878142304263833 0.4943531469226388
vn 0.15960805984474333 0.29183907014525395 0.9430563208893467
vn 0.17958309306560422 0.32735413241080186 0.9276794622489828
vn 0.1788489494470331 0.32604886528699695 0.9282807714946777
vn 0.15886704460984952 0.2905210112388573 0.9435882598706301
vn -0.8058639511357444 0.31187401441067164 -0.5033069554409701
vn -0.8369155600583205 0.26537287673715904 -0.47869570880102175
vn -0.8357456725591301 0.26723293937107606 -0.47970379080614106
vn -0.8045609195538961 0.31370800730267284 -0.5042509423697444
vn 0.6683250598868893 -0.5873790125121809 -0.4564290853872057
vn 0.6751929957768537 -0.5765129586200127 -0.4601600015180342
vn 0.674936191105866 -0.5769251009143846 -0.46002017985131155
vn 0.6680471378599219 -0.5878130733923032 -0.45627712231303164
vn 0.9462214515544974 0.2918391405254431 0.13962406911227945
vn 0.9377700954134341 0.3273530139155907 0.1158760218020011
vn 0.9381150314883171 0.32604798070451296 0.11676001873151359
vn 0.9464981031469841 0.290522028204232 0.14049303138327057
vn -0.7276991413582106 0.31187501036038756 0.6108911012441015
vn -0.7138878141180738 0.26537290489896376 0.6480288652515444
vn -0.7144848760102454 0.2672329358326978 0.6466049179822727
vn -0.7281946856323909 0.313708828797295 0.6093597217993434
vn -0.22756510175269085 -0.5873792222135963 -0.7766593679188054
vn -0.22899198827478198 -0.5765129280183057 -0.784344001783479
vn -0.22893893216949557 -0.5769258268396418 -0.7840558370820835
vn -0.22750701853975072 -0.5878130287215854 -0.7763481176510382
vn 0.15006198590805336 -0.9826319184340192 -0.10916003508615409
vn 0.15160001299402676 -0.9822860800957232 -0.11014305656912433
vn 0.15153993588034972 -0.9822996159957885 -0.1101050055533618
vn 0.15000302032116267 -0.9826451395588516 -0.10912205824623285
vn -0.6084431562226299 0.4992861546382264 -0.6168551381259763
vn -0.5775639314563696 0.5048879577785981 -0.6414889361250267
vn -0.5788323690792567 0.5046763535774899 -0.6405114102385872
vn -0.6096630078104296 0.49904503980032994 -0.6158450009200589
vn 0.42317612060122 0.5180991330619428 0.7433002484012534
vn 0.4405348604876039 0.5232798387366672 0.729456816451046
vn 0.43985593355350017 0.5230809135382473 0.7300089832390912
vn 0.422479070912562 0.5178860194458271 0.7438450816557265
vn -0.06136372893386064 -0.9800584566838556 -0.18899712763370516
vn -0.06118182297717602 -0.980204368220645 -0.18829811751144948
vn -0.06118878577479652 -0.980198769078477 -0.188324999913566
vn -0.06137079065550607 -0.9800528310328434 -0.18902400492748836
vn -0.772670579291769 0.49999372357841243 0.39113482621612233
vn -0.7828392436530727 0.5046371306540488 0.36401110554752836
vn -0.7824450021972372 0.5044590002144168 0.365104006605291
vn -0.7722547434162073 0.4998018219977203 0.3921998852612364
vn 0.8436302274329412 0.5106751468028631 -0.16582802477059827
vn 0.8314003392401159 0.5192362407898871 -0.19790705435079067
vn 0.8319051044311705 0.518909054323909 -0.1966400024461705
vn 0.8440991335768263 0.5103180892460469 -0.16453601576285581
vn 0.7780261366117395 -0.529629078163538 -0.33788810324226
vn 0.7856769457459742 -0.5377879125765506 -0.3057709894836888
vn 0.7853951080260619 -0.5374810305562363 -0.30703202777713046
vn 0.7777050393624751 -0.529293995055084 -0.3391500236603852
vn 0.05546938247289022 0.9802346665932045 0.18990299106908634
vn 0.055326312928246864 0.9803201435538466 0.18950307448780704
vn 0.05533179747796714 0.9803169412511004 0.18951803841308582
vn 0.055474923855928705 0.9802314214990323 0.18991812217154333
vn -0.8689792221134659 -0.4803181645128642 0.11903601292915084
vn -0.8618650810500994 -0.4850400626080356 0.14806998254777476
vn -0.8621695814005889 -0.4848567708770079 0.14689290194646565
vn -0.8692482345431888 -0.48011915378048753 0.11786901593149146
vn 0.554207996987206 -0.5295310483973458 0.6422229868656502
vn 0.5355799276294326 -0.5346079832478631 0.6537189345338748
vn 0.5363110475942907 -0.5344151121541666 0.6532770837321359
vn 0.5549387872500989 -0.5293248519722369 0.6417617497872233
vn -0.15316296306506103 0.9826847347287726 0.10426801463618988
vn -0.15444201364743057 0.9823791668013545 0.10525605471992265
vn -0.15439299441361162 0.9823909444361428 0.10521803821523194
vn -0.15311406627003818 0.9826963781687743 0.10423008703933584
vn -0.38074201392229107 -0.4873239656533928 -0.7858440502633133
vn -0.4150752125091939 -0.4929962119524747 -0.764635405249429
vn -0.4136860390382885 -0.49277999296569247 -0.765527099218273
vn -0.3793370739231148 -0.487077046303813 -0.7866761311438158
vn -0.44520980145122774 -0.5177457654907781 0.7305665986124241
vn -0.4624879121259114 -0.5230399412906388 0.7159149048260558
vn -0.46181287322282216 -0.5228368835477959 0.7164987531934096
vn -0.44451524816527865 -0.5175283159402267 0.7311433760546789
vn -0.14710593842176498 0.9825375543081801 -0.11392891316585019
vn -0.14854701887389274 0.9822061995999968 -0.11491198654192147
vn -0.14849100853965894 0.9822191155411021 -0.11487397202382305
vn -0.14705102501500483 0.9825501729492766 -0.11389097277389142
vn 0.6267666042543908 -0.4994616701158299 -0.5980816531850192
vn 0.5969689782626831 -0.5050189563311445 -0.6233649755465971
vn 0.5981939534297264 -0.504808943520048 -0.6223599638651953
vn 0.6279429520508055 -0.49922196258443907 -0.5970469672002872
vn -0.08509397214222987 -0.5179288433255987 -0.8511807852368761
vn -0.04410419828211105 -0.5285479463185763 -0.8477569746904519
vn -0.04572370047010723 -0.5281469617259688 -0.8479210635636716
vn -0.08672605321939897 -0.5174856926548288 -0.8512855863871641
vn 0.2064730505978244 0.9784332906881883 0.006097134565635109
vn 0.20446298866257076 0.978854935048151 0.006156492430695992
vn 0.20453997072889618 0.9788388662967615 0.006154201905435066
vn 0.2065509704720825 0.9784168588828059 0.006094821649943832
vn -0.15868205156404333 -0.488102169500266 0.8582402219894847
vn -0.13607799367851645 -0.4919680203810578 0.8599129296380957
vn -0.13698693834246012 -0.4918178000766218 0.8598545401702262
vn -0.15957299497401023 -0.4879440179027942 0.8581649577254377
vn -0.8384332637241174 -0.5105861563202887 -0.19060807762264043
vn -0.8249710074244267 -0.519339007218642 -0.22295701937880685
vn -0.8255250982367408 -0.519005068385616 -0.22168006489366932
vn -0.8389507367321964 -0.5102208307300958 -0.18930495298749064
vn 0.06727519126904516 0.9799019637655587 -0.18779294461751042
vn 0.06702991135583225 0.9800791775686123 -0.18695399615964875
vn 0.06703931640923241 0.9800722392249889 -0.18698699408220668
vn 0.06728471316296125 0.9798951696043967 -0.18782498225888053
vn 0.7605878039035011 -0.4997739029224185 0.414405886192441
vn 0.7713464149485436 -0.5043383182156341 0.38815920564306494
vn 0.7709279244802103 -0.5041629962799564 0.38921691694818705
vn 0.7601495186121083 -0.49958569319154295 0.41543572849732774
vn 0.8076686725193849 0.05771925247341008 0.5868047403733929
vn 0.9983328462991691 0.057719390157894936 -2.4154947559127405e-9
vn 0.9999999999999982 2.6160131502600597e-15 -5.98474017010629e-8
vn 0.8090171273764538 -2.5692902731464324e-8 0.5877850692315602
vn 0.3085019609132538 0.057719351597917065 0.9494709140167452
vn 0.8076686725193849 0.05771925247341008 0.5868047403733929
vn 0.8090171273764538 -2.5692902731464324e-8 0.5877850692315602
vn 0.3090171471281103 -4.157200066690819e-8 0.9510564666626279
vn -0.30850196263795054 0.057719255063060596 0.949470919324809
vn -0.3090171471281103 -4.157200066690819e-8 0.9510564666626279
vn -0.8076682871660432 0.05771939577832574 0.5868052566714572
vn -0.8090171273764538 -2.5692902731464423e-8 0.5877850692315602
vn -0.998332846299168 0.0577193901578925 5.190788861608128e-8
vn -0.8076682871660432 0.05771939577832574 0.5868052566714572
vn -0.8090171273764538 -2.5692902731464423e-8 0.5877850692315602
vn -0.9999999999999947 -4.5780249541307834e-15 1.0473299738578071e-7
vn -0.8076682916813586 0.057719350543613435 -0.5868052549060373
vn -0.8090171273764538 2.5692902731464324e-8 -0.5877850692315602
vn -0.30850196091325377 0.057719434603304635 -0.9494709089707551
vn -0.8076682916813586 0.057719350543613435 -0.5868052549060373
vn -0.8090171273764538 2.5692902731464324e-8 -0.5877850692315602
vn -0.3090171471281103 4.157200066690819e-8 -0.9510564666626279
vn 0.30850196091325377 0.057719434603304635 -0.9494709089707551
vn 0.3090171471281103 4.157200066690819e-8 -0.9510564666626279
vn 0.8076682871660432 0.05771944707847296 -0.586805251625465
vn 0.8090171273764538 2.5692902731464423e-8 -0.5877850692315602
vn 0.8076682871660432 0.05771944707847296 -0.586805251625465
vn 0.8090171273764538 2.5692902731464423e-8 -0.5877850692315602
vn 0.8019528679292255 0.13186494936750867 0.5826518967174091
vn 0.9912676897805693 0.1318649581848478 -3.3970286024587074e-8
vn 0.3063188432107907 0.13186489131856557 0.942751513778443
vn 0.8019528679292255 0.13186494936750867 0.5826518967174091
vn -0.3063188432107907 0.13186489131856557 0.942751513778443
vn -0.8019520590855634 0.131864973581905 0.5826530045152676
vn -0.9912676897805689 0.13186495818484384 5.543188748566221e-8
vn -0.8019520590855634 0.131864973581905 0.5826530045152676
vn -0.8019525277359476 0.13186509767867646 -0.5826523313882109
vn -0.3063188432107907 0.13186497373652423 -0.9427515022504438
vn -0.8019525277359476 0.13186509767867646 -0.5826523313882109
vn 0.3063188432107907 0.13186497373652423 -0.9427515022504438
vn 0.8019520590855634 0.13186502451905052 -0.5826529929872626
vn 0.8019520590855634 0.13186502451905052 -0.5826529929872626
vn 0.7859563492871195 0.2370590813095258 0.5710303047859605
vn 0.9714952393136272 0.23705906435097093 -1.4187124728775383e-8
vn 0.3002089309863848 0.23705890721048145 0.9239467908208701
vn 0.7859563492871195 0.2370590813095258 0.5710303047859605
vn -0.3002089309863848 0.23705890721048145 0.9239467908208701
vn -0.7859559272600879 0.2370589488296432 0.5710309406542868
vn -0.9714952393136275 0.23705906435096905 3.00016872928931e-8
vn -0.7859559272600879 0.2370589488296432 0.5710309406542868
vn -0.7859559272600881 0.23705899875075526 -0.5710309199299322
vn -0.3002089309863848 0.2370589879844785 -0.9239467700965176
vn -0.7859559272600881 0.23705899875075526 -0.5710309199299322
vn 0.3002089309863848 0.2370589879844785 -0.9239467700965176
vn 0.7859559272600881 0.23705899875075526 -0.5710309199299322
vn 0.7859559272600881 0.23705899875075526 -0.5710309199299322
vn 0.7517172584714387 0.3696440761771838 0.5461542092333451
vn 0.9291730563520433 0.36964500720204296 -6.735970407097326e-8
vn 0.2871310608746997 0.3696440238527289 0.8836962427842118
vn 0.7517172584714387 0.3696440761771838 0.5461542092333451
vn -0.2871310608746997 0.3696440238527289 0.8836962427842118
vn -0.7517172584714387 0.3696440761771838 0.5461542092333451
vn -0.9291730563520464 0.3696450072020403 2.1070487583820413e-8
vn -0.7517172584714387 0.3696440761771838 0.5461542092333451
vn -0.7517172584714387 0.36964412392350227 -0.5461541769180298
vn -0.2871310608746997 0.3696441011079106 -0.8836962104688999
vn -0.7517172584714387 0.36964412392350227 -0.5461541769180298
vn 0.28713015224403543 0.36964420157170896 -0.8836964636778462
vn 0.7517168247627048 0.3696439668100195 -0.54615488020307
vn 0.7517168247627048 0.3696439668100195 -0.54615488020307
vn 0.771153072157025 0.30234700179493307 0.5602760300141323
vn 0.9531976537579251 0.3023478673157411 -9.909191228423361e-8
vn 0.2945549905021899 0.3023469471926625 0.9065449139968367
vn 0.771153072157025 0.30234700179493307 0.5602760300141323
vn -0.2945540433288612 0.3023470126818415 0.9065451999106199
vn -0.771153072157025 0.30234700179493307 0.5602760300141323
vn -0.9531976537579281 0.3023478673157337 9.23419138639569e-8
vn -0.771153072157025 0.30234700179493307 0.5602760300141323
vn -0.771153072157025 0.3023470507758206 -0.5602760035821144
vn -0.29455404332886126 0.3023470919345429 -0.9065451734785999
vn -0.771153072157025 0.3023470507758206 -0.5602760035821144
vn 0.29455397755137386 0.30234801025888725 -0.9065448885748332
vn 0.771153072157025 0.3023470507758206 -0.5602760035821144
vn 0.771153072157025 0.3023470507758206 -0.5602760035821144
vn 0.8089699253974604 0.01079337365027354 0.5877509361010606
vn 0.999941749593789 0.010793397023174943 -1.1004117498432233e-7
vn 0.3089990308584464 0.010793359326532258 0.9510011053216445
vn 0.8089699253974604 0.01079337365027354 0.5877509361010606
vn -0.3089990308584464 0.010793359326532258 0.9510011053216445
vn -0.8089699253974604 0.01079337365027354 0.5877509361010606
vn -0.9999417495937919 0.010793397023166578 8.204096933479282e-8
vn -0.8089699253974604 0.01079337365027354 0.5877509361010606
vn -0.8089699253974604 0.010793425033094878 -0.5877509351574717
vn -0.3089990311907976 0.010793342825787443 -0.9510011054009314
vn -0.8089699253974604 0.010793425033094878 -0.5877509351574717
vn 0.3089990311907976 0.010793342825787443 -0.9510011054009314
vn 0.8089699253974604 0.010793425033094878 -0.5877509351574717
vn 0.8089699253974604 0.010793425033094878 -0.5877509351574717
vn 0.7725637530208743 -0.29679393836307455 0.5613008156677103
vn 0.9549415693578429 -0.2967938663657064 -2.747581792025042e-7
vn 0.295093120997906 -0.2967941578882318 0.9082033240321963
vn 0.7725637530208743 -0.29679393836307455 0.5613008156677103
vn -0.295093120997906 -0.2967941578882318 0.9082033240321963
vn -0.7725637530208743 -0.29679393836307455 0.5613008156677103
vn -0.9549415693578756 -0.296793866365728 -1.2973272611022717e-8
vn -0.7725637530208743 -0.29679393836307455 0.5613008156677103
vn -0.7725637530208745 -0.2967938892925952 -0.5613008416142597
vn -0.2950931209979061 -0.2967940784905704 -0.9082033499787636
vn -0.7725637530208745 -0.2967938892925952 -0.5613008416142597
vn 0.2950931209979061 -0.2967940784905704 -0.9082033499787636
vn 0.7725637530208745 -0.2967938892925952 -0.5613008416142597
vn 0.7725637530208745 -0.2967938892925952 -0.5613008416142597
vn 0.6562548047980198 -0.5848028661689083 0.4767968528630853
vn 0.8111756001954876 -0.5848026553012853 -2.3786843185533053e-7
vn 0.2506669371396616 -0.5848028289494005 0.7714737441273027
vn 0.6562548047980198 -0.5848028661689083 0.4767968528630853
vn -0.2506669371396616 -0.5848028289494005 0.7714737441273027
vn -0.6562548047980198 -0.5848028661689083 0.4767968528630853
vn -0.8111756001955 -0.5848026553013087 9.612439399309601e-8
vn -0.6562548047980198 -0.5848028661689083 0.4767968528630853
vn -0.6562552007146246 -0.584802149839897 -0.47679718652446174
vn -0.25066706809008504 -0.584802113398333 -0.7714742439900141
vn -0.6562552007146246 -0.584802149839897 -0.47679718652446174
vn 0.25066706809008504 -0.584802113398333 -0.7714742439900141
vn 0.6562552007146246 -0.584802149839897 -0.47679718652446174
vn 0.6562552007146246 -0.584802149839897 -0.47679718652446174
vn 0.4147617819210359 -0.8585835831718174 0.30134182412259036
vn 0.5126729977726172 -0.8585839489268504 -1.166871977214015e-7
vn 0.8111756001954876 -0.5848026553012853 -2.3786843185533053e-7
vn 0.6562548047980198 -0.5848028661689083 0.4767968528630853
vn 0.15842499454623957 -0.8585839222318015 0.4875809364485857
vn 0.2506669371396616 -0.5848028289494005 0.7714737441273027
vn -0.15842499454623957 -0.8585839222318015 0.4875809364485857
vn -0.2506669371396616 -0.5848028289494005 0.7714737441273027
vn -0.4147609731538029 -0.8585839302148095 0.30134194849937745
vn -0.6562548047980198 -0.5848028661689083 0.4767968528630853
vn -0.5126729977726173 -0.8585839489268574 3.785810002249204e-8
vn -0.8111756001955 -0.5848026553013087 9.612439399309601e-8
vn -0.4147609731538029 -0.858583903870655 -0.3013420235591712
vn -0.6562552007146246 -0.584802149839897 -0.47679718652446174
vn -0.15842492111078105 -0.8585834681743156 -0.487581759860648
vn -0.25066706809008504 -0.584802113398333 -0.7714742439900141
vn 0.15842492111078105 -0.8585834681743156 -0.487581759860648
vn 0.25066706809008504 -0.584802113398333 -0.7714742439900141
vn 0.4147609731538029 -0.858583903870655 -0.3013420235591712
vn 0.6562552007146246 -0.584802149839897 -0.47679718652446174
vn 0.1395079635645147 -0.9850197430089038 0.10135893638330631
vn 0.17244098863902133 -0.9850198502757125 -9.853947958228123e-8
vn 0.05328738841519347 -0.9850197098642827 0.16400190674127046
vn -0.053287288117968325 -0.9850197151437831 0.16400190762028652
vn -0.1395079635645147 -0.9850197430089038 0.10135893638330631
vn -0.17244098863902152 -0.9850198502757175 -9.284392050394005e-9
vn -0.1395079635645147 -0.98501973414782 -0.1013590224964712
vn -0.053287288117968325 -0.9850197008062764 -0.16400199373344873
vn 0.053287288117968325 -0.9850197008062764 -0.16400199373344873
vn 0.1395079635645147 -0.98501973414782 -0.1013590224964712
vn -0.9999999511278059 -0.0003126409857946276 9.960283206508072e-9
vn -0.9983256989527741 -0.05784288037826158 -3.216008342308644e-8
vn -0.8076627295625773 -0.0578427508240687 -0.5868007595876402
vn -0.8090170878931207 -0.0003123973364950377 -0.5877850405589096
vn -0.8090170878931207 -0.0003123973364950377 -0.5877850405589096
vn -0.8076627295625773 -0.0578427508240687 -0.5868007595876402
vn -0.3084999954164133 -0.05784285827198655 -0.9494640364832151
vn -0.30901713203058084 -0.00031254955442364606 -0.9510564202108992
vn 0.3084999954164133 -0.05784285827198655 -0.9494640364832151
vn 0.3090171320297122 -0.0003125585475058092 -0.9510564202082261
vn 0.8076623487198911 -0.057842797590231185 -0.5868012791628904
vn 0.8090170878602612 -0.00031252731418371745 -0.5877850405350414
vn 0.8090170878602612 -0.00031252731418371745 -0.5877850405350414
vn 0.8076623487198911 -0.057842797590231185 -0.5868012791628904
vn 0.9983256989527735 -0.05784288037826068 -5.1914577042286445e-8
vn 0.999999951119358 -0.00031266799414118835 -8.479226137251379e-8
vn 0.8076627295625773 -0.057842802123822784 0.5868007545308639
vn 0.8090170878617771 -0.00031257270459836154 0.5877850405088189
vn 0.8090170878617771 -0.00031257270459836154 0.5877850405088189
vn 0.8076627295625773 -0.057842802123822784 0.5868007545308639
vn 0.3084999954164133 -0.05784294127677287 0.9494640314264278
vn 0.30901713202816583 -0.00031265769860713735 0.951056420176138
vn -0.3084999954164133 -0.05784294127677287 0.9494640314264278
vn -0.3090171320280703 -0.00031265868813721355 0.9510564201758437
vn -0.8076627295625773 -0.057842802123822784 0.5868007545308639
vn -0.8090170878602613 -0.0003125786999865985 0.5877850405077172
vn -0.8090170878602613 -0.0003125786999865985 0.5877850405077172
vn -0.8076627295625773 -0.057842802123822784 0.5868007545308639
vn -0.9912647608399231 -0.13188697402308577 6.376891965165518e-8
vn -0.8019499141865926 -0.13188696783690584 -0.5826509785891585
vn -0.8019499141865926 -0.13188696783690584 -0.5826509785891585
vn -0.3063179345374811 -0.13188692384796435 -0.9427487270204148
vn 0.3063179345374811 -0.13188692384796435 -0.9427487270204148
vn 0.8019499141865926 -0.13188696783690584 -0.5826509785891585
vn 0.8019499141865926 -0.13188696783690584 -0.5826509785891585
vn 0.9912647608399244 -0.13188697402308094 -5.046535220785126e-8
vn 0.8019499141865924 -0.13188701877387424 0.5826509670592307
vn 0.8019499141865924 -0.13188701877387424 0.5826509670592307
vn 0.3063179345374811 -0.13188700626567937 0.9427487154904894
vn -0.3063179345374811 -0.13188700626567937 0.9427487154904894
vn -0.8019499141865924 -0.13188701877387424 0.5826509670592307
vn -0.8019499141865924 -0.13188701877387424 0.5826509670592307
vn -0.9714938035230468 -0.23706494830810115 3.3826751707710075e-8
vn -0.7859552978164426 -0.23706507495762266 -0.5710292637594012
vn -0.7859552978164426 -0.23706507495762266 -0.5710292637594012
vn -0.3002081576534051 -0.23706508612966476 -0.9239454567325296
vn 0.3002081576534051 -0.23706508612966476 -0.9239454567325296
vn 0.7859548490393677 -0.2370649344096517 -0.571029939797251
vn 0.7859548490393677 -0.2370649344096517 -0.571029939797251
vn 0.9714938035230477 -0.23706494830809877 -2.509213545198922e-8
vn 0.7859548490393677 -0.2370649843306762 0.5710299190723731
vn 0.7859548490393677 -0.2370649843306762 0.5710299190723731
vn 0.3002081576534051 -0.2370651669035452 0.9239454360076369
vn -0.3002081576534051 -0.2370651669035452 0.9239454360076369
vn -0.7859548490393677 -0.2370649843306762 0.5710299190723731
vn -0.7859548490393677 -0.2370649843306762 0.5710299190723731
vn -0.9291396773751486 -0.3697289005842033 3.7878018690410887e-8
vn -0.7516896461368647 -0.36972885621693846 -0.5461348265503211
vn -0.7516896461368647 -0.36972885621693846 -0.5461348265503211
vn -0.2871200664373107 -0.3697290532496354 -0.8836642431558281
vn 0.2871200664373107 -0.3697290532496354 -0.8836642431558281
vn 0.7516896461368647 -0.36972885621693846 -0.5461348265503211
vn 0.7516896461368647 -0.36972885621693846 -0.5461348265503211
vn 0.9291396773751496 -0.36972890058420027 -4.0724757750042005e-8
vn 0.7516896461368647 -0.3697289039615624 0.5461347942275941
vn 0.7516896461368647 -0.3697289039615624 0.5461347942275941
vn 0.2871200664373107 -0.3697291305020196 0.8836642108330828
vn -0.2871200664373107 -0.3697291305020196 0.8836642108330828
vn -0.7516896461368647 -0.3697289039615624 0.5461347942275941
vn -0.7516896461368647 -0.3697289039615624 0.5461347942275941
vn -0.9530779535861637 -0.3027249814402481 1.0927746990428188e-7
vn -0.7710562472754282 -0.3027250634725869 -0.5602051405360826
vn -0.7710562472754282 -0.3027250634725869 -0.5602051405360826
vn -0.2945179408007102 -0.30272489470133 -0.9064308140584025
vn 0.29451702083957376 -0.302724957495266 -0.906431092000529
vn 0.7710562472754282 -0.3027250634725869 -0.5602051405360826
vn 0.7710562472754282 -0.3027250634725869 -0.5602051405360826
vn 0.9530779535861644 -0.3027249814402381 -1.2808552944463768e-7
vn 0.7710562472754282 -0.30272511244727707 0.5602051140710135
vn 0.7710562472754282 -0.30272511244727707 0.5602051140710135
vn 0.29451702083957376 -0.3027250367379917 0.9064310655354679
vn -0.29451702083957376 -0.3027250367379917 0.9064310655354679
vn -0.7710562472754282 -0.30272511244727707 0.5602051140710135
vn -0.7710562472754282 -0.30272511244727707 0.5602051140710135
vn -0.9999411955659526 -0.010844602809397938 1.9953900838184198e-7
vn -0.8089691528069091 -0.010844576861416495 -0.5877510569616772
vn -0.8089691528069091 -0.010844576861416495 -0.5877510569616772
vn -0.3089988650466933 -0.01084455447003527 -0.9510005767812141
vn 0.3089988650466933 -0.01084455447003527 -0.9510005767812141
vn 0.8089691528069091 -0.010844576861416495 -0.5877510569616772
vn 0.8089691528069091 -0.010844576861416495 -0.5877510569616772
vn 0.9999411955659673 -0.010844602809384868 -1.031120481251095e-7
vn 0.8089691501759895 -0.010844928094830316 0.5877510541021219
vn 0.8089691501759895 -0.010844928094830316 0.5877510541021219
vn 0.3089988647127628 -0.010844737248940415 0.9510005748054126
vn -0.3089988647127628 -0.010844737248940415 0.9510005748054126
vn -0.8089691501759895 -0.010844928094830316 0.5877510541021219
vn -0.8089691501759895 -0.010844928094830316 0.5877510541021219
vn -0.954930307341974 0.29683009975346714 3.311809421841149e-7
vn -0.7725548846925954 0.2968299971726704 -0.5612939541061202
vn -0.7725548846925954 0.2968299971726704 -0.5612939541061202
vn -0.29508987381995355 0.29682992212937304 -0.9081926908413183
vn 0.29508987381995355 0.29682992212937304 -0.9081926908413183
vn 0.7725548846925954 0.2968299971726704 -0.5612939541061202
vn 0.7725548846925954 0.2968299971726704 -0.5612939541061202
vn 0.9549303073420223 0.296830099753496 1.5541037072830783e-8
vn 0.7725548846925954 0.2968299481027908 0.5612939800558218
vn 0.7725548846925954 0.2968299481027908 0.5612939800558218
vn 0.29508987381995355 0.29682984273264124 0.908192716791012
vn -0.29508987381995355 0.29682984273264124 0.908192716791012
vn -0.7725548846925954 0.2968299481027908 0.5612939800558218
vn -0.7725548846925954 0.2968299481027908 0.5612939800558218
vn -0.8111551284987375 0.5848310503984357 2.430867988266724e-7
vn -0.6562381772832561 0.5848311207122902 -0.47678508252917945
vn -0.6562381772832561 0.5848311207122902 -0.47678508252917945
vn -0.2506610438879915 0.5848311986563643 -0.7714541529832751
vn 0.2506610438879915 0.5848311986563643 -0.7714541529832751
vn 0.6562381772832561 0.5848311207122902 -0.47678508252917945
vn 0.6562381772832561 0.5848311207122902 -0.47678508252917945
vn 0.8111551284987528 0.5848310503984605 -7.024993091272471e-8
vn 0.6562381772832561 0.58483107903041 0.47678513365674063
vn 0.6562381772832561 0.58483107903041 0.47678513365674063
vn 0.25066085786284703 0.58483064748045 0.7714546312668422
vn -0.2506610014188011 0.5848299791004973 0.7714550913131858
vn -0.6562381772832561 0.58483107903041 0.47678513365674063
vn -0.6562381772832561 0.58483107903041 0.47678513365674063
vn -0.8111551284987375 0.5848310503984357 2.430867988266724e-7
vn -0.5118167729003927 0.8590946344715539 1.2299849064207303e-7
vn -0.4140680137796256 0.8590949912550269 -0.300837956323868
vn -0.6562381772832561 0.5848311207122902 -0.47678508252917945
vn -0.15815993444383722 0.8590946243899461 -0.48676674237361184
vn -0.2506610438879915 0.5848311986563643 -0.7714541529832751
vn 0.15815993444383722 0.8590946243899461 -0.48676674237361184
vn 0.2506610438879915 0.5848311986563643 -0.7714541529832751
vn 0.4140680137796256 0.8590949912550269 -0.300837956323868
vn 0.6562381772832561 0.5848311207122902 -0.47678508252917945
vn 0.5118167729003908 0.8590946344715493 1.581821776551215e-7
vn 0.8111551284987528 0.5848310503984605 -7.024993091272471e-8
vn 0.4140680137796256 0.8590949649549328 0.30083803142834015
vn 0.6562381772832561 0.58483107903041 0.47678513365674063
vn 0.15816000149658715 0.8590949968534267 0.4867660632254575
vn 0.25066085786284703 0.58483064748045 0.7714546312668422
vn -0.15816000149658715 0.8590949968534267 0.4867660632254575
vn -0.2506610014188011 0.5848299791004973 0.7714550913131858
vn -0.4140680137796256 0.8590949649549328 0.30083803142834015
vn -0.6562381772832561 0.58483107903041 0.47678513365674063
vn -0.17149904377801486 0.9851842863013345 0.000002855984443191242
vn -0.13874601469533412 0.9851841964354512 -0.10080497259558265
vn -0.052996409106073956 0.9851841571318999 -0.16310596910649697
vn 0.052996308805732285 0.985184162383448 -0.1631059699759373
vn 0.13874602677000256 0.9851842955748158 -0.10080398706545061
vn 0.1714940331840114 0.9851851585163568 0.0000046240944504064686
vn 0.13874499532581452 0.9851840251658278 0.10080804943106982
vn 0.05299601484465303 0.985184323552731 0.16310509200062673
vn -0.0529960984982344 0.9851839974752755 0.16310703437498314
vn -0.13874704712760239 0.9851833237459849 0.10081208025918684
f 1/1/1 2/2/2 3/3/3
f 4/4/4 5/5/5 6/6/6
f 7/7/7 8/8/8 9/9/9
f 3/3/3 10/10/10 11/11/11
f 1/1/1 3/3/3 11/11/11
f 12/12/12 1/1/1 11/11/11
f 13/13/13 14/14/14 15/15/15
f 15/15/15 16/16/16 13/13/13
f 14/14/14 17/17/17 18/18/18
f 18/18/18 15/15/15 14/14/14
f 17/17/17 19/19/19 20/20/20
f 20/20/20 18/18/18 17/17/17
f 19/19/19 21/21/21 22/22/22
f 22/22/22 20/20/20 19/19/19
f 21/21/21 23/23/23 24/24/24
f 24/24/24 22/22/22 21/21/21
f 25/25/25 26/26/26 27/27/27
f 27/27/27 28/28/28 25/25/25
f 26/26/26 29/29/29 30/30/30
f 30/30/30 27/27/27 26/26/26
f 29/29/29 13/13/13 16/16/16
f 16/16/16 30/30/30 29/29/29
f 16/16/16 15/15/15 31/31/31
f 31/31/31 32/32/32 16/16/16
f 15/15/15 18/18/18 33/33/33
f 33/33/33 31/31/31 15/15/15
f 18/18/18 20/20/20 34/34/34
f 34/34/34 33/33/33 18/18/18
f 20/20/20 22/22/22 35/35/35
f 35/35/35 34/34/34 20/20/20
f 22/22/22 24/24/24 36/36/36
f 36/36/36 35/35/35 22/22/22
f 28/28/28 27/27/27 37/37/37
f 37/37/37 38/38/38 28/28/28
f 27/27/27 30/30/30 39/39/39
f 39/39/39 37/37/37 27/27/27
f 30/30/30 16/16/16 32/32/32
f 32/32/32 39/39/39 30/30/30
f 40/40/40 41/41/41 42/42/42
f 42/42/42 43/43/43 40/40/40
f 41/41/41 44/44/44 45/45/45
f 45/45/45 42/42/42 41/41/41
f 44/44/44 46/46/46 47/47/47
f 47/47/47 45/45/45 44/44/44
f 46/46/46 48/48/48 49/49/49
f 49/49/49 47/47/47 46/46/46
f 50/50/50 51/51/51 52/52/52
f 52/52/52 53/53/53 50/50/50
f 51/51/51 54/54/54 55/55/55
f 55/55/55 52/52/52 51/51/51
f 54/54/54 56/56/56 57/57/57
f 57/57/57 55/55/55 54/54/54
f 56/56/56 40/40/40 43/43/43
f 43/43/43 57/57/57 56/56/56
f 43/43/43 42/42/42 58/58/58
f 58/58/58 59/59/59 43/43/43
f 42/42/42 45/45/45 60/60/60
f 60/60/60 58/58/58 42/42/42
f 45/45/45 47/47/47 61/61/61
f 61/61/61 60/60/60 45/45/45
f 47/47/47 49/49/49 62/62/62
f 62/62/62 61/61/61 47/47/47
f 53/53/53 52/52/52 63/63/63
f 63/63/63 64/64/64 53/53/53
f 52/52/52 55/55/55 65/65/65
f 65/65/65 63/63/63 52/52/52
f 55/55/55 57/57/57 66/66/66
f 66/66/66 65/65/65 55/55/55
f 57/57/57 43/43/43 59/59/59
f 59/59/59 66/66/66 57/57/57
f 67/67/67 68/68/68 69/69/69
f 69/69/69 70/70/70 67/67/67
f 71/71/71 72/72/72 73/73/73
f 73/73/73 74/74/74 71/71/71
f 75/75/75 76/76/76 77/77/77
f 77/77/77 78/78/78 75/75/75
f 79/79/79 80/80/80 81/81/81
f 81/81/81 82/82/82 79/79/79
f 83/83/83 84/84/84 85/85/85
f 85/85/85 86/86/86 83/83/83
f 87/87/87 88/88/88 89/89/89
f 89/89/89 90/90/90 87/87/87
f 91/91/91 92/92/92 93/93/93
f 93/93/93 94/94/94 91/91/91
f 95/95/95 96/96/96 97/97/97
f 97/97/97 98/98/98 95/95/95
f 99/99/99 100/100/100 101/101/101
f 101/101/101 102/102/102 99/99/99
f 103/103/103 104/104/104 105/105/105
f 105/105/105 101/101/101 103/103/103
f 106/106/106 107/107/107 108/108/108
f 108/108/108 105/105/105 106/106/106
f 109/109/109 110/110/110 111/111/111
f 111/111/111 112/112/112 109/109/109
f 110/110/110 113/113/113 114/114/114
f 114/114/114 111/111/111 110/110/110
f 113/113/113 115/115/115 116/116/116
f 116/116/116 114/114/114 113/113/113
f 115/115/115 117/117/117 118/118/118
f 118/118/118 116/116/116 115/115/115
f 117/117/117 99/99/99 102/102/102
f 102/102/102 118/118/118 119/119/119
f 120/120/120 121/121/121 122/122/122
f 123/123/123 124/124/124 125/125/125
f 126/126/126 127/127/127 128/128/128
f 128/128/128 129/129/129 126/126/126
f 130/130/130 131/131/131 132/132/132
f 132/132/132 133/133/133 130/130/130
f 134/134/134 135/135/135 136/136/136
f 136/136/136 137/137/137 134/134/134
f 138/138/138 139/139/139 140/140/140
f 140/140/140 141/141/141 138/138/138
f 142/142/142 143/143/143 144/144/144
f 144/144/144 145/145/145 142/142/142
f 146/146/146 147/147/147 148/148/148
f 148/148/148 149/149/149 146/146/146
f 150/150/150 151/151/151 152/152/152
f 152/152/152 153/153/153 150/150/150
f 154/154/154 155/155/155 156/156/156
f 157/157/157 158/158/158 159/159/159
f 160/160/160 161/161/161 162/162/162
f 163/163/163 164/164/164 165/165/165
f 166/166/166 167/167/167 168/168/168
f 169/169/169 170/170/170 171/171/171
f 172/172/172 173/173/173 174/174/174
f 175/175/175 176/176/176 177/177/177
f 178/178/178 179/179/179 180/180/180
f 181/181/181 182/182/182 183/183/183
f 184/184/184 185/185/185 186/186/186
f 187/187/187 188/188/188 189/189/189
f 190/190/190 191/191/191 192/192/192
f 193/193/193 194/194/194 195/195/195
f 196/196/196 197/197/197 198/198/198
f 199/199/199 200/200/200 201/201/201
f 202/202/202 203/203/203 204/204/204
f 205/205/205 206/206/206 207/207/207
f 208/208/208 209/209/209 210/210/210
f 211/211/211 212/212/212 213/213/213
f 214/214/214 215/215/215 216/216/216
f 217/217/217 218/218/218 219/219/219
f 220/220/220 221/221/221 222/222/222
f 223/223/223 224/224/224 225/225/225
f 226/226/226 227/227/227 228/228/228
f 229/229/229 230/230/230 231/231/231
f 232/232/232 233/233/233 234/234/234
f 235/235/235 236/236/236 237/237/237
f 238/238/238 239/239/239 240/240/240
f 241/241/241 242/242/242 243/243/243
f 244/244/244 245/245/245 246/246/246
f 247/247/247 248/248/248 249/249/249
f 250/250/250 251/251/251 252/252/252
f 253/253/253 254/254/254 255/255/255
f 256/256/256 257/257/257 258/258/258
f 259/259/259 260/260/260 261/261/261
f 262/262/262 263/263/263 264/264/264
f 265/265/265 266/266/266 267/267/267
f 268/268/268 269/269/269 270/270/270
f 271/271/271 272/272/272 273/273/273
f 274/274/274 275/275/275 276/276/276
f 277/277/277 278/278/278 279/279/279
f 280/280/280 281/281/281 282/282/282
f 283/283/283 284/284/284 285/285/285
f 286/286/286 287/287/287 288/288/288
f 289/289/289 290/290/290 291/291/291
f 292/292/292 293/293/293 294/294/294
f 295/295/295 296/296/296 297/297/297
f 298/298/298 299/299/299 300/300/300
f 301/301/301 302/302/302 303/303/303
f 304/304/304 305/305/305 306/306/306
f 307/307/307 308/308/308 309/309/309
f 310/310/310 311/311/311 312/312/312
f 313/313/313 314/314/314 315/315/315
f 316/316/316 317/317/317 318/318/318
f 319/319/319 320/320/320 321/321/321
f 322/322/322 323/323/323 324/324/324
f 325/325/325 326/326/326 327/327/327
f 328/328/328 329/329/329 330/330/330
f 331/331/331 332/332/332 333/333/333
f 334/334/334 335/335/335 336/336/336
f 337/337/337 338/338/338 339/339/339
f 340/340/340 341/341/341 342/342/342
f 343/343/343 344/344/344 345/345/345
f 346/346/346 347/347/347 348/348/348
f 349/349/349 350/350/350 351/351/351
f 352/352/352 353/353/353 354/354/354
f 355/355/355 356/356/356 357/357/357
f 358/358/358 359/359/359 360/360/360
f 361/361/361 362/362/362 363/363/363
f 364/364/364 365/365/365 366/366/366
f 367/367/367 368/368/368 369/369/369
f 370/370/370 371/371/371 372/372/372
f 373/373/373 374/374/374 375/375/375
f 376/376/376 377/377/377 378/378/378
f 379/379/379 380/380/380 381/381/381
f 382/382/382 383/383/383 384/384/384
f 385/385/385 386/386/386 387/387/387
f 388/388/388 389/389/389 390/390/390
f 391/391/391 392/392/392 393/393/393
f 394/394/394 395/395/395 396/396/396
f 397/397/397 398/398/398 399/399/399
f 400/400/400 401/401/401 402/402/402
f 403/403/403 404/404/404 405/405/405
f 406/406/406 407/407/407 408/408/408
f 409/409/409 410/410/410 411/411/411
f 412/412/412 413/413/413 414/414/414
f 415/415/415 416/416/416 417/417/417
f 418/418/418 419/419/419 420/420/420
f 421/421/421 422/422/422 423/423/423
f 424/424/424 425/425/425 426/426/426
f 427/427/427 428/428/428 429/429/429
f 430/430/430 431/431/431 432/432/432
f 433/433/433 434/434/434 435/435/435
f 436/436/436 437/437/437 438/438/438
f 439/439/439 440/440/440 441/441/441
f 442/442/442 443/443/443 444/444/444
f 445/445/445 446/446/446 447/447/447
f 448/448/448 449/449/449 450/450/450
f 451/451/451 452/452/452 453/453/453
f 454/454/454 455/455/455 456/456/456
f 457/457/457 458/458/458 459/459/459
f 460/460/460 461/461/461 462/462/462
f 463/463/463 464/464/464 465/465/465
f 466/466/466 467/467/467 468/468/468
f 469/469/469 470/470/470 471/471/471
f 472/472/472 473/473/473 474/474/474
f 475/475/475 476/476/476 477/477/477
f 478/478/478 479/479/479 480/480/480
f 481/481/481 482/482/482 483/483/483
f 484/484/484 485/485/485 486/486/486
f 487/487/487 488/488/488 489/489/489
f 490/490/490 491/491/491 492/492/492
f 493/493/493 494/494/494 495/495/495
f 496/496/496 497/497/497 498/498/498
f 499/499/499 500/500/500 501/501/501
f 502/502/502 503/503/503 504/504/504
f 505/505/505 506/506/506 507/507/507
f 508/508/508 509/509/509 510/510/510
f 511/511/511 512/512/512 513/513/513
f 514/514/514 515/515/515 516/516/516
f 517/517/517 518/518/518 519/519/519
f 520/520/520 521/521/521 522/522/522
f 523/523/523 524/524/524 525/525/525
f 526/526/526 527/527/527 528/528/528
f 529/529/529 530/530/530 531/531/531
f 532/532/532 533/533/533 534/534/534
f 535/535/535 536/536/536 537/537/537
f 538/538/538 539/539/539 540/540/540
f 541/541/541 542/542/542 543/543/543
f 544/544/544 545/545/545 546/546/546
f 547/547/547 548/548/548 549/549/549
f 550/550/550 551/551/551 552/552/552
f 552/552/552 553/553/553 550/550/550
f 554/554/554 555/555/555 556/556/556
f 557/557/557 558/558/558 559/559/559
f 560/560/560 561/561/561 562/562/562
f 563/563/563 564/564/564 565/565/565
f 566/566/566 567/567/567 568/568/568
f 569/569/569 570/570/570 571/571/571
f 572/572/572 573/573/573 574/574/574
f 575/575/575 576/576/576 577/577/577
f 578/578/578 579/579/579 580/580/580
f 581/581/581 582/582/582 583/583/583
f 584/584/584 585/585/585 586/586/586
f 587/587/587 588/588/588 589/589/589
f 590/590/590 591/591/591 592/592/592
f 593/593/593 594/594/594 595/595/595
f 596/596/596 597/597/597 598/598/598
f 599/599/599 600/600/600 601/601/601
f 602/602/602 603/603/603 604/604/604
f 605/605/605 606/606/606 607/607/607
f 608/608/608 609/609/609 610/610/610
f 611/611/611 612/612/612 613/613/613
f 614/614/614 615/615/615 616/616/616
f 617/617/617 618/618/618 619/619/619
f 620/620/620 621/621/621 622/622/622
f 623/623/623 624/624/624 625/625/625
f 626/626/626 627/627/627 628/628/628
f 629/629/629 630/630/630 631/631/631
f 632/632/632 633/633/633 634/634/634
f 635/635/635 636/636/636 637/637/637
f 638/638/638 639/639/639 640/640/640
f 640/640/640 641/641/641 638/638/638
f 642/642/642 643/643/643 644/644/644
f 645/645/645 646/646/646 647/647/647
f 648/648/648 649/649/649 650/650/650
f 651/651/651 652/652/652 653/653/653
f 654/654/654 655/655/655 656/656/656
f 657/657/657 658/658/658 659/659/659
f 660/660/660 661/661/661 662/662/662
f 663/663/663 664/664/664 665/665/665
f 666/666/666 667/667/667 668/668/668
f 669/669/669 670/670/670 671/671/671
f 672/672/672 673/673/673 674/674/674
f 675/675/675 676/676/676 677/677/677
f 678/678/678 679/679/679 680/680/680
f 681/681/681 682/682/682 683/683/683
f 684/684/684 685/685/685 686/686/686
f 687/687/687 688/688/688 689/689/689
f 690/690/690 691/691/691 692/692/692
f 693/693/693 694/694/694 695/695/695
f 696/696/696 697/697/697 698/698/698
f 699/699/699 700/700/700 701/701/701
f 702/702/702 703/703/703 704/704/704
f 705/705/705 706/706/706 707/707/707
f 708/708/708 709/709/709 710/710/710
f 711/711/711 712/712/712 713/713/713
f 714/714/714 715/715/715 716/716/716
f 717/717/717 718/718/718 719/719/719
f 720/720/720 721/721/721 722/722/722
f 723/723/723 724/724/724 725/725/725
f 726/726/726 727/727/727 728/728/728
f 729/729/729 730/730/730 731/731/731
f 732/732/732 733/733/733 734/734/734
f 735/735/735 736/736/736 737/737/737
f 738/738/738 739/739/739 740/740/740
f 741/741/741 742/742/742 743/743/743
f 744/744/744 745/745/745 746/746/746
f 747/747/747 748/748/748 749/749/749
f 750/750/750 751/751/751 752/752/752
f 753/753/753 754/754/754 755/755/755
f 756/756/756 757/757/757 758/758/758
f 759/759/759 760/760/760 761/761/761
f 762/762/762 763/763/763 764/764/764
f 764/764/764 765/765/765 762/762/762
f 766/766/766 767/767/767 768/768/768
f 769/769/769 770/770/770 771/771/771
f 772/772/772 773/773/773 774/774/774
f 775/775/775 776/776/776 777/777/777
f 778/778/778 779/779/779 780/780/780
f 781/781/781 782/782/782 783/783/783
f 784/784/784 785/785/785 786/786/786
f 786/786/786 787/787/787 784/784/784
f 788/788/788 789/789/789 790/790/790
f 791/791/791 792/792/792 793/793/793
f 794/794/794 795/795/795 796/796/796
f 797/797/797 798/798/798 799/799/799
f 800/800/800 801/801/801 802/802/802
f 803/803/803 804/804/804 805/805/805
f 806/806/806 807/807/807 808/808/808
f 809/809/809 810/810/810 811/811/811
f 812/812/812 813/813/813 814/814/814
f 815/815/815 816/816/816 817/817/817
f 818/818/818 819/819/819 820/820/820
f 821/821/821 822/822/822 823/823/823
f 824/824/824 825/825/825 826/826/826
f 827/827/827 828/828/828 829/829/829
f 830/830/830 831/831/831 832/832/832
f 833/833/833 834/834/834 835/835/835
f 836/836/836 837/837/837 838/838/838
f 839/839/839 840/840/840 841/841/841
f 842/842/842 843/843/843 844/844/844
f 845/845/845 846/846/846 847/847/847
f 848/848/848 849/849/849 850/850/850
f 851/851/851 852/852/852 853/853/853
f 854/854/854 855/855/855 856/856/856
f 857/857/857 858/858/858 859/859/859
f 860/860/860 861/861/861 862/862/862
f 863/863/863 864/864/864 865/865/865
f 866/866/866 867/867/867 868/868/868
f 868/868/868 869/869/869 866/866/866
f 870/870/870 871/871/871 872/872/872
f 872/872/872 873/873/873 870/870/870
f 874/874/874 875/875/875 876/876/876
f 876/876/876 877/877/877 874/874/874
f 878/878/878 879/879/879 880/880/880
f 880/880/880 881/881/881 878/878/878
f 882/882/882 883/883/883 884/884/884
f 884/884/884 885/885/885 882/882/882
f 886/886/886 887/887/887 888/888/888
f 888/888/888 889/889/889 886/886/886
f 890/890/890 891/891/891 892/892/892
f 892/892/892 893/893/893 890/890/890
f 894/894/894 895/895/895 896/896/896
f 896/896/896 897/897/897 894/894/894
f 898/898/898 899/899/899 900/900/900
f 900/900/900 901/901/901 898/898/898
f 902/902/902 903/903/903 904/904/904
f 904/904/904 905/905/905 902/902/902
f 906/906/906 907/907/907 908/908/908
f 908/908/908 909/909/909 906/906/906
f 910/910/910 911/911/911 912/912/912
f 912/912/912 913/913/913 910/910/910
f 914/914/914 915/915/915 916/916/916
f 916/916/916 917/917/917 914/914/914
f 918/918/918 919/919/919 920/920/920
f 920/920/920 921/921/921 918/918/918
f 922/922/922 923/923/923 924/924/924
f 924/924/924 925/925/925 922/922/922
f 926/926/926 927/927/927 928/928/928
f 928/928/928 929/929/929 926/926/926
f 930/930/930 931/931/931 932/932/932
f 932/932/932 933/933/933 930/930/930
f 934/934/934 935/935/935 936/936/936
f 936/936/936 937/937/937 934/934/934
f 938/938/938 939/939/939 940/940/940
f 940/940/940 941/941/941 938/938/938
f 942/942/942 943/943/943 944/944/944
f 944/944/944 945/945/945 942/942/942
f 946/946/946 947/947/947 948/948/948
f 948/948/948 949/949/949 946/946/946
f 950/950/950 951/951/951 952/952/952
f 952/952/952 953/953/953 950/950/950
f 954/954/954 955/955/955 956/956/956
f 956/956/956 957/957/957 954/954/954
f 958/958/958 959/959/959 960/960/960
f 960/960/960 961/961/961 958/958/958
f 962/962/962 963/963/963 964/964/964
f 964/964/964 965/965/965 962/962/962
f 966/966/966 967/967/967 968/968/968
f 968/968/968 969/969/969 966/966/966
f 970/970/970 971/971/971 972/972/972
f 972/972/972 973/973/973 970/970/970
f 974/974/974 975/975/975 976/976/976
f 976/976/976 977/977/977 974/974/974
f 978/978/978 979/979/979 980/980/980
f 980/980/980 981/981/981 978/978/978
f 982/982/982 983/983/983 984/984/984
f 984/984/984 985/985/985 982/982/982
f 986/986/986 987/987/987 988/988/988
f 988/988/988 989/989/989 986/986/986
f 990/990/990 991/991/991 992/992/992
f 992/992/992 993/993/993 990/990/990
f 994/994/994 995/995/995 996/996/996
f 996/996/996 997/997/997 994/994/994
f 998/998/998 999/999/999 1000/1000/1000
f 1000/1000/1000 1001/1001/1001 998/998/998
f 1002/1002/1002 1003/1003/1003 1004/1004/1004
f 1004/1004/1004 1005/1005/1005 1002/1002/1002
f 1006/1006/1006 1007/1007/1007 1008/1008/1008
f 1008/1008/1008 1009/1009/1009 1006/1006/1006
f 1010/1010/1010 1011/1011/1011 1012/1012/1012
f 1012/1012/1012 1013/1013/1013 1010/1010/1010
f 1014/1014/1014 1015/1015/1015 1016/1016/1016
f 1016/1016/1016 1017/1017/1017 1014/1014/1014
f 1018/1018/1018 1019/1019/1019 1020/1020/1020
f 1020/1020/1020 1021/1021/1021 1018/1018/1018
f 1022/1022/1022 1023/1023/1023 1024/1024/1024
f 1024/1024/1024 1025/1025/1025 1022/1022/1022
f 1026/1026/1026 1027/1027/1027 1028/1028/1028
f 1028/1028/1028 1029/1029/1029 1026/1026/1026
f 1030/1030/1030 1031/1031/1031 1032/1032/1032
f 1032/1032/1032 1033/1033/1033 1030/1030/1030
f 1034/1034/1034 1035/1035/1035 1036/1036/1036
f 1036/1036/1036 1037/1037/1037 1034/1034/1034
f 1038/1038/1038 1039/1039/1039 1040/1040/1040
f 1040/1040/1040 1041/1041/1041 1038/1038/1038
f 1042/1042/1042 1043/1043/1043 1044/1044/1044
f 1044/1044/1044 1045/1045/1045 1042/1042/1042
f 1046/1046/1046 1047/1047/1047 1048/1048/1048
f 1048/1048/1048 1049/1049/1049 1046/1046/1046
f 1050/1050/1050 1051/1051/1051 1052/1052/1052
f 1052/1052/1052 1053/1053/1053 1050/1050/1050
f 1054/1054/1054 1055/1055/1055 1056/1056/1056
f 1056/1056/1056 1057/1057/1057 1054/1054/1054
f 1058/1058/1058 1059/1059/1059 1060/1060/1060
f 1060/1060/1060 1061/1061/1061 1058/1058/1058
f 1062/1062/1062 1063/1063/1063 1064/1064/1064
f 1064/1064/1064 1065/1065/1065 1062/1062/1062
f 1066/1066/1066 1067/1067/1067 1068/1068/1068
f 1068/1068/1068 1069/1069/1069 1066/1066/1066
f 1070/1070/1070 1071/1071/1071 1072/1072/1072
f 1072/1072/1072 1073/1073/1073 1070/1070/1070
f 1074/1074/1074 1075/1075/1075 1076/1076/1076
f 1076/1076/1076 1077/1077/1077 1074/1074/1074
f 1078/1078/1078 1079/1079/1079 1080/1080/1080
f 1080/1080/1080 1081/1081/1081 1078/1078/1078
f 1082/1082/1082 1083/1083/1083 1084/1084/1084
f 1084/1084/1084 1085/1085/1085 1082/1082/1082
f 1086/1086/1086 1087/1087/1087 1088/1088/1088
f 1088/1088/1088 1089/1089/1089 1086/1086/1086
f 1090/1090/1090 1091/1091/1091 1092/1092/1092
f 1092/1092/1092 1093/1093/1093 1090/1090/1090
f 1094/1094/1094 1095/1095/1095 1096/1096/1096
f 1096/1096/1096 1097/1097/1097 1094/1094/1094
f 1098/1098/1098 1099/1099/1099 1100/1100/1100
f 1100/1100/1100 1101/1101/1101 1098/1098/1098
f 1102/1102/1102 1103/1103/1103 1104/1104/1104
f 1104/1104/1104 1105/1105/1105 1102/1102/1102
f 1106/1106/1106 1107/1107/1107 1108/1108/1108
f 1108/1108/1108 1109/1109/1109 1106/1106/1106
f 1110/1110/1110 1111/1111/1111 1112/1112/1112
f 1112/1112/1112 1113/1113/1113 1110/1110/1110
f 1114/1114/1114 1110/1110/1110 1113/1113/1113
f 1113/1113/1113 1115/1115/1115 1114/1114/1114
f 1116/1116/1116 1114/1114/1114 1115/1115/1115
f 1115/1115/1115 1117/1117/1117 1116/1116/1116
f 1118/1118/1118 1119/1119/1119 1120/1120/1120
f 1120/1120/1120 1121/1121/1121 1118/1118/1118
f 1122/1122/1122 1118/1118/1118 1121/1121/1121
f 1121/1121/1121 1123/1123/1123 1122/1122/1122
f 1124/1124/1124 1125/1125/1125 1126/1126/1126
f 1126/1126/1126 1127/1127/1127 1124/1124/1124
f 1128/1128/1128 1124/1124/1124 1127/1127/1127
f 1127/1127/1127 1129/1129/1129 1128/1128/1128
f 1130/1130/1130 1128/1128/1128 1129/1129/1129
f 1129/1129/1129 1131/1131/1131 1130/1130/1130
f 1107/1107/1107 1132/1132/1132 1133/1133/1133
f 1133/1133/1133 1108/1108/1108 1107/1107/1107
f 1134/1134/1134 1135/1135/1135 1107/1107/1107
f 1107/1107/1107 1106/1106/1106 1134/1134/1134
f 1136/1136/1136 1137/1137/1137 1111/1111/1111
f 1111/1111/1111 1110/1110/1110 1136/1136/1136
f 1138/1138/1138 1136/1136/1136 1110/1110/1110
f 1110/1110/1110 1114/1114/1114 1138/1138/1138
f 1139/1139/1139 1138/1138/1138 1114/1114/1114
f 1114/1114/1114 1116/1116/1116 1139/1139/1139
f 1140/1140/1140 1141/1141/1141 1119/1119/1119
f 1119/1119/1119 1118/1118/1118 1140/1140/1140
f 1142/1142/1142 1140/1140/1140 1118/1118/1118
f 1118/1118/1118 1122/1122/1122 1142/1142/1142
f 1143/1143/1143 1144/1144/1144 1125/1125/1125
f 1125/1125/1125 1124/1124/1124 1143/1143/1143
f 1145/1145/1145 1143/1143/1143 1124/1124/1124
f 1124/1124/1124 1128/1128/1128 1145/1145/1145
f 1146/1146/1146 1145/1145/1145 1128/1128/1128
f 1128/1128/1128 1130/1130/1130 1146/1146/1146
f 1135/1135/1135 1147/1147/1147 1132/1132/1132
f 1132/1132/1132 1107/1107/1107 1135/1135/1135
f 1148/1148/1148 1149/1149/1149 1135/1135/1135
f 1135/1135/1135 1134/1134/1134 1148/1148/1148
f 1150/1150/1150 1151/1151/1151 1137/1137/1137
f 1137/1137/1137 1136/1136/1136 1150/1150/1150
f 1152/1152/1152 1150/1150/1150 1136/1136/1136
f 1136/1136/1136 1138/1138/1138 1152/1152/1152
f 1153/1153/1153 1152/1152/1152 1138/1138/1138
f 1138/1138/1138 1139/1139/1139 1153/1153/1153
f 1154/1154/1154 1155/1155/1155 1141/1141/1141
f 1141/1141/1141 1140/1140/1140 1154/1154/1154
f 1156/1156/1156 1154/1154/1154 1140/1140/1140
f 1140/1140/1140 1142/1142/1142 1156/1156/1156
f 1157/1157/1157 1158/1158/1158 1144/1144/1144
f 1144/1144/1144 1143/1143/1143 1157/1157/1157
f 1159/1159/1159 1157/1157/1157 1143/1143/1143
f 1143/1143/1143 1145/1145/1145 1159/1159/1159
f 1160/1160/1160 1159/1159/1159 1145/1145/1145
f 1145/1145/1145 1146/1146/1146 1160/1160/1160
f 1149/1149/1149 1161/1161/1161 1147/1147/1147
f 1147/1147/1147 1135/1135/1135 1149/1149/1149
f 1162/1162/1162 1163/1163/1163 1149/1149/1149
f 1149/1149/1149 1148/1148/1148 1162/1162/1162
f 1164/1164/1164 1165/1165/1165 1151/1151/1151
f 1151/1151/1151 1150/1150/1150 1164/1164/1164
f 1166/1166/1166 1164/1164/1164 1150/1150/1150
f 1150/1150/1150 1152/1152/1152 1166/1166/1166
f 1167/1167/1167 1166/1166/1166 1152/1152/1152
f 1152/1152/1152 1153/1153/1153 1167/1167/1167
f 1168/1168/1168 1169/1169/1169 1155/1155/1155
f 1155/1155/1155 1154/1154/1154 1168/1168/1168
f 1170/1170/1170 1168/1168/1168 1154/1154/1154
f 1154/1154/1154 1156/1156/1156 1170/1170/1170
f 1171/1171/1171 1172/1172/1172 1158/1158/1158
f 1158/1158/1158 1157/1157/1157 1171/1171/1171
f 1173/1173/1173 1171/1171/1171 1157/1157/1157
f 1157/1157/1157 1159/1159/1159 1173/1173/1173
f 1174/1174/1174 1173/1173/1173 1159/1159/1159
f 1159/1159/1159 1160/1160/1160 1174/1174/1174
f 1163/1163/1163 1175/1175/1175 1161/1161/1161
f 1161/1161/1161 1149/1149/1149 1163/1163/1163
f 1176/1176/1176 1177/1177/1177 1163/1163/1163
f 1163/1163/1163 1162/1162/1162 1176/1176/1176
f 1178/1178/1178 1179/1179/1179 1165/1165/1165
f 1165/1165/1165 1164/1164/1164 1178/1178/1178
f 1180/1180/1180 1178/1178/1178 1164/1164/1164
f 1164/1164/1164 1166/1166/1166 1180/1180/1180
f 1181/1181/1181 1180/1180/1180 1166/1166/1166
f 1166/1166/1166 1167/1167/1167 1181/1181/1181
f 1182/1182/1182 1183/1183/1183 1169/1169/1169
f 1169/1169/1169 1168/1168/1168 1182/1182/1182
f 1184/1184/1184 1182/1182/1182 1168/1168/1168
f 1168/1168/1168 1170/1170/1170 1184/1184/1184
f 1185/1185/1185 1186/1186/1186 1172/1172/1172
f 1172/1172/1172 1171/1171/1171 1185/1185/1185
f 1187/1187/1187 1185/1185/1185 1171/1171/1171
f 1171/1171/1171 1173/1173/1173 1187/1187/1187
f 1188/1188/1188 1187/1187/1187 1173/1173/1173
f 1173/1173/1173 1174/1174/1174 1188/1188/1188
f 1177/1177/1177 1189/1189/1189 1175/1175/1175
f 1175/1175/1175 1163/1163/1163 1177/1177/1177
f 1190/1190/1190 1191/1191/1191 1177/1177/1177
f 1177/1177/1177 1176/1176/1176 1190/1190/1190
f 1192/1192/1192 1193/1193/1193 1179/1179/1179
f 1179/1179/1179 1178/1178/1178 1192/1192/1192
f 1194/1194/1194 1192/1192/1192 1178/1178/1178
f 1178/1178/1178 1180/1180/1180 1194/1194/1194
f 1195/1195/1195 1194/1194/1194 1180/1180/1180
f 1180/1180/1180 1181/1181/1181 1195/1195/1195
f 1196/1196/1196 1197/1197/1197 1183/1183/1183
f 1183/1183/1183 1182/1182/1182 1196/1196/1196
f 1198/1198/1198 1196/1196/1196 1182/1182/1182
f 1182/1182/1182 1184/1184/1184 1198/1198/1198
f 1199/1199/1199 1200/1200/1200 1186/1186/1186
f 1186/1186/1186 1185/1185/1185 1199/1199/1199
f 1201/1201/1201 1199/1199/1199 1185/1185/1185
f 1185/1185/1185 1187/1187/1187 1201/1201/1201
f 1202/1202/1202 1201/1201/1201 1187/1187/1187
f 1187/1187/1187 1188/1188/1188 1202/1202/1202
f 1191/1191/1191 1203/1203/1203 1189/1189/1189
f 1189/1189/1189 1177/1177/1177 1191/1191/1191
f 1204/1204/1204 1205/1205/1205 1191/1191/1191
f 1191/1191/1191 1190/1190/1190 1204/1204/1204
f 1206/1206/1206 1207/1207/1207 1193/1193/1193
f 1193/1193/1193 1192/1192/1192 1206/1206/1206
f 1208/1208/1208 1206/1206/1206 1192/1192/1192
f 1192/1192/1192 1194/1194/1194 1208/1208/1208
f 1209/1209/1209 1208/1208/1208 1194/1194/1194
f 1194/1194/1194 1195/1195/1195 1209/1209/1209
f 1210/1210/1210 1211/1211/1211 1197/1197/1197
f 1197/1197/1197 1196/1196/1196 1210/1210/1210
f 1212/1212/1212 1210/1210/1210 1196/1196/1196
f 1196/1196/1196 1198/1198/1198 1212/1212/1212
f 1213/1213/1213 1214/1214/1214 1200/1200/1200
f 1200/1200/1200 1199/1199/1199 1213/1213/1213
f 1215/1215/1215 1213/1213/1213 1199/1199/1199
f 1199/1199/1199 1201/1201/1201 1215/1215/1215
f 1216/1216/1216 1215/1215/1215 1201/1201/1201
f 1201/1201/1201 1202/1202/1202 1216/1216/1216
f 1205/1205/1205 1217/1217/1217 1203/1203/1203
f 1203/1203/1203 1191/1191/1191 1205/1205/1205
f 1218/1218/1218 1219/1219/1219 1205/1205/1205
f 1205/1205/1205 1204/1204/1204 1218/1218/1218
f 1220/1220/1220 1221/1221/1221 1207/1207/1207
f 1207/1207/1207 1206/1206/1206 1220/1220/1220
f 1222/1222/1222 1220/1220/1220 1206/1206/1206
f 1206/1206/1206 1208/1208/1208 1222/1222/1222
f 1223/1223/1223 1222/1222/1222 1208/1208/1208
f 1208/1208/1208 1209/1209/1209 1223/1223/1223
f 1224/1224/1224 1225/1225/1225 1211/1211/1211
f 1211/1211/1211 1210/1210/1210 1224/1224/1224
f 1226/1226/1226 1224/1224/1224 1210/1210/1210
f 1210/1210/1210 1212/1212/1212 1226/1226/1226
f 1227/1227/1227 1228/1228/1228 1214/1214/1214
f 1214/1214/1214 1213/1213/1213 1227/1227/1227
f 1229/1229/1229 1227/1227/1227 1213/1213/1213
f 1213/1213/1213 1215/1215/1215 1229/1229/1229
f 1230/1230/1230 1229/1229/1229 1215/1215/1215
f 1215/1215/1215 1216/1216/1216 1230/1230/1230
f 1219/1219/1219 1231/1231/1231 1217/1217/1217
f 1217/1217/1217 1205/1205/1205 1219/1219/1219
f 1232/1232/1232 1233/1233/1233 1234/1234/1234
f 1234/1234/1234 1235/1235/1235 1232/1232/1232
f 1236/1236/1236 1232/1232/1232 1235/1235/1235
f 1235/1235/1235 1237/1237/1237 1236/1236/1236
f 1238/1238/1238 1236/1236/1236 1237/1237/1237
f 1237/1237/1237 1239/1239/1239 1238/1238/1238
f 1240/1240/1240 1238/1238/1238 1239/1239/1239
f 1239/1239/1239 1241/1241/1241 1240/1240/1240
f 1242/1242/1242 1240/1240/1240 1241/1241/1241
f 1241/1241/1241 1243/1243/1243 1242/1242/1242
f 1244/1244/1244 1242/1242/1242 1243/1243/1243
f 1243/1243/1243 1245/1245/1245 1244/1244/1244
f 1246/1246/1246 1244/1244/1244 1245/1245/1245
f 1245/1245/1245 1247/1247/1247 1246/1246/1246
f 1248/1248/1248 1246/1246/1246 1247/1247/1247
f 1247/1247/1247 1249/1249/1249 1248/1248/1248
f 1250/1250/1250 1248/1248/1248 1249/1249/1249
f 1249/1249/1249 1251/1251/1251 1250/1250/1250
f 1233/1233/1233 1250/1250/1250 1251/1251/1251
f 1251/1251/1251 1234/1234/1234 1233/1233/1233
f 1252/1252/1252 1253/1253/1253 1233/1233/1233
f 1233/1233/1233 1232/1232/1232 1252/1252/1252
f 1254/1254/1254 1252/1252/1252 1232/1232/1232
f 1232/1232/1232 1236/1236/1236 1254/1254/1254
f 1255/1255/1255 1254/1254/1254 1236/1236/1236
f 1236/1236/1236 1238/1238/1238 1255/1255/1255
f 1256/1256/1256 1255/1255/1255 1238/1238/1238
f 1238/1238/1238 1240/1240/1240 1256/1256/1256
f 1257/1257/1257 1256/1256/1256 1240/1240/1240
f 1240/1240/1240 1242/1242/1242 1257/1257/1257
f 1258/1258/1258 1257/1257/1257 1242/1242/1242
f 1242/1242/1242 1244/1244/1244 1258/1258/1258
f 1259/1259/1259 1258/1258/1258 1244/1244/1244
f 1244/1244/1244 1246/1246/1246 1259/1259/1259
f 1260/1260/1260 1259/1259/1259 1246/1246/1246
f 1246/1246/1246 1248/1248/1248 1260/1260/1260
f 1261/1261/1261 1260/1260/1260 1248/1248/1248
f 1248/1248/1248 1250/1250/1250 1261/1261/1261
f 1253/1253/1253 1261/1261/1261 1250/1250/1250
f 1250/1250/1250 1233/1233/1233 1253/1253/1253
f 1260/1260/1260 1261/1261/1261 1253/1253/1253
f 1253/1253/1253 1252/1252/1252 1254/1254/1254
f 1254/1254/1254 1255/1255/1255 1256/1256/1256
f 1253/1253/1253 1254/1254/1254 1256/1256/1256
f 1256/1256/1256 1257/1257/1257 1258/1258/1258
f 1253/1253/1253 1256/1256/1256 1258/1258/1258
f 1260/1260/1260 1253/1253/1253 1258/1258/1258
f 1260/1260/1260 1258/1258/1258 1259/1259/1259
f 1262/1262/1262 1263/1263/1263 1264/1264/1264
f 1264/1264/1264 1265/1265/1265 1262/1262/1262
f 1266/1266/1266 1267/1267/1267 1268/1268/1268
f 1268/1268/1268 1269/1269/1269 1266/1266/1266
f 1269/1269/1269 1268/1268/1268 1270/1270/1270
f 1270/1270/1270 1271/1271/1271 1269/1269/1269
f 1271/1271/1271 1270/1270/1270 1272/1272/1272
f 1272/1272/1272 1273/1273/1273 1271/1271/1271
f 1274/1274/1274 1275/1275/1275 1276/1276/1276
f 1276/1276/1276 1277/1277/1277 1274/1274/1274
f 1277/1277/1277 1276/1276/1276 1278/1278/1278
f 1278/1278/1278 1279/1279/1279 1277/1277/1277
f 1280/1280/1280 1281/1281/1281 1282/1282/1282
f 1282/1282/1282 1283/1283/1283 1280/1280/1280
f 1283/1283/1283 1282/1282/1282 1284/1284/1284
f 1284/1284/1284 1285/1285/1285 1283/1283/1283
f 1285/1285/1285 1284/1284/1284 1286/1286/1286
f 1286/1286/1286 1287/1287/1287 1285/1285/1285
f 1288/1288/1288 1289/1289/1289 1263/1263/1263
f 1263/1263/1263 1262/1262/1262 1288/1288/1288
f 1263/1263/1263 1290/1290/1290 1291/1291/1291
f 1291/1291/1291 1264/1264/1264 1263/1263/1263
f 1267/1267/1267 1292/1292/1292 1293/1293/1293
f 1293/1293/1293 1268/1268/1268 1267/1267/1267
f 1268/1268/1268 1293/1293/1293 1294/1294/1294
f 1294/1294/1294 1270/1270/1270 1268/1268/1268
f 1270/1270/1270 1294/1294/1294 1295/1295/1295
f 1295/1295/1295 1272/1272/1272 1270/1270/1270
f 1275/1275/1275 1296/1296/1296 1297/1297/1297
f 1297/1297/1297 1276/1276/1276 1275/1275/1275
f 1276/1276/1276 1297/1297/1297 1298/1298/1298
f 1298/1298/1298 1278/1278/1278 1276/1276/1276
f 1281/1281/1281 1299/1299/1299 1300/1300/1300
f 1300/1300/1300 1282/1282/1282 1281/1281/1281
f 1282/1282/1282 1300/1300/1300 1301/1301/1301
f 1301/1301/1301 1284/1284/1284 1282/1282/1282
f 1284/1284/1284 1301/1301/1301 1302/1302/1302
f 1302/1302/1302 1286/1286/1286 1284/1284/1284
f 1289/1289/1289 1303/1303/1303 1290/1290/1290
f 1290/1290/1290 1263/1263/1263 1289/1289/1289
f 1290/1290/1290 1304/1304/1304 1305/1305/1305
f 1305/1305/1305 1291/1291/1291 1290/1290/1290
f 1292/1292/1292 1306/1306/1306 1307/1307/1307
f 1307/1307/1307 1293/1293/1293 1292/1292/1292
f 1293/1293/1293 1307/1307/1307 1308/1308/1308
f 1308/1308/1308 1294/1294/1294 1293/1293/1293
f 1294/1294/1294 1308/1308/1308 1309/1309/1309
f 1309/1309/1309 1295/1295/1295 1294/1294/1294
f 1296/1296/1296 1310/1310/1310 1311/1311/1311
f 1311/1311/1311 1297/1297/1297 1296/1296/1296
f 1297/1297/1297 1311/1311/1311 1312/1312/1312
f 1312/1312/1312 1298/1298/1298 1297/1297/1297
f 1299/1299/1299 1313/1313/1313 1314/1314/1314
f 1314/1314/1314 1300/1300/1300 1299/1299/1299
f 1300/1300/1300 1314/1314/1314 1315/1315/1315
f 1315/1315/1315 1301/1301/1301 1300/1300/1300
f 1301/1301/1301 1315/1315/1315 1316/1316/1316
f 1316/1316/1316 1302/1302/1302 1301/1301/1301
f 1303/1303/1303 1317/1317/1317 1304/1304/1304
f 1304/1304/1304 1290/1290/1290 1303/1303/1303
f 1304/1304/1304 1318/1318/1318 1319/1319/1319
f 1319/1319/1319 1305/1305/1305 1304/1304/1304
f 1306/1306/1306 1320/1320/1320 1321/1321/1321
f 1321/1321/1321 1307/1307/1307 1306/1306/1306
f 1307/1307/1307 1321/1321/1321 1322/1322/1322
f 1322/1322/1322 1308/1308/1308 1307/1307/1307
f 1308/1308/1308 1322/1322/1322 1323/1323/1323
f 1323/1323/1323 1309/1309/1309 1308/1308/1308
f 1310/1310/1310 1324/1324/1324 1325/1325/1325
f 1325/1325/1325 1311/1311/1311 1310/1310/1310
f 1311/1311/1311 1325/1325/1325 1326/1326/1326
f 1326/1326/1326 1312/1312/1312 1311/1311/1311
f 1313/1313/1313 1327/1327/1327 1328/1328/1328
f 1328/1328/1328 1314/1314/1314 1313/1313/1313
f 1314/1314/1314 1328/1328/1328 1329/1329/1329
f 1329/1329/1329 1315/1315/1315 1314/1314/1314
f 1315/1315/1315 1329/1329/1329 1330/1330/1330
f 1330/1330/1330 1316/1316/1316 1315/1315/1315
f 1317/1317/1317 1331/1331/1331 1318/1318/1318
f 1318/1318/1318 1304/1304/1304 1317/1317/1317
f 1318/1318/1318 1332/1332/1332 1333/1333/1333
f 1333/1333/1333 1319/1319/1319 1318/1318/1318
f 1320/1320/1320 1334/1334/1334 1335/1335/1335
f 1335/1335/1335 1321/1321/1321 1320/1320/1320
f 1321/1321/1321 1335/1335/1335 1336/1336/1336
f 1336/1336/1336 1322/1322/1322 1321/1321/1321
f 1322/1322/1322 1336/1336/1336 1337/1337/1337
f 1337/1337/1337 1323/1323/1323 1322/1322/1322
f 1324/1324/1324 1338/1338/1338 1339/1339/1339
f 1339/1339/1339 1325/1325/1325 1324/1324/1324
f 1325/1325/1325 1339/1339/1339 1340/1340/1340
f 1340/1340/1340 1326/1326/1326 1325/1325/1325
f 1327/1327/1327 1341/1341/1341 1342/1342/1342
f 1342/1342/1342 1328/1328/1328 1327/1327/1327
f 1328/1328/1328 1342/1342/1342 1343/1343/1343
f 1343/1343/1343 1329/1329/1329 1328/1328/1328
f 1329/1329/1329 1343/1343/1343 1344/1344/1344
f 1344/1344/1344 1330/1330/1330 1329/1329/1329
f 1331/1331/1331 1345/1345/1345 1332/1332/1332
f 1332/1332/1332 1318/1318/1318 1331/1331/1331
f 1332/1332/1332 1346/1346/1346 1347/1347/1347
f 1347/1347/1347 1333/1333/1333 1332/1332/1332
f 1334/1334/1334 1348/1348/1348 1349/1349/1349
f 1349/1349/1349 1335/1335/1335 1334/1334/1334
f 1335/1335/1335 1349/1349/1349 1350/1350/1350
f 1350/1350/1350 1336/1336/1336 1335/1335/1335
f 1336/1336/1336 1350/1350/1350 1351/1351/1351
f 1351/1351/1351 1337/1337/1337 1336/1336/1336
f 1338/1338/1338 1352/1352/1352 1353/1353/1353
f 1353/1353/1353 1339/1339/1339 1338/1338/1338
f 1339/1339/1339 1353/1353/1353 1354/1354/1354
f 1354/1354/1354 1340/1340/1340 1339/1339/1339
f 1341/1341/1341 1355/1355/1355 1356/1356/1356
f 1356/1356/1356 1342/1342/1342 1341/1341/1341
f 1342/1342/1342 1356/1356/1356 1357/1357/1357
f 1357/1357/1357 1343/1343/1343 1342/1342/1342
f 1343/1343/1343 1357/1357/1357 1358/1358/1358
f 1358/1358/1358 1344/1344/1344 1343/1343/1343
f 1345/1345/1345 1359/1359/1359 1346/1346/1346
f 1346/1346/1346 1332/1332/1332 1345/1345/1345
f 1346/1346/1346 1360/1360/1360 1361/1361/1361
f 1361/1361/1361 1347/1347/1347 1346/1346/1346
f 1348/1348/1348 1362/1362/1362 1363/1363/1363
f 1363/1363/1363 1349/1349/1349 1348/1348/1348
f 1349/1349/1349 1363/1363/1363 1364/1364/1364
f 1364/1364/1364 1350/1350/1350 1349/1349/1349
f 1350/1350/1350 1364/1364/1364 1365/1365/1365
f 1365/1365/1365 1351/1351/1351 1350/1350/1350
f 1352/1352/1352 1366/1366/1366 1367/1367/1367
f 1367/1367/1367 1353/1353/1353 1352/1352/1352
f 1353/1353/1353 1367/1367/1367 1368/1368/1368
f 1368/1368/1368 1354/1354/1354 1353/1353/1353
f 1355/1355/1355 1369/1369/1369 1370/1370/1370
f 1370/1370/1370 1356/1356/1356 1355/1355/1355
f 1356/1356/1356 1370/1370/1370 1371/1371/1371
f 1371/1371/1371 1357/1357/1357 1356/1356/1356
f 1357/1357/1357 1371/1371/1371 1372/1372/1372
f 1372/1372/1372 1358/1358/1358 1357/1357/1357
f 1359/1359/1359 1373/1373/1373 1360/1360/1360
f 1360/1360/1360 1346/1346/1346 1359/1359/1359
f 1360/1360/1360 1374/1374/1374 1375/1375/1375
f 1375/1375/1375 1361/1361/1361 1360/1360/1360
f 1362/1362/1362 1376/1376/1376 1377/1377/1377
f 1377/1377/1377 1363/1363/1363 1362/1362/1362
f 1363/1363/1363 1377/1377/1377 1378/1378/1378
f 1378/1378/1378 1364/1364/1364 1363/1363/1363
f 1364/1364/1364 1378/1378/1378 1379/1379/1379
f 1379/1379/1379 1365/1365/1365 1364/1364/1364
f 1366/1366/1366 1380/1380/1380 1381/1381/1381
f 1381/1381/1381 1367/1367/1367 1366/1366/1366
f 1367/1367/1367 1381/1381/1381 1382/1382/1382
f 1382/1382/1382 1368/1368/1368 1367/1367/1367
f 1369/1369/1369 1383/1383/1383 1384/1384/1384
f 1384/1384/1384 1370/1370/1370 1369/1369/1369
f 1370/1370/1370 1384/1384/1384 1385/1385/1385
f 1385/1385/1385 1371/1371/1371 1370/1370/1370
f 1371/1371/1371 1385/1385/1385 1386/1386/1386
f 1386/1386/1386 1372/1372/1372 1371/1371/1371
f 1373/1373/1373 1387/1387/1387 1374/1374/1374
f 1374/1374/1374 1360/1360/1360 1373/1373/1373
f 1388/1388/1388 1389/1389/1389 1390/1390/1390
f 1390/1390/1390 1391/1391/1391 1388/1388/1388
f 1391/1391/1391 1390/1390/1390 1392/1392/1392
f 1392/1392/1392 1393/1393/1393 1391/1391/1391
f 1393/1393/1393 1392/1392/1392 1394/1394/1394
f 1394/1394/1394 1395/1395/1395 1393/1393/1393
f 1395/1395/1395 1394/1394/1394 1396/1396/1396
f 1396/1396/1396 1397/1397/1397 1395/1395/1395
f 1397/1397/1397 1396/1396/1396 1398/1398/1398
f 1398/1398/1398 1399/1399/1399 1397/1397/1397
f 1399/1399/1399 1398/1398/1398 1400/1400/1400
f 1400/1400/1400 1401/1401/1401 1399/1399/1399
f 1401/1401/1401 1400/1400/1400 1402/1402/1402
f 1402/1402/1402 1403/1403/1403 1401/1401/1401
f 1403/1403/1403 1402/1402/1402 1404/1404/1404
f 1404/1404/1404 1405/1405/1405 1403/1403/1403
f 1405/1405/1405 1404/1404/1404 1406/1406/1406
f 1406/1406/1406 1407/1407/1407 1405/1405/1405
f 1407/1407/1407 1406/1406/1406 1389/1389/1389
f 1389/1389/1389 1388/1388/1388 1407/1407/1407
f 1389/1389/1389 1408/1408/1408 1409/1409/1409
f 1409/1409/1409 1390/1390/1390 1389/1389/1389
f 1390/1390/1390 1409/1409/1409 1410/1410/1410
f 1410/1410/1410 1392/1392/1392 1390/1390/1390
f 1392/1392/1392 1410/1410/1410 1411/1411/1411
f 1411/1411/1411 1394/1394/1394 1392/1392/1392
f 1394/1394/1394 1411/1411/1411 1412/1412/1412
f 1412/1412/1412 1396/1396/1396 1394/1394/1394
f 1396/1396/1396 1412/1412/1412 1413/1413/1413
f 1413/1413/1413 1398/1398/1398 1396/1396/1396
f 1398/1398/1398 1413/1413/1413 1414/1414/1414
f 1414/1414/1414 1400/1400/1400 1398/1398/1398
f 1400/1400/1400 1414/1414/1414 1415/1415/1415
f 1415/1415/1415 1402/1402/1402 1400/1400/1400
f 1402/1402/1402 1415/1415/1415 1416/1416/1416
f 1416/1416/1416 1404/1404/1404 1402/1402/1402
f 1404/1404/1404 1416/1416/1416 1417/1417/1417
f 1417/1417/1417 1406/1406/1406 1404/1404/1404
f 1406/1406/1406 1417/1417/1417 1408/1408/1408
f 1408/1408/1408 1389/1389/1389 1406/1406/1406
f 1408/1408/1408 1417/1417/1417 1416/1416/1416
f 1416/1416/1416 1415/1415/1415 1414/1414/1414
f 1408/1408/1408 1416/1416/1416 1414/1414/1414
f 1414/1414/1414 1413/1413/1413 1412/1412/1412
f 1408/1408/1408 1414/1414/1414 1412/1412/1412
f 1412/1412/1412 1411/1411/1411 1410/1410/1410
f 1408/1408/1408 1412/1412/1412 1410/1410/1410
f 1408/1408/1408 1410/1410/1410 1409/1409/1409
