mtllib source/Bottle_1.mtl
o Bottle_moddel_by_3DisFUNny
usemtl Glass_Brown_material_by_3DisFUNny
v 2.9685907065868378e-9 -2.321666717529297 -0.4777488112449646
v 2.9685907065868378e-9 -2.321666717529297 -0.4777488112449646
v 4.831417044215414e-9 -2.4189870357513428 -0.4586348831653595
v 4.831417044215414e-9 -2.4189870357513428 -0.4586348831653595
v 3.1044086745701804e-10 -2.141893148422241 -3.8805109126016646e-10
v 3.1044086745701804e-10 -2.141893148422241 -3.8805109126016646e-10
v 3.1044086745701804e-10 -2.141893148422241 -3.8805109126016646e-10
v 3.1044086745701804e-10 -2.141893148422241 -3.8805109126016646e-10
v 3.1044086745701804e-10 -2.141893148422241 -3.8805109126016646e-10
v 3.1044086745701804e-10 -2.141893148422241 -3.8805109126016646e-10
v 3.1044086745701804e-10 -2.141893148422241 -3.8805109126016646e-10
v 3.1044086745701804e-10 -2.141893148422241 -3.8805109126016646e-10
v 3.1044086745701804e-10 -2.141893148422241 -3.8805109126016646e-10
v 3.1044086745701804e-10 -2.141893148422241 -3.8805109126016646e-10
v 3.1044086745701804e-10 -2.141893148422241 -3.8805109126016646e-10
v 3.1044086745701804e-10 -2.141893148422241 -3.8805109126016646e-10
v -4.736951712906159e-15 -2.239651918411255 5.684341886080802e-14
v -4.736951712906159e-15 -2.239651918411255 5.684341886080802e-14
v -4.736951712906159e-15 -2.239651918411255 5.684341886080802e-14
v -4.736951712906159e-15 -2.239651918411255 5.684341886080802e-14
v -4.736951712906159e-15 -2.239651918411255 5.684341886080802e-14
v -4.736951712906159e-15 -2.239651918411255 5.684341886080802e-14
v -4.736951712906159e-15 -2.239651918411255 5.684341886080802e-14
v -4.736951712906159e-15 -2.239651918411255 5.684341886080802e-14
v -4.736951712906159e-15 -2.239651918411255 5.684341886080802e-14
v -4.736951712906159e-15 -2.239651918411255 5.684341886080802e-14
v -4.736951712906159e-15 -2.239651918411255 5.684341886080802e-14
v -4.736951712906159e-15 -2.239651918411255 5.684341886080802e-14
v 5.977926775813103e-8 -2.2110700607299805 -0.2362504005432129
v 5.977926775813103e-8 -2.2110700607299805 -0.2362504005432129
v 5.372510258894181e-8 -2.300630807876587 -0.19355808198451996
v 5.372510258894181e-8 -2.300630807876587 -0.19355808198451996
v -2.0023435354232788e-8 1.1753616333007812 -0.7464501857757568
v -2.0023435354232788e-8 1.1753616333007812 -0.7464501857757568
v -2.9803288725815946e-8 1.1762419939041138 -0.8422505855560303
v -2.9803288725815946e-8 1.1762419939041138 -0.8422505855560303
v -9.42964106798172e-9 -2.3327090740203857 -0.562408447265625
v -9.42964106798172e-9 -2.3327090740203857 -0.562408447265625
v -1.0943182360279025e-8 -2.428467273712158 -0.577549934387207
v -1.0943182360279025e-8 -2.428467273712158 -0.577549934387207
v -1.4435499906539917e-8 -2.2065205574035645 -0.7254350781440735
v -1.4435499906539917e-8 -2.2065205574035645 -0.7254350781440735
v -2.2352537598635536e-8 -2.23522686958313 -0.8132855296134949
v -2.2352537598635536e-8 -2.23522686958313 -0.8132855296134949
v -1.5832483768463135e-8 -2.0245935916900635 -0.7108846306800842
v -1.5832483768463135e-8 -2.0245935916900635 -0.7108846306800842
v -2.5612280296627432e-8 -2.0088346004486084 -0.8049435019493103
v -2.5612280296627432e-8 -2.0088346004486084 -0.8049435019493103
v -3.0109994497706793e-8 3.4444355964660645 -0.2757583260536194
v -3.0109994497706793e-8 3.4444355964660645 -0.2757583260536194
v -3.0109994497706793e-8 3.4444355964660645 -0.2757583260536194
v -3.0109994497706793e-8 3.4444355964660645 -0.2757583260536194
v -4.470570047487854e-8 3.373971939086914 -0.32893693447113037
v -4.470570047487854e-8 3.373971939086914 -0.32893693447113037
v -3.5694814215503357e-8 1.7096688747406006 -0.39326387643814087
v -3.5694814215503357e-8 1.7096688747406006 -0.39326387643814087
v -3.725477881744155e-8 1.7459052801132202 -0.4825555980205536
v -3.725477881744155e-8 1.7459052801132202 -0.4825555980205536
v -2.3748725652694702e-8 1.5167640447616577 -0.5107770562171936
v -2.3748725652694702e-8 1.5167640447616577 -0.5107770562171936
v -3.352857902427786e-8 1.5776739120483398 -0.5864785313606262
v -3.352857902427786e-8 1.5776739120483398 -0.5864785313606262
v -2.3283064365386963e-8 1.2591099739074707 -0.7369979023933411
v -2.3283064365386963e-8 1.2591099739074707 -0.7369979023933411
v -3.166576334479032e-8 1.2929006814956665 -0.8255375623703003
v -3.166576334479032e-8 1.2929006814956665 -0.8255375623703003
v -2.561137080192566e-8 1.378488302230835 -0.6527820229530334
v -2.561137080192566e-8 1.378488302230835 -0.6527820229530334
v -3.259697223256808e-8 1.4407118558883667 -0.7276995778083801
v -3.259697223256808e-8 1.4407118558883667 -0.7276995778083801
v -5.145761861058418e-8 3.4166293144226074 -0.36417534947395325
v -5.145761861058418e-8 3.4166293144226074 -0.36417534947395325
v -4.130561137571931e-8 3.7810115814208984 -0.2620227336883545
v -4.130561137571931e-8 3.7810115814208984 -0.2620227336883545
v -4.130561137571931e-8 3.7810115814208984 -0.2620227336883545
v -4.130561137571931e-8 3.7810115814208984 -0.2620227336883545
v -5.588151452684542e-8 3.7200124263763428 -0.28654488921165466
v -5.588151452684542e-8 3.7200124263763428 -0.28654488921165466
v -5.3844416925130645e-8 3.4571330547332764 -0.37759506702423096
v -5.3844416925130645e-8 3.4571330547332764 -0.37759506702423096
v -2.805609256029129e-8 3.579669952392578 -0.2238188236951828
v -2.805609256029129e-8 3.579669952392578 -0.2238188236951828
v -5.506723255166435e-8 3.608976364135742 -0.3159250319004059
v -5.506723255166435e-8 3.608976364135742 -0.3159250319004059
v -5.756930931966053e-8 3.745445728302002 -0.3354170620441437
v -5.756930931966053e-8 3.745445728302002 -0.3354170620441437
v -5.867408958692977e-8 3.851691961288452 -0.30512988567352295
v -5.867408958692977e-8 3.851691961288452 -0.30512988567352295
v -5.821016202389728e-8 3.803985595703125 -0.3570736348628998
v -5.821016202389728e-8 3.803985595703125 -0.3570736348628998
v -5.8442452655071975e-8 3.8321385383605957 -0.33888110518455505
v -5.8442452655071975e-8 3.8321385383605957 -0.33888110518455505
v -5.797733138024341e-8 3.7711246013641357 -0.353609174489975
v -5.797733138024341e-8 3.7711246013641357 -0.353609174489975
v -5.681206971530628e-8 3.7301342487335205 -0.31207677721977234
v -5.681206971530628e-8 3.7301342487335205 -0.31207677721977234
v -5.4484587508341065e-8 3.505323886871338 -0.35870370268821716
v -5.4484587508341065e-8 3.505323886871338 -0.35870370268821716
v -5.4251700021268334e-8 3.475626230239868 -0.37056899070739746
v -5.4251700021268334e-8 3.475626230239868 -0.37056899070739746
v -4.843070655624615e-8 3.396158218383789 -0.3487148582935333
v -4.843070655624615e-8 3.396158218383789 -0.3487148582935333
v -5.308760364641785e-8 3.4369475841522217 -0.37493959069252014
v -5.308760364641785e-8 3.4369475841522217 -0.37493959069252014
v -1.201988197863102e-8 -2.306229829788208 -0.6188202500343323
v -1.201988197863102e-8 -2.306229829788208 -0.6188202500343323
v -1.690983708613203e-8 -2.3903656005859375 -0.6690889596939087
v -1.690983708613203e-8 -2.3903656005859375 -0.6690889596939087
v -1.4319084584712982e-8 -2.2603561878204346 -0.6757712960243225
v -1.4319084584712982e-8 -2.2603561878204346 -0.6757712960243225
v -2.037330659732106e-8 -2.327275514602661 -0.7464746236801147
v -2.037330659732106e-8 -2.327275514602661 -0.7464746236801147
v 2.2177118808031082e-8 -2.293421983718872 -0.3897336423397064
v 2.2177118808031082e-8 -2.293421983718872 -0.3897336423397064
v 2.4505638407390506e-8 -2.384826898574829 -0.35150110721588135
v 2.4505638407390506e-8 -2.384826898574829 -0.35150110721588135
v 4.289904609322548e-8 -2.253253936767578 -0.3144601285457611
v 4.289904609322548e-8 -2.253253936767578 -0.3144601285457611
v 4.196763825348171e-8 -2.3407957553863525 -0.2677544057369232
v 4.196763825348171e-8 -2.3407957553863525 -0.2677544057369232
v 7.12461769580841e-8 -2.1765999794006348 -0.1538320928812027
v 7.12461769580841e-8 -2.1765999794006348 -0.1538320928812027
v 5.867207164556021e-8 -2.270404577255249 -0.12077698111534119
v 5.867207164556021e-8 -2.270404577255249 -0.12077698111534119
v 7.776543498039246e-8 -2.154176712036133 -0.07822157442569733
v 7.776543498039246e-8 -2.154176712036133 -0.07822157442569733
v 5.960282578598708e-8 -2.2509219646453857 -0.054054271429777145
v 5.960282578598708e-8 -2.2509219646453857 -0.054054271429777145
v -2.0023435354232788e-8 1.0655195713043213 -0.7313738465309143
v -2.0023435354232788e-8 1.0655195713043213 -0.7313738465309143
v -2.7940473046328407e-8 1.047540307044983 -0.8262174725532532
v -2.7940473046328407e-8 1.047540307044983 -0.8262174725532532
v -1.5599653124809265e-8 -2.0486886501312256 -0.7192267179489136
v -1.5599653124809265e-8 -2.0486886501312256 -0.7192267179489136
v -2.3982352104212623e-8 -2.0326778888702393 -0.8132861852645874
v -2.3982352104212623e-8 -2.0326778888702393 -0.8132861852645874
v -1.792795956134796e-8 1.038509488105774 -0.7255779504776001
v -1.792795956134796e-8 1.038509488105774 -0.7255779504776001
v -2.677637667147792e-8 1.0262525081634521 -0.8207669258117676
v -2.677637667147792e-8 1.0262525081634521 -0.8207669258117676
v -5.9138983488082886e-8 3.8516926765441895 -0.25293874740600586
v -5.9138983488082886e-8 3.8516926765441895 -0.25293874740600586
v -0.22931744158267975 -2.4189870357513428 -0.3971894383430481
v -0.2388744056224823 -2.321666717529297 -0.4137426018714905
v -0.0967789962887764 -2.300630807876587 -0.16762623190879822
v -0.11812514811754227 -2.2110700607299805 -0.20459887385368347
v -0.4211253225803375 1.1762419939041138 -0.7294103503227234
v -0.3732251226902008 1.1753616333007812 -0.6464447975158691
v -0.2887749671936035 -2.428467273712158 -0.5001729130744934
v -0.2812042236328125 -2.3327090740203857 -0.487060010433197
v -0.4066427946090698 -2.23522686958313 -0.7043259739875793
v -0.36271756887435913 -2.2065205574035645 -0.6282452344894409
v -0.40247178077697754 -2.0088346004486084 -0.6971015334129333
v -0.3554423451423645 -2.0245935916900635 -0.6156441569328308
v -0.16446851193904877 3.373971939086914 -0.28486770391464233
v -0.13787919282913208 3.4444355964660645 -0.23881369829177856
v -0.13787919282913208 3.4444355964660645 -0.23881369829177856
v -0.19663196802139282 1.7096688747406006 -0.3405764698982239
v -0.24127782881259918 1.7459052801132202 -0.41790536046028137
v -0.2553885579109192 1.5167640447616577 -0.44234591722488403
v -0.2932392954826355 1.5776739120483398 -0.5079053044319153
v -0.41276881098747253 1.2929006814956665 -0.7149364948272705
v -0.3684989809989929 1.2591100931167603 -0.6382589340209961
v -0.3263910412788391 1.378488302230835 -0.5653257966041565
v -0.36384981870651245 1.4407118558883667 -0.630206286907196
v -0.1820877194404602 3.4166293144226074 -0.3153850734233856
v -0.1432724893093109 3.7200124263763428 -0.2481551319360733
v -0.13101139664649963 3.7810115814208984 -0.2269183099269867
v -0.13101139664649963 3.7810115814208984 -0.2269183099269867
v -0.18879757821559906 3.4571330547332764 -0.32700687646865845
v -0.11190944164991379 3.579669952392578 -0.19383276998996735
v -0.15796256065368652 3.608976364135742 -0.2735990881919861
v -0.16770857572555542 3.745445728302002 -0.2904796600341797
v -0.15256498754024506 3.851691961288452 -0.2642501890659332
v -0.17853686213493347 3.803985595703125 -0.3092347979545593
v -0.1694405972957611 3.8321385383605957 -0.2934795916080475
v -0.17680463194847107 3.7711246013641357 -0.3062344789505005
v -0.15603843331336975 3.7301342487335205 -0.2702663540840149
v -0.17935189604759216 3.505323886871338 -0.31064650416374207
v -0.1852845400571823 3.475626230239868 -0.3209221363067627
v -0.17435747385025024 3.396158218383789 -0.3019959032535553
v -0.18746984004974365 3.4369475841522217 -0.32470718026161194
v -0.33454447984695435 -2.3903656005859375 -0.5794480443000793
v -0.30941012501716614 -2.306229829788208 -0.5359140634536743
v -0.33788567781448364 -2.2603561878204346 -0.585235059261322
v -0.37323734164237976 -2.327275514602661 -0.6464659571647644
v -0.19486680626869202 -2.293421983718872 -0.33751922845840454
v -0.17575053870677948 -2.384826898574829 -0.30440887808799744
v -0.15723001956939697 -2.253253936767578 -0.27233046293258667
v -0.13387717306613922 -2.3407957553863525 -0.23188214004039764
v -0.07691597938537598 -2.1765999794006348 -0.1332225352525711
v -0.060388438403606415 -2.270404577255249 -0.10459596663713455
v -0.039110712707042694 -2.154176712036133 -0.06774190813302994
v -0.027027083560824394 -2.2509219646453857 -0.046812400221824646
v -0.36568695306777954 1.0655195713043213 -0.633388340473175
v -0.413108766078949 1.047540307044983 -0.7155253291130066
v -0.3596133887767792 -2.0486886501312256 -0.6228685975074768
v -0.4066431224346161 -2.0326778888702393 -0.7043265104293823
v -0.36278900504112244 1.038509488105774 -0.6283689141273499
v -0.4103834927082062 1.0262525081634521 -0.7108049392700195
v -0.1264694184064865 3.8516926765441895 -0.21905134618282318
v -0.3971894681453705 -2.4189870357513428 -0.22931742668151855
v -0.41374263167381287 -2.321666717529297 -0.2388743907213211
v -0.16762618720531464 -2.300630807876587 -0.09677907824516296
v -0.2045988142490387 -2.2110700607299805 -0.11812524497509003
v -0.7294104099273682 1.1762419939041138 -0.42112523317337036
v -0.6464448571205139 1.1753616333007812 -0.37322503328323364
v -0.5001729726791382 -2.428467273712158 -0.28877493739128113
v -0.4870600700378418 -2.3327090740203857 -0.2812041938304901
v -0.7043260335922241 -2.23522686958313 -0.40664270520210266
v -0.6282452940940857 -2.2065205574035645 -0.36271750926971436
v -0.6971015930175781 -2.0088346004486084 -0.4024716913700104
v -0.6156442165374756 -2.0245935916900635 -0.35544225573539734
v -0.2848677933216095 3.373971939086914 -0.1644684076309204
v -0.23881375789642334 3.4444355964660645 -0.1378791332244873
v -0.23881375789642334 3.4444355964660645 -0.1378791332244873
v -0.34057652950286865 1.7096688747406006 -0.19663190841674805
v -0.41790544986724854 1.7459052801132202 -0.2412777543067932
v -0.44234591722488403 1.5167640447616577 -0.2553884983062744
v -0.5079053044319153 1.5776739120483398 -0.29323920607566833
v -0.7149365544319153 1.2929006814956665 -0.41276872158050537
v -0.6382589340209961 1.2591100931167603 -0.36849889159202576
v -0.5653258562088013 1.378488302230835 -0.32639098167419434
v -0.6302063465118408 1.4407118558883667 -0.3638497292995453
v -0.3153851330280304 3.4166293144226074 -0.18208761513233185
v -0.24815520644187927 3.7200124263763428 -0.14327238500118256
v -0.22691836953163147 3.7810115814208984 -0.13101130723953247
v -0.22691836953163147 3.7810115814208984 -0.13101130723953247
v -0.3270069658756256 3.4571330547332764 -0.1887974739074707
v -0.19383281469345093 3.579669952392578 -0.11190937459468842
v -0.27359914779663086 3.608976364135742 -0.15796245634555817
v -0.29047974944114685 3.745445728302002 -0.16770847141742706
v -0.2642502784729004 3.851691961288452 -0.1525648832321167
v -0.3092348873615265 3.803985595703125 -0.17853675782680511
v -0.29347968101501465 3.8321385383605957 -0.16944049298763275
v -0.30623456835746765 3.7711246013641357 -0.1768045276403427
v -0.27026644349098206 3.7301342487335205 -0.1560383290052414
v -0.31064656376838684 3.505323886871338 -0.1793517917394638
v -0.32092222571372986 3.475626230239868 -0.18528443574905396
v -0.3019959628582001 3.396158218383789 -0.1743573695421219
v -0.3247072398662567 3.4369475841522217 -0.1874697357416153
v -0.5794481039047241 -2.3903656005859375 -0.33454445004463196
v -0.5359141230583191 -2.306229829788208 -0.30941009521484375
v -0.5852351188659668 -2.2603561878204346 -0.3378855884075165
v -0.6464660167694092 -2.327275514602661 -0.3732372522354126
v -0.33751925826072693 -2.293421983718872 -0.19486680626869202
v -0.3044089078903198 -2.384826898574829 -0.17575055360794067
v -0.2723304331302643 -2.253253936767578 -0.15723007917404175
v -0.23188212513923645 -2.3407957553863525 -0.1338772177696228
v -0.13322246074676514 -2.1765999794006348 -0.07691610604524612
v -0.10459591448307037 -2.270404577255249 -0.06038853898644447
v -0.06774182617664337 -2.154176712036133 -0.039110854268074036
v -0.04681234434247017 -2.2509219646453857 -0.027027186006307602
v -0.6333884000778198 1.0655195713043213 -0.3656868636608124
v -0.7155253887176514 1.047540307044983 -0.4131086766719818
v -0.6228686571121216 -2.0486886501312256 -0.359613299369812
v -0.7043265700340271 -2.0326778888702393 -0.4066430330276489
v -0.6283689737319946 1.038509488105774 -0.3627889156341553
v -0.7108049988746643 1.0262525081634521 -0.410383403301239
v -0.21905142068862915 3.8516926765441895 -0.12646931409835815
v -0.4586348831653595 -2.4189870357513428 1.521634374057612e-8
v -0.4777488112449646 -2.321666717529297 1.6147737369465176e-8
v -0.19355808198451996 -2.300630807876587 -4.526385311010017e-8
v -0.2362504005432129 -2.2110700607299805 -5.457801677266616e-8
v -0.8422505855560303 1.1762419939041138 6.661835527665971e-8
v -0.7464501857757568 1.1753616333007812 6.10299082381971e-8
v -0.577549934387207 -2.428467273712158 3.6188588126151444e-8
v -0.562408447265625 -2.3327090740203857 3.502433187918541e-8
v -0.8132855296134949 -2.23522686958313 5.7901708316876466e-8
v -0.7254350781440735 -2.2065205574035645 5.2778922565721587e-8
v -0.8049435019493103 -2.0088346004486084 6.079666547975648e-8
v -0.7108846306800842 -2.0245935916900635 5.5673879728601605e-8
v -0.32893693447113037 3.373971939086914 5.908310996005639e-8
v -0.2757583558559418 3.4444355964660645 5.0059369982591306e-8
v -0.2757583558559418 3.4444355964660645 5.0059369982591306e-8
v -0.39326387643814087 1.7096688747406006 4.647424844961279e-8
v -0.4825555980205536 1.7459052801132202 5.8347048081941466e-8
v -0.5107770562171936 1.5167640447616577 5.543778058836324e-8
v -0.5864785313606262 1.5776739120483398 5.916352563417604e-8
v -0.8255375623703003 1.2929006814956665 6.775037064699063e-8
v -0.7369979023933411 1.2591100931167603 6.309335986998121e-8
v -0.6527820229530334 1.378488302230835 6.114508721566381e-8
v -0.7276995778083801 1.4407118558883667 6.440505728733115e-8
v -0.36417534947395325 3.4166293144226074 6.7375019341398e-8
v -0.28654488921165466 3.7200124263763428 6.84060523781227e-8
v -0.2620227336883545 3.7810115814208984 5.670626634923792e-8
v -0.2620227336883545 3.7810115814208984 5.670626634923792e-8
v -0.37759506702423096 3.4571330547332764 7.034898885649454e-8
v -0.223818838596344 3.579669952392578 4.885013282773798e-8
v -0.3201420307159424 3.608976364135742 -0.002248212695121765
v -0.3354170620441437 3.745445728302002 7.2230420755659e-8
v -0.30512988567352295 3.851691961288452 7.201157359304489e-8
v -0.3570736348628998 3.803985595703125 7.381778743820178e-8
v -0.33888110518455505 3.8321385383605957 7.325495943177884e-8
v -0.353609174489975 3.7711246013641357 7.343352592670271e-8
v -0.31207677721977234 3.7301342487335205 7.045306915642868e-8
v -0.35870370268821716 3.505323886871338 7.016332403964043e-8
v -0.37056899070739746 3.475626230239868 7.04495306536046e-8
v -0.3487148582935333 3.396158218383789 6.367244509419834e-8
v -0.37493959069252014 3.4369475841522217 6.947576736138217e-8
v -0.6690889596939087 -2.3903656005859375 4.615634097149268e-8
v -0.6188202500343323 -2.306229829788208 4.243062434738931e-8
v -0.6757712960243225 -2.2603561878204346 4.787953855611704e-8
v -0.7464746236801147 -2.327275514602661 5.300238115069078e-8
v -0.3897336423397064 -2.293421983718872 -8.44216430095912e-9
v -0.35150110721588135 -2.384826898574829 -9.14071307533959e-9
v -0.3144601285457611 -2.253253936767578 -3.3290401546537396e-8
v -0.2677544057369232 -2.3407957553863525 -3.026331896194279e-8
v -0.1538320928812027 -2.1765999794006348 -6.806217811572424e-8
v -0.12077698111534119 -2.270404577255249 -5.339236963664007e-8
v -0.07822157442569733 -2.154176712036133 -7.65666925417463e-8
v -0.054054271429777145 -2.2509219646453857 -5.723980578409282e-8
v -0.7313738465309143 1.0655195713043213 5.8932101865138975e-8
v -0.8262174725532532 1.047540307044983 6.405488761629385e-8
v -0.7192267179489136 -2.0486886501312256 5.487439835860641e-8
v -0.8132861852645874 -2.0326778888702393 5.953146597903469e-8
v -0.7255779504776001 1.038509488105774 5.799535074402229e-8
v -0.8207669258117676 1.0262525081634521 6.265247520786943e-8
v -0.25293874740600586 3.8516926765441895 7.019528425189492e-8
v -0.3971894383430481 -2.4189870357513428 0.22931747138500214
v -0.4137426018714905 -2.321666717529297 0.2388744354248047
v -0.16762623190879822 -2.300630807876587 0.09677901118993759
v -0.20459887385368347 -2.2110700607299805 0.11812516301870346
v -0.7294103503227234 1.1762419939041138 0.4211253821849823
v -0.6464447975158691 1.1753616333007812 0.3732251822948456
v -0.5001729130744934 -2.428467273712158 0.2887749969959259
v -0.487060010433197 -2.3327090740203857 0.2812042534351349
v -0.7043259739875793 -2.23522686958313 0.4066428542137146
v -0.6282452344894409 -2.2065205574035645 0.3627176284790039
v -0.6971015334129333 -2.0088346004486084 0.4024718403816223
v -0.6156441569328308 -2.0245935916900635 0.3554424047470093
v -0.28486770391464233 3.373971939086914 0.16446852684020996
v -0.23881369829177856 3.4444355964660645 0.13787922263145447
v -0.23881369829177856 3.4444355964660645 0.13787922263145447
v -0.3405764698982239 1.7096688747406006 0.1966319978237152
v -0.41790536046028137 1.7459052801132202 0.24127785861492157
v -0.44234591722488403 1.5167640447616577 0.2553885877132416
v -0.5079053044319153 1.5776739120483398 0.2932393252849579
v -0.7149364948272705 1.2929006814956665 0.4127688705921173
v -0.6382589340209961 1.2591100931167603 0.3684990406036377
v -0.5653257966041565 1.378488302230835 0.3263910710811615
v -0.630206286907196 1.4407118558883667 0.36384984850883484
v -0.3153850734233856 3.4166293144226074 0.1820877343416214
v -0.2481551319360733 3.7200124263763428 0.1432725042104721
v -0.2269183099269867 3.7810115814208984 0.13101142644882202
v -0.2269183099269867 3.7810115814208984 0.13101142644882202
v -0.32700687646865845 3.4571330547332764 0.18879760801792145
v -0.19383276998996735 3.579669952392578 0.11190945655107498
v -0.27725112438201904 3.608976364135742 0.15782278776168823
v -0.2904796600341797 3.745445728302002 0.1677085906267166
v -0.2642501890659332 3.851691961288452 0.15256500244140625
v -0.3092347979545593 3.803985595703125 0.17853687703609467
v -0.2934795916080475 3.8321385383605957 0.1694406121969223
v -0.3062344789505005 3.7711246013641357 0.17680464684963226
v -0.2702663540840149 3.7301342487335205 0.15603844821453094
v -0.31064650416374207 3.505323886871338 0.17935191094875336
v -0.3209221363067627 3.475626230239868 0.1852845549583435
v -0.3019959032535553 3.396158218383789 0.17435748875141144
v -0.32470718026161194 3.4369475841522217 0.18746985495090485
v -0.5794480443000793 -2.3903656005859375 0.33454450964927673
v -0.5359140634536743 -2.306229829788208 0.3094101548194885
v -0.585235059261322 -2.2603561878204346 0.33788567781448364
v -0.6464659571647644 -2.327275514602661 0.37323737144470215
v -0.33751922845840454 -2.293421983718872 0.19486680626869202
v -0.30440887808799744 -2.384826898574829 0.17575055360794067
v -0.27233046293258667 -2.253253936767578 0.15723003447055817
v -0.23188214004039764 -2.3407957553863525 0.13387718796730042
v -0.1332225352525711 -2.1765999794006348 0.07691598683595657
v -0.10459596663713455 -2.270404577255249 0.06038844585418701
v -0.06774190068244934 -2.154176712036133 0.03911072015762329
v -0.046812400221824646 -2.2509219646453857 0.027027087286114693
v -0.633388340473175 1.0655195713043213 0.3656870126724243
v -0.7155253291130066 1.047540307044983 0.41310882568359375
v -0.6228685975074768 -2.0486886501312256 0.35961344838142395
v -0.7043265104293823 -2.0326778888702393 0.40664318203926086
v -0.6283689141273499 1.038509488105774 0.3627890646457672
v -0.7108049392700195 1.0262525081634521 0.41038355231285095
v -0.21905134618282318 3.8516926765441895 0.1264694333076477
v -0.22931747138500214 -2.4189870357513428 0.3971894383430481
v -0.2388744354248047 -2.321666717529297 0.4137426018714905
v -0.09677910059690475 -2.300630807876587 0.16762617230415344
v -0.11812527477741241 -2.2110700607299805 0.2045988142490387
v -0.4211253225803375 1.1762419939041138 0.7294103503227234
v -0.3732251524925232 1.1753616333007812 0.6464447975158691
v -0.2887749969959259 -2.428467273712158 0.5001729130744934
v -0.2812042534351349 -2.3327090740203857 0.487060010433197
v -0.4066427946090698 -2.23522686958313 0.7043259739875793
v -0.3627175986766815 -2.2065205574035645 0.6282452344894409
v -0.40247178077697754 -2.0088346004486084 0.6971015334129333
v -0.3554423451423645 -2.0245935916900635 0.6156441569328308
v -0.1644684374332428 3.373971939086914 0.2848677635192871
v -0.1378791481256485 3.4444355964660645 0.23881375789642334
v -0.1378791481256485 3.4444355964660645 0.23881375789642334
v -0.19663193821907043 1.7096688747406006 0.34057652950286865
v -0.2412777990102768 1.7459052801132202 0.41790542006492615
v -0.2553885579109192 1.5167640447616577 0.44234591722488403
v -0.2932392656803131 1.5776739120483398 0.5079053044319153
v -0.41276881098747253 1.2929006814956665 0.7149364948272705
v -0.3684989809989929 1.2591100931167603 0.6382588744163513
v -0.3263910412788391 1.378488302230835 0.5653257966041565
v -0.36384978890419006 1.4407118558883667 0.630206286907196
v -0.18208764493465424 3.4166293144226074 0.3153851330280304
v -0.14327241480350494 3.7200124263763428 0.24815519154071808
v -0.13101135194301605 3.7810115814208984 0.22691833972930908
v -0.13101135194301605 3.7810115814208984 0.22691833972930908
v -0.18879751861095428 3.4571330547332764 0.3270069360733032
v -0.1119093969464302 3.579669952392578 0.19383281469345093
v -0.1600709855556488 3.608976364135742 0.2750028967857361
v -0.16770850121974945 3.745445728302002 0.29047971963882446
v -0.1525649130344391 3.851691961288452 0.264250248670578
v -0.1785367876291275 3.803985595703125 0.3092348575592041
v -0.16944052278995514 3.8321385383605957 0.29347965121269226
v -0.1768045574426651 3.7711246013641357 0.30623453855514526
v -0.15603835880756378 3.7301342487335205 0.27026641368865967
v -0.1793518215417862 3.505323886871338 0.31064656376838684
v -0.18528446555137634 3.475626230239868 0.32092219591140747
v -0.17435739934444427 3.396158218383789 0.3019959628582001
v -0.18746976554393768 3.4369475841522217 0.3247072398662567
v -0.33454450964927673 -2.3903656005859375 0.5794480443000793
v -0.3094101548194885 -2.306229829788208 0.5359140634536743
v -0.33788564801216125 -2.2603561878204346 0.585235059261322
v -0.3732373118400574 -2.327275514602661 0.6464659571647644
v -0.1948668509721756 -2.293421983718872 0.33751922845840454
v -0.17575058341026306 -2.384826898574829 0.30440887808799744
v -0.15723010897636414 -2.253253936767578 0.2723304331302643
v -0.1338772475719452 -2.3407957553863525 0.23188211023807526
v -0.07691611349582672 -2.1765999794006348 0.13322246074676514
v -0.06038855016231537 -2.270404577255249 0.10459590703248978
v -0.039110857993364334 -2.154176712036133 0.06774182617664337
v -0.02702719159424305 -2.2509219646453857 0.04681234061717987
v -0.36568695306777954 1.0655195713043213 0.633388340473175
v -0.413108766078949 1.047540307044983 0.7155253291130066
v -0.3596133887767792 -2.0486886501312256 0.6228685975074768
v -0.4066431224346161 -2.0326778888702393 0.7043265104293823
v -0.36278900504112244 1.038509488105774 0.6283689141273499
v -0.4103834927082062 1.0262525081634521 0.7108049392700195
v -0.12646934390068054 3.8516926765441895 0.21905140578746796
v 3.526385228269646e-8 -2.4189870357513428 0.4586348831653595
v 3.7359541238402016e-8 -2.321666717529297 0.4777488112449646
v -3.680314364373771e-8 -2.300630807876587 0.19355808198451996
v -4.402166098316229e-8 -2.2110700607299805 0.2362504005432129
v 1.0343427447878639e-7 1.1762419939041138 0.8422505855560303
v 9.412013923792983e-8 1.1753616333007812 0.7464501857757568
v 6.143406494629744e-8 -2.428467273712158 0.577549934387207
v 6.003694608125443e-8 -2.3327090740203857 0.562408447265625
v 9.345184537323803e-8 -2.23522686958313 0.8132855296134949
v 8.087779690413299e-8 -2.2065205574035645 0.7254351377487183
v 9.598208094985239e-8 -2.0088346004486084 0.8049435019493103
v 8.480507318608943e-8 -2.0245935916900635 0.7108846306800842
v 7.34618836872869e-8 3.373971939086914 0.32893693447113037
v 5.75024152738024e-8 3.4444355964660645 0.2757583558559418
v 5.75024152738024e-8 3.4444355964660645 0.2757583558559418
v 5.597383534450273e-8 1.7096688747406006 0.39326387643814087
v 7.944051105823746e-8 1.7459052801132202 0.4825555980205536
v 7.408831947941508e-8 1.5167640447616577 0.5107770562171936
v 8.479960911245144e-8 1.5776739120483398 0.5864785313606262
v 1.038360579741493e-7 1.2929006814956665 0.8255375623703003
v 9.359042962842068e-8 1.2591099739074707 0.7369979023933411
v 8.783124627598227e-8 1.378488302230835 0.6527820229530334
v 9.621400209880449e-8 1.4407118558883667 0.7276995778083801
v 8.329475065238512e-8 3.4166293144226074 0.36417534947395325
v 8.093154946209324e-8 3.7200124263763428 0.28654488921165466
v 6.96621995643909e-8 3.7810115814208984 0.2620227336883545
v 6.96621995643909e-8 3.7810115814208984 0.2620227336883545
v 8.685424290888477e-8 3.4571330547332764 0.37759506702423096
v 4.915507645364414e-8 3.579669952392578 0.223818838596344
v 8.339199553120125e-8 3.608976364135742 0.31789374351501465
v 8.689181640875177e-8 3.745445728302002 0.3354170620441437
v 8.534908602086944e-8 3.851691961288452 0.30512988567352295
v 8.942575391301943e-8 3.803985595703125 0.3570736348628998
v 8.806760831703286e-8 3.8321385383605957 0.33888110518455505
v 8.889011837709404e-8 3.7711246013641357 0.353609174489975
v 8.409414675725202e-8 3.7301342487335205 0.31207677721977234
v 8.584307664705193e-8 3.505323886871338 0.35870370268821716
v 8.664697048743619e-8 3.475626230239868 0.37056899070739746
v 7.891634368206724e-8 3.396158218383789 0.3487148582935333
v 8.586563637891231e-8 3.4369475841522217 0.37493959069252014
v 7.540295854369106e-8 -2.3903656005859375 0.6690889596939087
v 7.121155221057052e-8 -2.306229829788208 0.6188202500343323
v 7.771470222905918e-8 -2.2603561878204346 0.6757712960243225
v 8.56317399211548e-8 -2.327275514602661 0.7464746236801147
v 8.785249860920885e-9 -2.293421983718872 0.38973361253738403
v 6.2238569853434456e-9 -2.384826898574829 0.35150110721588135
v -1.949080363772282e-8 -2.253253936767578 0.3144601285457611
v -1.855936737626962e-8 -2.3407957553863525 0.2677544057369232
v -6.092005833124858e-8 -2.1765999794006348 0.1538320928812027
v -4.8113065531651955e-8 -2.270404577255249 0.12077698111534119
v -7.292323545016188e-8 -2.154176712036133 0.07822156697511673
v -5.487704157758344e-8 -2.2509219646453857 0.054054271429777145
v 8.713055876796716e-8 1.0655195713043213 0.7313738465309143
v 1.0017026852437994e-7 1.047540307044983 0.8262174725532532
v 8.250761140971008e-8 -2.0486886501312256 0.7192267179489136
v 9.508171672223398e-8 -2.0326778888702393 0.8132861852645874
v 8.502423298750728e-8 1.038509488105774 0.7255779504776001
v 9.852971771806551e-8 1.0262525081634521 0.8207669258117676
v 8.125159212113431e-8 3.8516926765441895 0.25293874740600586
v 0.2293175309896469 -2.4189870357513428 0.3971893787384033
v 0.23887449502944946 -2.321666717529297 0.4137425422668457
v 0.09677903354167938 -2.300630807876587 0.16762621700763702
v 0.11812519282102585 -2.2110700607299805 0.20459885895252228
v 0.42112547159194946 1.1762419939041138 0.7294102907180786
v 0.37322527170181274 1.1753616333007812 0.6464447975158691
v 0.2887750566005707 -2.428467273712158 0.5001728534698486
v 0.28120431303977966 -2.3327090740203857 0.48705995082855225
v 0.40664294362068176 -2.23522686958313 0.7043258547782898
v 0.36271771788597107 -2.2065205574035645 0.6282451152801514
v 0.4024719297885895 -2.0088346004486084 0.6971014142036438
v 0.35544246435165405 -2.0245935916900635 0.6156440377235413
v 0.16446857154369354 3.373971939086914 0.28486767411231995
v 0.13787925243377686 3.4444355964660645 0.23881365358829498
v 0.13787925243377686 3.4444355964660645 0.23881365358829498
v 0.1966320276260376 1.7096688747406006 0.3405764698982239
v 0.24127791821956635 1.7459052801132202 0.4179053008556366
v 0.25538867712020874 1.5167640447616577 0.44234585762023926
v 0.29323941469192505 1.5776739120483398 0.5079052448272705
v 0.4127689599990845 1.2929006814956665 0.714936375617981
v 0.36849910020828247 1.2591099739074707 0.6382588148117065
v 0.32639116048812866 1.378488302230835 0.5653257369995117
v 0.363849937915802 1.4407118558883667 0.6302062273025513
v 0.18208777904510498 3.4166293144226074 0.31538501381874084
v 0.1432725340127945 3.7200124263763428 0.24815510213375092
v 0.1310114562511444 3.7810115814208984 0.2269182801246643
v 0.1310114562511444 3.7810115814208984 0.2269182801246643
v 0.18879765272140503 3.4571330547332764 0.32700684666633606
v 0.11190949380397797 3.579669952392578 0.19383272528648376
v 0.16007111966609955 3.608976364135742 0.27500277757644653
v 0.1677086353302002 3.745445728302002 0.2904796302318573
v 0.15256504714488983 3.851691961288452 0.26425015926361084
v 0.17853692173957825 3.803985595703125 0.30923476815223694
v 0.16944065690040588 3.8321385383605957 0.2934795618057251
v 0.17680469155311584 3.7711246013641357 0.3062344491481781
v 0.15603849291801453 3.7301342487335205 0.2702663242816925
v 0.17935195565223694 3.505323886871338 0.3106464445590973
v 0.1852845996618271 3.475626230239868 0.3209221065044403
v 0.17435753345489502 3.396158218383789 0.3019958436489105
v 0.18746989965438843 3.4369475841522217 0.32470712065696716
v 0.3345445990562439 -2.3903656005859375 0.5794479846954346
v 0.3094102442264557 -2.306229829788208 0.5359140038490295
v 0.3378857672214508 -2.2603561878204346 0.5852349996566772
v 0.3732374608516693 -2.327275514602661 0.6464658975601196
v 0.1948668658733368 -2.293421983718872 0.33751916885375977
v 0.17575059831142426 -2.384826898574829 0.30440884828567505
v 0.15723007917404175 -2.253253936767578 0.2723304331302643
v 0.1338772177696228 -2.3407957553863525 0.23188211023807526
v 0.07691600918769836 -2.1765999794006348 0.1332225203514099
v 0.060388460755348206 -2.270404577255249 0.10459595173597336
v 0.03911072760820389 -2.154176712036133 0.06774190068244934
v 0.02702709287405014 -2.2509219646453857 0.04681239649653435
v 0.3656870722770691 1.0655195713043213 0.6333882212638855
v 0.4131089150905609 1.047540307044983 0.715525209903717
v 0.3596135079860687 -2.0486886501312256 0.6228684782981873
v 0.406643271446228 -2.0326778888702393 0.7043263912200928
v 0.362789124250412 1.038509488105774 0.6283688545227051
v 0.4103836417198181 1.0262525081634521 0.7108048796653748
v 0.1264694631099701 3.8516926765441895 0.2190513163805008
v 0.3971894681453705 -2.4189870357513428 0.22931739687919617
v 0.41374263167381287 -2.321666717529297 0.23887436091899872
v 0.16762618720531464 -2.300630807876587 0.09677907079458237
v 0.2045988291501999 -2.2110700607299805 0.11812523752450943
v 0.7294104099273682 1.1762419939041138 0.4211251735687256
v 0.6464448571205139 1.1753616333007812 0.37322500348091125
v 0.5001729726791382 -2.428467273712158 0.28877490758895874
v 0.4870600700378418 -2.3327090740203857 0.2812041640281677
v 0.7043260335922241 -2.23522686958313 0.4066426753997803
v 0.6282452940940857 -2.2065205574035645 0.36271747946739197
v 0.6971015930175781 -2.0088346004486084 0.402471661567688
v 0.6156442165374756 -2.0245935916900635 0.35544222593307495
v 0.2848677933216095 3.373971939086914 0.16446839272975922
v 0.23881375789642334 3.4444355964660645 0.1378791183233261
v 0.23881375789642334 3.4444355964660645 0.1378791183233261
v 0.34057652950286865 1.7096688747406006 0.19663187861442566
v 0.41790544986724854 1.7459052801132202 0.24127772450447083
v 0.44234591722488403 1.5167640447616577 0.255388468503952
v 0.5079053044319153 1.5776739120483398 0.29323917627334595
v 0.7149365544319153 1.2929006814956665 0.412768691778183
v 0.6382589340209961 1.2591100931167603 0.36849886178970337
v 0.5653258562088013 1.378488302230835 0.32639095187187195
v 0.6302063465118408 1.4407118558883667 0.3638496994972229
v 0.3153851330280304 3.4166293144226074 0.18208760023117065
v 0.24815520644187927 3.7200124263763428 0.14327237010002136
v 0.22691836953163147 3.7810115814208984 0.13101130723953247
v 0.22691836953163147 3.7810115814208984 0.13101130723953247
v 0.3270069658756256 3.4571330547332764 0.1887974590063095
v 0.19383281469345093 3.579669952392578 0.11190935969352722
v 0.2772511839866638 3.608976364135742 0.1578226387500763
v 0.29047974944114685 3.745445728302002 0.16770845651626587
v 0.2642502784729004 3.851691961288452 0.1525648683309555
v 0.3092348873615265 3.803985595703125 0.17853674292564392
v 0.29347968101501465 3.8321385383605957 0.16944047808647156
v 0.30623456835746765 3.7711246013641357 0.17680451273918152
v 0.27026644349098206 3.7301342487335205 0.1560383141040802
v 0.31064656376838684 3.505323886871338 0.1793517768383026
v 0.32092222571372986 3.475626230239868 0.18528442084789276
v 0.3019959628582001 3.396158218383789 0.1743573546409607
v 0.3247072398662567 3.4369475841522217 0.1874697208404541
v 0.5794481039047241 -2.3903656005859375 0.33454442024230957
v 0.5359141230583191 -2.306229829788208 0.30941006541252136
v 0.5852351188659668 -2.2603561878204346 0.3378855586051941
v 0.6464660167694092 -2.327275514602661 0.3732372224330902
v 0.33751922845840454 -2.293421983718872 0.19486680626869202
v 0.3044089078903198 -2.384826898574829 0.17575053870677948
v 0.27233046293258667 -2.253253936767578 0.15723006427288055
v 0.23188212513923645 -2.3407957553863525 0.1338772028684616
v 0.13322247564792633 -2.1765999794006348 0.07691609859466553
v 0.10459591448307037 -2.270404577255249 0.060388531535863876
v 0.06774182617664337 -2.154176712036133 0.03911084681749344
v 0.04681234434247017 -2.2509219646453857 0.027027182281017303
v 0.6333884000778198 1.0655195713043213 0.36568683385849
v 0.7155253887176514 1.047540307044983 0.4131086468696594
v 0.6228686571121216 -2.0486886501312256 0.3596132695674896
v 0.7043265700340271 -2.0326778888702393 0.40664300322532654
v 0.6283689737319946 1.038509488105774 0.3627888858318329
v 0.7108049988746643 1.0262525081634521 0.4103833734989166
v 0.21905142068862915 3.8516926765441895 0.12646929919719696
v 0.4586348831653595 -2.4189870357513428 -6.379390349309233e-10
v 0.4777488112449646 -2.321666717529297 -8.125762285260407e-10
v 0.19355808198451996 -2.300630807876587 5.141641068462377e-8
v 0.2362504005432129 -2.2110700607299805 6.236049898689089e-8
v 0.8422505855560303 1.1762419939041138 -3.9846000277066196e-8
v 0.7464501857757568 1.1753616333007812 -3.9845943433647335e-8
v 0.577549934387207 -2.428467273712158 -1.7830290133247217e-8
v 0.562408447265625 -2.3327090740203857 -1.7364575555234296e-8
v 0.8132855296134949 -2.23522686958313 -3.205002485628938e-8
v 0.7254350781440735 -2.2065205574035645 -3.158430672556278e-8
v 0.8049435019493103 -2.0088346004486084 -3.5210113935590925e-8
v 0.7108846306800842 -2.0245935916900635 -3.5210113935590925e-8
v 0.32893693447113037 3.373971939086914 -4.862705438313242e-8
v 0.2757583558559418 3.4444355964660645 -4.192613900499964e-8
v 0.2757583558559418 3.4444355964660645 -4.192613900499964e-8
v 0.39326387643814087 1.7096688747406006 -3.208225507478346e-8
v 0.4825555980205536 1.7459052801132202 -4.300806466517315e-8
v 0.5107770562171936 1.5167640447616577 -3.819290128603825e-8
v 0.5864785313606262 1.5776739120483398 -4.052143509625239e-8
v 0.8255375623703003 1.2929006814956665 -4.150929910906598e-8
v 0.7369979023933411 1.2591100931167603 -4.104363782175824e-8
v 0.6527820229530334 1.378488302230835 -4.1273931827845445e-8
v 0.7276995778083801 1.4407118558883667 -4.1273931827845445e-8
v 0.36417534947395325 3.4166293144226074 -5.5799699083536325e-8
v 0.28654488921165466 3.7200124263763428 -5.9297654786405474e-8
v 0.2620227336883545 3.7810115814208984 -5.123509438931251e-8
v 0.2620227336883545 3.7810115814208984 -5.123509438931251e-8
v 0.37759506702423096 3.4571330547332764 -5.834617411437648e-8
v 0.223818838596344 3.579669952392578 -4.020525423698018e-8
v 0.3201420307159424 3.608976364135742 -0.0022483617067337036
v 0.3354170620441437 3.745445728302002 -6.156818699309952e-8
v 0.30512988567352295 3.851691961288452 -6.2312416559962e-8
v 0.3570736348628998 3.803985595703125 -6.24672651383662e-8
v 0.33888110518455505 3.8321385383605957 -6.248269812658691e-8
v 0.353609174489975 3.7711246013641357 -6.219306669663638e-8
v 0.31207677721977234 3.7301342487335205 -6.053292622709705e-8
v 0.35870370268821716 3.505323886871338 -5.87613619984495e-8
v 0.37056899070739746 3.475626230239868 -5.866990804292982e-8
v 0.3487148582935333 3.396158218383789 -5.25882590807214e-8
v 0.37493959069252014 3.4369475841522217 -5.755786602890112e-8
v 0.6690889596939087 -2.3903656005859375 -2.4888157312830117e-8
v 0.6188202500343323 -2.306229829788208 -2.3956749473086347e-8
v 0.6757712960243225 -2.2603561878204346 -2.8808557317461236e-8
v 0.7464746236801147 -2.327275514602661 -2.9274275448187836e-8
v 0.38973361253738403 -2.293421983718872 2.12450927961072e-8
v 0.35150110721588135 -2.384826898574829 2.0313656534654e-8
v 0.3144601285457611 -2.253253936767578 4.34313420782928e-8
v 0.2677544057369232 -2.3407957553863525 3.877424603615509e-8
v 0.1538320928812027 -2.1765999794006348 7.37640064585321e-8
v 0.12077698111534119 -2.270404577255249 5.723141072166982e-8
v 0.07822157442569733 -2.154176712036133 7.933270751436794e-8
v 0.054054271429777145 -2.2509219646453857 5.895800825328479e-8
v 0.7313738465309143 1.0655195713043213 -3.779210899779173e-8
v 0.8262174725532532 1.047540307044983 -3.779210899779173e-8
v 0.7192267179489136 -2.0486886501312256 -3.367978251844761e-8
v 0.8132861852645874 -2.0326778888702393 -3.367978251844761e-8
v 0.7255779504776001 1.038509488105774 -3.6562958882768726e-8
v 0.8207669258117676 1.0262525081634521 -3.6562958882768726e-8
v 0.25293874740600586 3.8516926765441895 -6.215524450681187e-8
v 0.3971894681453705 -2.4189870357513428 -0.22931739687919617
v 0.41374263167381287 -2.321666717529297 -0.23887436091899872
v 0.1676262468099594 -2.300630807876587 -0.0967789813876152
v 0.20459888875484467 -2.2110700607299805 -0.11812513321638107
v 0.7294104099273682 1.1762419939041138 -0.42112523317337036
v 0.6464448571205139 1.1753616333007812 -0.37322503328323364
v 0.5001729726791382 -2.428467273712158 -0.28877490758895874
v 0.4870600700378418 -2.3327090740203857 -0.2812041640281677
v 0.7043260335922241 -2.23522686958313 -0.40664273500442505
v 0.6282452940940857 -2.2065205574035645 -0.36271750926971436
v 0.6971015930175781 -2.0088346004486084 -0.40247172117233276
v 0.6156442165374756 -2.0245935916900635 -0.3554422855377197
v 0.2848677337169647 3.373971939086914 -0.16446848213672638
v 0.23881369829177856 3.4444355964660645 -0.1378791779279709
v 0.23881369829177856 3.4444355964660645 -0.1378791779279709
v 0.34057649970054626 1.7096688747406006 -0.19663193821907043
v 0.41790539026260376 1.7459052801132202 -0.2412777841091156
v 0.44234591722488403 1.5167640447616577 -0.2553884983062744
v 0.5079053044319153 1.5776739120483398 -0.2932392358779907
v 0.7149365544319153 1.2929006814956665 -0.41276875138282776
v 0.6382589340209961 1.2591100931167603 -0.36849892139434814
v 0.5653258562088013 1.378488302230835 -0.32639098167419434
v 0.6302063465118408 1.4407118558883667 -0.3638497591018677
v 0.3153850734233856 3.4166293144226074 -0.18208768963813782
v 0.2481551468372345 3.7200124263763428 -0.14327245950698853
v 0.22691833972930908 3.7810115814208984 -0.13101138174533844
v 0.22691833972930908 3.7810115814208984 -0.13101138174533844
v 0.32700690627098083 3.4571330547332764 -0.18879754841327667
v 0.19383276998996735 3.579669952392578 -0.1119094118475914
v 0.2735990881919861 3.608976364135742 -0.15796253085136414
v 0.2904796898365021 3.745445728302002 -0.16770854592323303
v 0.2642502188682556 3.851691961288452 -0.15256495773792267
v 0.3092348277568817 3.803985595703125 -0.17853683233261108
v 0.2934796214103699 3.8321385383605957 -0.16944056749343872
v 0.3062345087528229 3.7711246013641357 -0.17680460214614868
v 0.2702663838863373 3.7301342487335205 -0.15603840351104736
v 0.31064650416374207 3.505323886871338 -0.17935186624526978
v 0.3209221661090851 3.475626230239868 -0.18528451025485992
v 0.3019959032535553 3.396158218383789 -0.17435744404792786
v 0.32470718026161194 3.4369475841522217 -0.18746981024742126
v 0.5794481039047241 -2.3903656005859375 -0.33454442024230957
v 0.5359141230583191 -2.306229829788208 -0.30941006541252136
v 0.5852351188659668 -2.2603561878204346 -0.33788561820983887
v 0.6464660167694092 -2.327275514602661 -0.373237282037735
v 0.33751925826072693 -2.293421983718872 -0.19486676156520844
v 0.3044089078903198 -2.384826898574829 -0.1757505089044571
v 0.27233049273490906 -2.253253936767578 -0.15722998976707458
v 0.23188215494155884 -2.3407957553863525 -0.13387714326381683
v 0.1332225501537323 -2.1765999794006348 -0.07691596448421478
v 0.10459597408771515 -2.270404577255249 -0.06038842722773552
v 0.06774191558361053 -2.154176712036133 -0.039110708981752396
v 0.046812403947114944 -2.2509219646453857 -0.027027077972888947
v 0.6333884000778198 1.0655195713043213 -0.36568689346313477
v 0.7155253887176514 1.047540307044983 -0.4131087064743042
v 0.6228686571121216 -2.0486886501312256 -0.359613299369812
v 0.7043265700340271 -2.0326778888702393 -0.4066430628299713
v 0.6283689737319946 1.038509488105774 -0.36278894543647766
v 0.7108049988746643 1.0262525081634521 -0.4103834331035614
v 0.21905136108398438 3.8516926765441895 -0.12646938860416412
v 0.2293173372745514 -2.4189870357513428 -0.39718952775001526
v 0.23887430131435394 -2.321666717529297 -0.41374269127845764
v 0.09677904099225998 -2.300630807876587 -0.16762621700763702
v 0.11812520772218704 -2.2110700607299805 -0.20459885895252228
v 0.42112505435943604 1.1762419939041138 -0.7294105291366577
v 0.3732248842716217 1.1753616333007812 -0.6464449763298035
v 0.2887748181819916 -2.428467273712158 -0.500173032283783
v 0.28120407462120056 -2.3327090740203857 -0.4870601296424866
v 0.40664252638816833 -2.23522686958313 -0.7043260931968689
v 0.36271733045578003 -2.2065205574035645 -0.6282453536987305
v 0.40247154235839844 -2.0088346004486084 -0.6971016526222229
v 0.3554421067237854 -2.0245935916900635 -0.6156442761421204
v 0.16446834802627563 3.373971939086914 -0.2848678231239319
v 0.13787905871868134 3.4444355964660645 -0.23881380259990692
v 0.13787905871868134 3.4444355964660645 -0.23881380259990692
v 0.19663181900978088 1.7096688747406006 -0.3405765891075134
v 0.24127764999866486 1.7459052801132202 -0.4179055094718933
v 0.25538837909698486 1.5167640447616577 -0.4423460364341736
v 0.2932390868663788 1.5776739120483398 -0.5079054236412048
v 0.41276854276657104 1.2929006814956665 -0.7149366140365601
v 0.3684987425804138 1.2591099739074707 -0.6382589936256409
v 0.3263908326625824 1.378488302230835 -0.565325915813446
v 0.36384958028793335 1.4407118558883667 -0.6302064061164856
v 0.18208754062652588 3.4166293144226074 -0.31538519263267517
v 0.14327232539653778 3.7200124263763428 -0.24815523624420166
v 0.1310112625360489 3.7810115814208984 -0.22691841423511505
v 0.1310112625360489 3.7810115814208984 -0.22691841423511505
v 0.18879739940166473 3.4571330547332764 -0.327006995677948
v 0.11190931499004364 3.579669952392578 -0.1938328742980957
v 0.1579623967409134 3.608976364135742 -0.27359920740127563
v 0.1677084118127823 3.745445728302002 -0.29047977924346924
v 0.15256482362747192 3.851691961288452 -0.2642503082752228
v 0.17853668332099915 3.803985595703125 -0.3092349171638489
v 0.16944043338298798 3.8321385383605957 -0.29347971081733704
v 0.17680445313453674 3.7711246013641357 -0.30623459815979004
v 0.15603826940059662 3.7301342487335205 -0.27026647329330444
v 0.17935171723365784 3.505323886871338 -0.3106466233730316
v 0.18528436124324799 3.475626230239868 -0.32092225551605225
v 0.17435729503631592 3.396158218383789 -0.30199602246284485
v 0.18746966123580933 3.4369475841522217 -0.3247072994709015
v 0.3345443308353424 -2.3903656005859375 -0.5794481635093689
v 0.3094099760055542 -2.306229829788208 -0.5359141826629639
v 0.33788543939590454 -2.2603561878204346 -0.5852351784706116
v 0.37323710322380066 -2.327275514602661 -0.646466076374054
v 0.19486673176288605 -2.293421983718872 -0.3375192880630493
v 0.1757504791021347 -2.384826898574829 -0.3044089376926422
v 0.15723003447055817 -2.253253936767578 -0.27233046293258667
v 0.13387717306613922 -2.3407957553863525 -0.23188215494155884
v 0.07691607624292374 -2.1765999794006348 -0.13322249054908752
v 0.060388512909412384 -2.270404577255249 -0.10459592938423157
v 0.03911083936691284 -2.154176712036133 -0.06774184107780457
v 0.027027174830436707 -2.2509219646453857 -0.046812351793050766
v 0.36568668484687805 1.0655195713043213 -0.6333884000778198
v 0.4131084978580475 1.047540307044983 -0.7155254483222961
v 0.3596131205558777 -2.0486886501312256 -0.6228687167167664
v 0.4066428542137146 -2.0326778888702393 -0.7043266296386719
v 0.36278873682022095 1.038509488105774 -0.6283690333366394
v 0.4103832244873047 1.0262525081634521 -0.7108051180839539
v 0.12646926939487457 3.8516926765441895 -0.21905145049095154
v -1.9200253831286318e-8 1.8661231994628906 -0.38277870416641235
v -1.9200253831286318e-8 1.8661231994628906 -0.38277870416641235
v -0.19138938188552856 1.8661231994628906 -0.33149605989456177
v -0.33149614930152893 1.8661231994628906 -0.1913893222808838
v -0.38277870416641235 1.8661231994628906 4.5720561558937334e-8
v -0.33149605989456177 1.8661231994628906 0.19138941168785095
v -0.19138936698436737 1.8661231994628906 0.33149611949920654
v 5.967380189986216e-8 1.8661231994628906 0.38277870416641235
v 0.19138944149017334 1.8661231994628906 0.3314960300922394
v 0.33149614930152893 1.8661231994628906 0.1913892924785614
v 0.38277870416641235 1.8661231994628906 -3.5260409703141704e-8
v 0.33149608969688416 1.8661231994628906 -0.19138935208320618
v 0.19138923287391663 1.8661231994628906 -0.3314962089061737
vt 0 -2.4189772605895996
vt 1 -2.4189772605895996
vt 0 -2.4189772605895996
vt 1 -2.4189772605895996
vt 0 -2.2396421432495117
vt 0.0833333358168602 -2.2396421432495117
vt 0.1666666716337204 -2.2396421432495117
vt 0.25 -2.2396421432495117
vt 0.3333333432674408 -2.2396421432495117
vt 0.4166666865348816 -2.2396421432495117
vt 0.5 -2.2396421432495117
vt 0.5833333730697632 -2.2396421432495117
vt 0.6666666865348816 -2.2396421432495117
vt 0.75 -2.2396421432495117
vt 0.8333333730697632 -2.2396421432495117
vt 0.9166666865348816 -2.2396421432495117
vt 0 -2.2396421432495117
vt 0.0833333358168602 -2.2396421432495117
vt 0.1666666716337204 -2.2396421432495117
vt 0.25 -2.2396421432495117
vt 0.3333333432674408 -2.2396421432495117
vt 0.4166666865348816 -2.2396421432495117
vt 0.5 -2.2396421432495117
vt 0.5833333730697632 -2.2396421432495117
vt 0.6666666865348816 -2.2396421432495117
vt 0.75 -2.2396421432495117
vt 0.8333333730697632 -2.2396421432495117
vt 0.9166666865348816 -2.2396421432495117
vt 0 -2.300621747970581
vt 1 -2.300621747970581
vt 0 -2.300621747970581
vt 1 -2.300621747970581
vt 0 1.1762418746948242
vt 1 1.1762418746948242
vt 0 1.1762418746948242
vt 1 1.1762418746948242
vt 0 -2.428457736968994
vt 1 -2.428457736968994
vt 0 -2.428457736968994
vt 1 -2.428457736968994
vt 0 -2.2352240085601807
vt 1 -2.2352240085601807
vt 0 -2.2352240085601807
vt 1 -2.2352240085601807
vt 0 -2.008836269378662
vt 1 -2.008836269378662
vt 0 -2.008836269378662
vt 1 -2.008836269378662
vt 0 3.4904403686523438
vt 0 3.3739748001098633
vt 1 3.4904403686523438
vt 1 3.3739748001098633
vt 0 3.3739748001098633
vt 1 3.3739748001098633
vt 0 1.7459022998809814
vt 1 1.7459022998809814
vt 0 1.7459022998809814
vt 1 1.7459022998809814
vt 0 1.5776678323745728
vt 1 1.5776678323745728
vt 0 1.5776678323745728
vt 1 1.5776678323745728
vt 0 1.292897343635559
vt 1 1.292897343635559
vt 0 1.292897343635559
vt 1 1.292897343635559
vt 0 1.44070565700531
vt 1 1.44070565700531
vt 0 1.44070565700531
vt 1 1.44070565700531
vt 0 3.4166345596313477
vt 1 3.4166345596313477
vt 0 3.851682662963867
vt 0 3.7200160026550293
vt 1 3.851682662963867
vt 1 3.7200160026550293
vt 0 3.7200160026550293
vt 1 3.7200160026550293
vt 0 3.457131862640381
vt 1 3.457131862640381
vt 0 3.597205638885498
vt 1 3.597205638885498
vt 0 3.597205638885498
vt 1 3.597205638885498
vt 0 3.745452642440796
vt 1 3.745452642440796
vt 0 3.851682662963867
vt 1 3.851682662963867
vt 0 3.803983449935913
vt 1 3.803983449935913
vt 0 3.8321316242218018
vt 1 3.8321316242218018
vt 0 3.771127939224243
vt 1 3.771127939224243
vt 0 3.7301430702209473
vt 1 3.7301430702209473
vt 0 3.4904403686523438
vt 1 3.4904403686523438
vt 0 3.475621461868286
vt 1 3.475621461868286
vt 0 3.3961644172668457
vt 1 3.3961644172668457
vt 0 3.436950445175171
vt 1 3.436950445175171
vt 0 -2.390357255935669
vt 1 -2.390357255935669
vt 0 -2.390357255935669
vt 1 -2.390357255935669
vt 0 -2.3272688388824463
vt 1 -2.3272688388824463
vt 0 -2.3272688388824463
vt 1 -2.3272688388824463
vt 0 -2.3848178386688232
vt 1 -2.3848178386688232
vt 0 -2.3848178386688232
vt 1 -2.3848178386688232
vt 0 -2.340786933898926
vt 1 -2.340786933898926
vt 0 -2.340786933898926
vt 1 -2.340786933898926
vt 0 -2.270395278930664
vt 1 -2.270395278930664
vt 0 -2.270395278930664
vt 1 -2.270395278930664
vt 0 -2.2509121894836426
vt 1 -2.2509121894836426
vt 0 -2.2509121894836426
vt 1 -2.2509121894836426
vt 0 1.0475420951843262
vt 1 1.0475420951843262
vt 0 1.0475420951843262
vt 1 1.0475420951843262
vt 0 -2.032679557800293
vt 1 -2.032679557800293
vt 0 -2.032679557800293
vt 1 -2.032679557800293
vt 0 1.0262537002563477
vt 1 1.0262537002563477
vt 0 1.0262537002563477
vt 1 1.0262537002563477
vt 0 3.851682662963867
vt 1 3.851682662963867
vt 0.0833333358168602 -2.4189772605895996
vt 0.0833333358168602 -2.4189772605895996
vt 0.0833333358168602 -2.300621747970581
vt 0.0833333358168602 -2.300621747970581
vt 0.0833333358168602 1.1762418746948242
vt 0.0833333358168602 1.1762418746948242
vt 0.0833333358168602 -2.428457736968994
vt 0.0833333358168602 -2.428457736968994
vt 0.0833333358168602 -2.2352240085601807
vt 0.0833333358168602 -2.2352240085601807
vt 0.0833333358168602 -2.008836269378662
vt 0.0833333358168602 -2.008836269378662
vt 0.0833333358168602 3.3739748001098633
vt 0.0833333358168602 3.4904403686523438
vt 0.0833333358168602 3.3739748001098633
vt 0.0833333358168602 1.7459022998809814
vt 0.0833333358168602 1.7459022998809814
vt 0.0833333358168602 1.5776678323745728
vt 0.0833333358168602 1.5776678323745728
vt 0.0833333358168602 1.292897343635559
vt 0.0833333358168602 1.292897343635559
vt 0.0833333358168602 1.44070565700531
vt 0.0833333358168602 1.44070565700531
vt 0.0833333358168602 3.4166345596313477
vt 0.0833333358168602 3.7200160026550293
vt 0.0833333358168602 3.851682662963867
vt 0.0833333358168602 3.7200160026550293
vt 0.0833333358168602 3.457131862640381
vt 0.0833333358168602 3.597205638885498
vt 0.0833333358168602 3.597205638885498
vt 0.0833333358168602 3.745452642440796
vt 0.0833333358168602 3.851682662963867
vt 0.0833333358168602 3.803983449935913
vt 0.0833333358168602 3.8321316242218018
vt 0.0833333358168602 3.771127939224243
vt 0.0833333358168602 3.7301430702209473
vt 0.0833333358168602 3.4904403686523438
vt 0.0833333358168602 3.475621461868286
vt 0.0833333358168602 3.3961644172668457
vt 0.0833333358168602 3.436950445175171
vt 0.0833333358168602 -2.390357255935669
vt 0.0833333358168602 -2.390357255935669
vt 0.0833333358168602 -2.3272688388824463
vt 0.0833333358168602 -2.3272688388824463
vt 0.0833333358168602 -2.3848178386688232
vt 0.0833333358168602 -2.3848178386688232
vt 0.0833333358168602 -2.340786933898926
vt 0.0833333358168602 -2.340786933898926
vt 0.0833333358168602 -2.270395278930664
vt 0.0833333358168602 -2.270395278930664
vt 0.0833333358168602 -2.2509121894836426
vt 0.0833333358168602 -2.2509121894836426
vt 0.0833333358168602 1.0475420951843262
vt 0.0833333358168602 1.0475420951843262
vt 0.0833333358168602 -2.032679557800293
vt 0.0833333358168602 -2.032679557800293
vt 0.0833333358168602 1.0262537002563477
vt 0.0833333358168602 1.0262537002563477
vt 0.0833333358168602 3.851682662963867
vt 0.1666666716337204 -2.4189772605895996
vt 0.1666666716337204 -2.4189772605895996
vt 0.1666666716337204 -2.300621747970581
vt 0.1666666716337204 -2.300621747970581
vt 0.1666666716337204 1.1762418746948242
vt 0.1666666716337204 1.1762418746948242
vt 0.1666666716337204 -2.428457736968994
vt 0.1666666716337204 -2.428457736968994
vt 0.1666666716337204 -2.2352240085601807
vt 0.1666666716337204 -2.2352240085601807
vt 0.1666666716337204 -2.008836269378662
vt 0.1666666716337204 -2.008836269378662
vt 0.1666666716337204 3.3739748001098633
vt 0.1666666716337204 3.4904403686523438
vt 0.1666666716337204 3.3739748001098633
vt 0.1666666716337204 1.7459022998809814
vt 0.1666666716337204 1.7459022998809814
vt 0.1666666716337204 1.5776678323745728
vt 0.1666666716337204 1.5776678323745728
vt 0.1666666716337204 1.292897343635559
vt 0.1666666716337204 1.292897343635559
vt 0.1666666716337204 1.44070565700531
vt 0.1666666716337204 1.44070565700531
vt 0.1666666716337204 3.4166345596313477
vt 0.1666666716337204 3.7200160026550293
vt 0.1666666716337204 3.851682662963867
vt 0.1666666716337204 3.7200160026550293
vt 0.1666666716337204 3.457131862640381
vt 0.1666666716337204 3.597205638885498
vt 0.1666666716337204 3.597205638885498
vt 0.1666666716337204 3.745452642440796
vt 0.1666666716337204 3.851682662963867
vt 0.1666666716337204 3.803983449935913
vt 0.1666666716337204 3.8321316242218018
vt 0.1666666716337204 3.771127939224243
vt 0.1666666716337204 3.7301430702209473
vt 0.1666666716337204 3.4904403686523438
vt 0.1666666716337204 3.475621461868286
vt 0.1666666716337204 3.3961644172668457
vt 0.1666666716337204 3.436950445175171
vt 0.1666666716337204 -2.390357255935669
vt 0.1666666716337204 -2.390357255935669
vt 0.1666666716337204 -2.3272688388824463
vt 0.1666666716337204 -2.3272688388824463
vt 0.1666666716337204 -2.3848178386688232
vt 0.1666666716337204 -2.3848178386688232
vt 0.1666666716337204 -2.340786933898926
vt 0.1666666716337204 -2.340786933898926
vt 0.1666666716337204 -2.270395278930664
vt 0.1666666716337204 -2.270395278930664
vt 0.1666666716337204 -2.2509121894836426
vt 0.1666666716337204 -2.2509121894836426
vt 0.1666666716337204 1.0475420951843262
vt 0.1666666716337204 1.0475420951843262
vt 0.1666666716337204 -2.032679557800293
vt 0.1666666716337204 -2.032679557800293
vt 0.1666666716337204 1.0262537002563477
vt 0.1666666716337204 1.0262537002563477
vt 0.1666666716337204 3.851682662963867
vt 0.25 -2.4189772605895996
vt 0.25 -2.4189772605895996
vt 0.25 -2.300621747970581
vt 0.25 -2.300621747970581
vt 0.25 1.1762418746948242
vt 0.25 1.1762418746948242
vt 0.25 -2.428457736968994
vt 0.25 -2.428457736968994
vt 0.25 -2.2352240085601807
vt 0.25 -2.2352240085601807
vt 0.25 -2.008836269378662
vt 0.25 -2.008836269378662
vt 0.25 3.3739748001098633
vt 0.25 3.4904403686523438
vt 0.25 3.3739748001098633
vt 0.25 1.7459022998809814
vt 0.25 1.7459022998809814
vt 0.25 1.5776678323745728
vt 0.25 1.5776678323745728
vt 0.25 1.292897343635559
vt 0.25 1.292897343635559
vt 0.25 1.44070565700531
vt 0.25 1.44070565700531
vt 0.25 3.4166345596313477
vt 0.25 3.7200160026550293
vt 0.25 3.851682662963867
vt 0.25 3.7200160026550293
vt 0.25 3.457131862640381
vt 0.25 3.597205638885498
vt 0.25 3.597205638885498
vt 0.25 3.745452642440796
vt 0.25 3.851682662963867
vt 0.25 3.803983449935913
vt 0.25 3.8321316242218018
vt 0.25 3.771127939224243
vt 0.25 3.7301430702209473
vt 0.25 3.4904403686523438
vt 0.25 3.475621461868286
vt 0.25 3.3961644172668457
vt 0.25 3.436950445175171
vt 0.25 -2.390357255935669
vt 0.25 -2.390357255935669
vt 0.25 -2.3272688388824463
vt 0.25 -2.3272688388824463
vt 0.25 -2.3848178386688232
vt 0.25 -2.3848178386688232
vt 0.25 -2.340786933898926
vt 0.25 -2.340786933898926
vt 0.25 -2.270395278930664
vt 0.25 -2.270395278930664
vt 0.25 -2.2509121894836426
vt 0.25 -2.2509121894836426
vt 0.25 1.0475420951843262
vt 0.25 1.0475420951843262
vt 0.25 -2.032679557800293
vt 0.25 -2.032679557800293
vt 0.25 1.0262537002563477
vt 0.25 1.0262537002563477
vt 0.25 3.851682662963867
vt 0.3333333432674408 -2.4189772605895996
vt 0.3333333432674408 -2.4189772605895996
vt 0.3333333432674408 -2.300621747970581
vt 0.3333333432674408 -2.300621747970581
vt 0.3333333432674408 1.1762418746948242
vt 0.3333333432674408 1.1762418746948242
vt 0.3333333432674408 -2.428457736968994
vt 0.3333333432674408 -2.428457736968994
vt 0.3333333432674408 -2.2352240085601807
vt 0.3333333432674408 -2.2352240085601807
vt 0.3333333432674408 -2.008836269378662
vt 0.3333333432674408 -2.008836269378662
vt 0.3333333432674408 3.3739748001098633
vt 0.3333333432674408 3.4904403686523438
vt 0.3333333432674408 3.3739748001098633
vt 0.3333333432674408 1.7459022998809814
vt 0.3333333432674408 1.7459022998809814
vt 0.3333333432674408 1.5776678323745728
vt 0.3333333432674408 1.5776678323745728
vt 0.3333333432674408 1.292897343635559
vt 0.3333333432674408 1.292897343635559
vt 0.3333333432674408 1.44070565700531
vt 0.3333333432674408 1.44070565700531
vt 0.3333333432674408 3.4166345596313477
vt 0.3333333432674408 3.7200160026550293
vt 0.3333333432674408 3.851682662963867
vt 0.3333333432674408 3.7200160026550293
vt 0.3333333432674408 3.457131862640381
vt 0.3333333432674408 3.597205638885498
vt 0.3333333432674408 3.597205638885498
vt 0.3333333432674408 3.745452642440796
vt 0.3333333432674408 3.851682662963867
vt 0.3333333432674408 3.803983449935913
vt 0.3333333432674408 3.8321316242218018
vt 0.3333333432674408 3.771127939224243
vt 0.3333333432674408 3.7301430702209473
vt 0.3333333432674408 3.4904403686523438
vt 0.3333333432674408 3.475621461868286
vt 0.3333333432674408 3.3961644172668457
vt 0.3333333432674408 3.436950445175171
vt 0.3333333432674408 -2.390357255935669
vt 0.3333333432674408 -2.390357255935669
vt 0.3333333432674408 -2.3272688388824463
vt 0.3333333432674408 -2.3272688388824463
vt 0.3333333432674408 -2.3848178386688232
vt 0.3333333432674408 -2.3848178386688232
vt 0.3333333432674408 -2.340786933898926
vt 0.3333333432674408 -2.340786933898926
vt 0.3333333432674408 -2.270395278930664
vt 0.3333333432674408 -2.270395278930664
vt 0.3333333432674408 -2.2509121894836426
vt 0.3333333432674408 -2.2509121894836426
vt 0.3333333432674408 1.0475420951843262
vt 0.3333333432674408 1.0475420951843262
vt 0.3333333432674408 -2.032679557800293
vt 0.3333333432674408 -2.032679557800293
vt 0.3333333432674408 1.0262537002563477
vt 0.3333333432674408 1.0262537002563477
vt 0.3333333432674408 3.851682662963867
vt 0.4166666865348816 -2.4189772605895996
vt 0.4166666865348816 -2.4189772605895996
vt 0.4166666865348816 -2.300621747970581
vt 0.4166666865348816 -2.300621747970581
vt 0.4166666865348816 1.1762418746948242
vt 0.4166666865348816 1.1762418746948242
vt 0.4166666865348816 -2.428457736968994
vt 0.4166666865348816 -2.428457736968994
vt 0.4166666865348816 -2.2352240085601807
vt 0.4166666865348816 -2.2352240085601807
vt 0.4166666865348816 -2.008836269378662
vt 0.4166666865348816 -2.008836269378662
vt 0.4166666865348816 3.3739748001098633
vt 0.4166666865348816 3.4904403686523438
vt 0.4166666865348816 3.3739748001098633
vt 0.4166666865348816 1.7459022998809814
vt 0.4166666865348816 1.7459022998809814
vt 0.4166666865348816 1.5776678323745728
vt 0.4166666865348816 1.5776678323745728
vt 0.4166666865348816 1.292897343635559
vt 0.4166666865348816 1.292897343635559
vt 0.4166666865348816 1.44070565700531
vt 0.4166666865348816 1.44070565700531
vt 0.4166666865348816 3.4166345596313477
vt 0.4166666865348816 3.7200160026550293
vt 0.4166666865348816 3.851682662963867
vt 0.4166666865348816 3.7200160026550293
vt 0.4166666865348816 3.457131862640381
vt 0.4166666865348816 3.597205638885498
vt 0.4166666865348816 3.597205638885498
vt 0.4166666865348816 3.745452642440796
vt 0.4166666865348816 3.851682662963867
vt 0.4166666865348816 3.803983449935913
vt 0.4166666865348816 3.8321316242218018
vt 0.4166666865348816 3.771127939224243
vt 0.4166666865348816 3.7301430702209473
vt 0.4166666865348816 3.4904403686523438
vt 0.4166666865348816 3.475621461868286
vt 0.4166666865348816 3.3961644172668457
vt 0.4166666865348816 3.436950445175171
vt 0.4166666865348816 -2.390357255935669
vt 0.4166666865348816 -2.390357255935669
vt 0.4166666865348816 -2.3272688388824463
vt 0.4166666865348816 -2.3272688388824463
vt 0.4166666865348816 -2.3848178386688232
vt 0.4166666865348816 -2.3848178386688232
vt 0.4166666865348816 -2.340786933898926
vt 0.4166666865348816 -2.340786933898926
vt 0.4166666865348816 -2.270395278930664
vt 0.4166666865348816 -2.270395278930664
vt 0.4166666865348816 -2.2509121894836426
vt 0.4166666865348816 -2.2509121894836426
vt 0.4166666865348816 1.0475420951843262
vt 0.4166666865348816 1.0475420951843262
vt 0.4166666865348816 -2.032679557800293
vt 0.4166666865348816 -2.032679557800293
vt 0.4166666865348816 1.0262537002563477
vt 0.4166666865348816 1.0262537002563477
vt 0.4166666865348816 3.851682662963867
vt 0.5 -2.4189772605895996
vt 0.5 -2.4189772605895996
vt 0.5 -2.300621747970581
vt 0.5 -2.300621747970581
vt 0.5 1.1762418746948242
vt 0.5 1.1762418746948242
vt 0.5 -2.428457736968994
vt 0.5 -2.428457736968994
vt 0.5 -2.2352240085601807
vt 0.5 -2.2352240085601807
vt 0.5 -2.008836269378662
vt 0.5 -2.008836269378662
vt 0.5 3.3739748001098633
vt 0.5 3.4904403686523438
vt 0.5 3.3739748001098633
vt 0.5 1.7459022998809814
vt 0.5 1.7459022998809814
vt 0.5 1.5776678323745728
vt 0.5 1.5776678323745728
vt 0.5 1.292897343635559
vt 0.5 1.292897343635559
vt 0.5 1.44070565700531
vt 0.5 1.44070565700531
vt 0.5 3.4166345596313477
vt 0.5 3.7200160026550293
vt 0.5 3.851682662963867
vt 0.5 3.7200160026550293
vt 0.5 3.457131862640381
vt 0.5 3.597205638885498
vt 0.5 3.597205638885498
vt 0.5 3.745452642440796
vt 0.5 3.851682662963867
vt 0.5 3.803983449935913
vt 0.5 3.8321316242218018
vt 0.5 3.771127939224243
vt 0.5 3.7301430702209473
vt 0.5 3.4904403686523438
vt 0.5 3.475621461868286
vt 0.5 3.3961644172668457
vt 0.5 3.436950445175171
vt 0.5 -2.390357255935669
vt 0.5 -2.390357255935669
vt 0.5 -2.3272688388824463
vt 0.5 -2.3272688388824463
vt 0.5 -2.3848178386688232
vt 0.5 -2.3848178386688232
vt 0.5 -2.340786933898926
vt 0.5 -2.340786933898926
vt 0.5 -2.270395278930664
vt 0.5 -2.270395278930664
vt 0.5 -2.2509121894836426
vt 0.5 -2.2509121894836426
vt 0.5 1.0475420951843262
vt 0.5 1.0475420951843262
vt 0.5 -2.032679557800293
vt 0.5 -2.032679557800293
vt 0.5 1.0262537002563477
vt 0.5 1.0262537002563477
vt 0.5 3.851682662963867
vt 0.5833333730697632 -2.4189772605895996
vt 0.5833333730697632 -2.4189772605895996
vt 0.5833333730697632 -2.300621747970581
vt 0.5833333730697632 -2.300621747970581
vt 0.5833333730697632 1.1762418746948242
vt 0.5833333730697632 1.1762418746948242
vt 0.5833333730697632 -2.428457736968994
vt 0.5833333730697632 -2.428457736968994
vt 0.5833333730697632 -2.2352240085601807
vt 0.5833333730697632 -2.2352240085601807
vt 0.5833333730697632 -2.008836269378662
vt 0.5833333730697632 -2.008836269378662
vt 0.5833333730697632 3.3739748001098633
vt 0.5833333730697632 3.4904403686523438
vt 0.5833333730697632 3.3739748001098633
vt 0.5833333730697632 1.7459022998809814
vt 0.5833333730697632 1.7459022998809814
vt 0.5833333730697632 1.5776678323745728
vt 0.5833333730697632 1.5776678323745728
vt 0.5833333730697632 1.292897343635559
vt 0.5833333730697632 1.292897343635559
vt 0.5833333730697632 1.44070565700531
vt 0.5833333730697632 1.44070565700531
vt 0.5833333730697632 3.4166345596313477
vt 0.5833333730697632 3.7200160026550293
vt 0.5833333730697632 3.851682662963867
vt 0.5833333730697632 3.7200160026550293
vt 0.5833333730697632 3.457131862640381
vt 0.5833333730697632 3.597205638885498
vt 0.5833333730697632 3.597205638885498
vt 0.5833333730697632 3.745452642440796
vt 0.5833333730697632 3.851682662963867
vt 0.5833333730697632 3.803983449935913
vt 0.5833333730697632 3.8321316242218018
vt 0.5833333730697632 3.771127939224243
vt 0.5833333730697632 3.7301430702209473
vt 0.5833333730697632 3.4904403686523438
vt 0.5833333730697632 3.475621461868286
vt 0.5833333730697632 3.3961644172668457
vt 0.5833333730697632 3.436950445175171
vt 0.5833333730697632 -2.390357255935669
vt 0.5833333730697632 -2.390357255935669
vt 0.5833333730697632 -2.3272688388824463
vt 0.5833333730697632 -2.3272688388824463
vt 0.5833333730697632 -2.3848178386688232
vt 0.5833333730697632 -2.3848178386688232
vt 0.5833333730697632 -2.340786933898926
vt 0.5833333730697632 -2.340786933898926
vt 0.5833333730697632 -2.270395278930664
vt 0.5833333730697632 -2.270395278930664
vt 0.5833333730697632 -2.2509121894836426
vt 0.5833333730697632 -2.2509121894836426
vt 0.5833333730697632 1.0475420951843262
vt 0.5833333730697632 1.0475420951843262
vt 0.5833333730697632 -2.032679557800293
vt 0.5833333730697632 -2.032679557800293
vt 0.5833333730697632 1.0262537002563477
vt 0.5833333730697632 1.0262537002563477
vt 0.5833333730697632 3.851682662963867
vt 0.6666666865348816 -2.4189772605895996
vt 0.6666666865348816 -2.4189772605895996
vt 0.6666666865348816 -2.300621747970581
vt 0.6666666865348816 -2.300621747970581
vt 0.6666666865348816 1.1762418746948242
vt 0.6666666865348816 1.1762418746948242
vt 0.6666666865348816 -2.428457736968994
vt 0.6666666865348816 -2.428457736968994
vt 0.6666666865348816 -2.2352240085601807
vt 0.6666666865348816 -2.2352240085601807
vt 0.6666666865348816 -2.008836269378662
vt 0.6666666865348816 -2.008836269378662
vt 0.6666666865348816 3.3739748001098633
vt 0.6666666865348816 3.4904403686523438
vt 0.6666666865348816 3.3739748001098633
vt 0.6666666865348816 1.7459022998809814
vt 0.6666666865348816 1.7459022998809814
vt 0.6666666865348816 1.5776678323745728
vt 0.6666666865348816 1.5776678323745728
vt 0.6666666865348816 1.292897343635559
vt 0.6666666865348816 1.292897343635559
vt 0.6666666865348816 1.44070565700531
vt 0.6666666865348816 1.44070565700531
vt 0.6666666865348816 3.4166345596313477
vt 0.6666666865348816 3.7200160026550293
vt 0.6666666865348816 3.851682662963867
vt 0.6666666865348816 3.7200160026550293
vt 0.6666666865348816 3.457131862640381
vt 0.6666666865348816 3.597205638885498
vt 0.6666666865348816 3.597205638885498
vt 0.6666666865348816 3.745452642440796
vt 0.6666666865348816 3.851682662963867
vt 0.6666666865348816 3.803983449935913
vt 0.6666666865348816 3.8321316242218018
vt 0.6666666865348816 3.771127939224243
vt 0.6666666865348816 3.7301430702209473
vt 0.6666666865348816 3.4904403686523438
vt 0.6666666865348816 3.475621461868286
vt 0.6666666865348816 3.3961644172668457
vt 0.6666666865348816 3.436950445175171
vt 0.6666666865348816 -2.390357255935669
vt 0.6666666865348816 -2.390357255935669
vt 0.6666666865348816 -2.3272688388824463
vt 0.6666666865348816 -2.3272688388824463
vt 0.6666666865348816 -2.3848178386688232
vt 0.6666666865348816 -2.3848178386688232
vt 0.6666666865348816 -2.340786933898926
vt 0.6666666865348816 -2.340786933898926
vt 0.6666666865348816 -2.270395278930664
vt 0.6666666865348816 -2.270395278930664
vt 0.6666666865348816 -2.2509121894836426
vt 0.6666666865348816 -2.2509121894836426
vt 0.6666666865348816 1.0475420951843262
vt 0.6666666865348816 1.0475420951843262
vt 0.6666666865348816 -2.032679557800293
vt 0.6666666865348816 -2.032679557800293
vt 0.6666666865348816 1.0262537002563477
vt 0.6666666865348816 1.0262537002563477
vt 0.6666666865348816 3.851682662963867
vt 0.75 -2.4189772605895996
vt 0.75 -2.4189772605895996
vt 0.75 -2.300621747970581
vt 0.75 -2.300621747970581
vt 0.75 1.1762418746948242
vt 0.75 1.1762418746948242
vt 0.75 -2.428457736968994
vt 0.75 -2.428457736968994
vt 0.75 -2.2352240085601807
vt 0.75 -2.2352240085601807
vt 0.75 -2.008836269378662
vt 0.75 -2.008836269378662
vt 0.75 3.3739748001098633
vt 0.75 3.4904403686523438
vt 0.75 3.3739748001098633
vt 0.75 1.7459022998809814
vt 0.75 1.7459022998809814
vt 0.75 1.5776678323745728
vt 0.75 1.5776678323745728
vt 0.75 1.292897343635559
vt 0.75 1.292897343635559
vt 0.75 1.44070565700531
vt 0.75 1.44070565700531
vt 0.75 3.4166345596313477
vt 0.75 3.7200160026550293
vt 0.75 3.851682662963867
vt 0.75 3.7200160026550293
vt 0.75 3.457131862640381
vt 0.75 3.597205638885498
vt 0.75 3.597205638885498
vt 0.75 3.745452642440796
vt 0.75 3.851682662963867
vt 0.75 3.803983449935913
vt 0.75 3.8321316242218018
vt 0.75 3.771127939224243
vt 0.75 3.7301430702209473
vt 0.75 3.4904403686523438
vt 0.75 3.475621461868286
vt 0.75 3.3961644172668457
vt 0.75 3.436950445175171
vt 0.75 -2.390357255935669
vt 0.75 -2.390357255935669
vt 0.75 -2.3272688388824463
vt 0.75 -2.3272688388824463
vt 0.75 -2.3848178386688232
vt 0.75 -2.3848178386688232
vt 0.75 -2.340786933898926
vt 0.75 -2.340786933898926
vt 0.75 -2.270395278930664
vt 0.75 -2.270395278930664
vt 0.75 -2.2509121894836426
vt 0.75 -2.2509121894836426
vt 0.75 1.0475420951843262
vt 0.75 1.0475420951843262
vt 0.75 -2.032679557800293
vt 0.75 -2.032679557800293
vt 0.75 1.0262537002563477
vt 0.75 1.0262537002563477
vt 0.75 3.851682662963867
vt 0.8333333730697632 -2.4189772605895996
vt 0.8333333730697632 -2.4189772605895996
vt 0.8333333730697632 -2.300621747970581
vt 0.8333333730697632 -2.300621747970581
vt 0.8333333730697632 1.1762418746948242
vt 0.8333333730697632 1.1762418746948242
vt 0.8333333730697632 -2.428457736968994
vt 0.8333333730697632 -2.428457736968994
vt 0.8333333730697632 -2.2352240085601807
vt 0.8333333730697632 -2.2352240085601807
vt 0.8333333730697632 -2.008836269378662
vt 0.8333333730697632 -2.008836269378662
vt 0.8333333730697632 3.3739748001098633
vt 0.8333333730697632 3.4904403686523438
vt 0.8333333730697632 3.3739748001098633
vt 0.8333333730697632 1.7459022998809814
vt 0.8333333730697632 1.7459022998809814
vt 0.8333333730697632 1.5776678323745728
vt 0.8333333730697632 1.5776678323745728
vt 0.8333333730697632 1.292897343635559
vt 0.8333333730697632 1.292897343635559
vt 0.8333333730697632 1.44070565700531
vt 0.8333333730697632 1.44070565700531
vt 0.8333333730697632 3.4166345596313477
vt 0.8333333730697632 3.7200160026550293
vt 0.8333333730697632 3.851682662963867
vt 0.8333333730697632 3.7200160026550293
vt 0.8333333730697632 3.457131862640381
vt 0.8333333730697632 3.597205638885498
vt 0.8333333730697632 3.597205638885498
vt 0.8333333730697632 3.745452642440796
vt 0.8333333730697632 3.851682662963867
vt 0.8333333730697632 3.803983449935913
vt 0.8333333730697632 3.8321316242218018
vt 0.8333333730697632 3.771127939224243
vt 0.8333333730697632 3.7301430702209473
vt 0.8333333730697632 3.4904403686523438
vt 0.8333333730697632 3.475621461868286
vt 0.8333333730697632 3.3961644172668457
vt 0.8333333730697632 3.436950445175171
vt 0.8333333730697632 -2.390357255935669
vt 0.8333333730697632 -2.390357255935669
vt 0.8333333730697632 -2.3272688388824463
vt 0.8333333730697632 -2.3272688388824463
vt 0.8333333730697632 -2.3848178386688232
vt 0.8333333730697632 -2.3848178386688232
vt 0.8333333730697632 -2.340786933898926
vt 0.8333333730697632 -2.340786933898926
vt 0.8333333730697632 -2.270395278930664
vt 0.8333333730697632 -2.270395278930664
vt 0.8333333730697632 -2.2509121894836426
vt 0.8333333730697632 -2.2509121894836426
vt 0.8333333730697632 1.0475420951843262
vt 0.8333333730697632 1.0475420951843262
vt 0.8333333730697632 -2.032679557800293
vt 0.8333333730697632 -2.032679557800293
vt 0.8333333730697632 1.0262537002563477
vt 0.8333333730697632 1.0262537002563477
vt 0.8333333730697632 3.851682662963867
vt 0.9166666865348816 -2.4189772605895996
vt 0.9166666865348816 -2.4189772605895996
vt 0.9166666865348816 -2.300621747970581
vt 0.9166666865348816 -2.300621747970581
vt 0.9166666865348816 1.1762418746948242
vt 0.9166666865348816 1.1762418746948242
vt 0.9166666865348816 -2.428457736968994
vt 0.9166666865348816 -2.428457736968994
vt 0.9166666865348816 -2.2352240085601807
vt 0.9166666865348816 -2.2352240085601807
vt 0.9166666865348816 -2.008836269378662
vt 0.9166666865348816 -2.008836269378662
vt 0.9166666865348816 3.3739748001098633
vt 0.9166666865348816 3.4904403686523438
vt 0.9166666865348816 3.3739748001098633
vt 0.9166666865348816 1.7459022998809814
vt 0.9166666865348816 1.7459022998809814
vt 0.9166666865348816 1.5776678323745728
vt 0.9166666865348816 1.5776678323745728
vt 0.9166666865348816 1.292897343635559
vt 0.9166666865348816 1.292897343635559
vt 0.9166666865348816 1.44070565700531
vt 0.9166666865348816 1.44070565700531
vt 0.9166666865348816 3.4166345596313477
vt 0.9166666865348816 3.7200160026550293
vt 0.9166666865348816 3.851682662963867
vt 0.9166666865348816 3.7200160026550293
vt 0.9166666865348816 3.457131862640381
vt 0.9166666865348816 3.597205638885498
vt 0.9166666865348816 3.597205638885498
vt 0.9166666865348816 3.745452642440796
vt 0.9166666865348816 3.851682662963867
vt 0.9166666865348816 3.803983449935913
vt 0.9166666865348816 3.8321316242218018
vt 0.9166666865348816 3.771127939224243
vt 0.9166666865348816 3.7301430702209473
vt 0.9166666865348816 3.4904403686523438
vt 0.9166666865348816 3.475621461868286
vt 0.9166666865348816 3.3961644172668457
vt 0.9166666865348816 3.436950445175171
vt 0.9166666865348816 -2.390357255935669
vt 0.9166666865348816 -2.390357255935669
vt 0.9166666865348816 -2.3272688388824463
vt 0.9166666865348816 -2.3272688388824463
vt 0.9166666865348816 -2.3848178386688232
vt 0.9166666865348816 -2.3848178386688232
vt 0.9166666865348816 -2.340786933898926
vt 0.9166666865348816 -2.340786933898926
vt 0.9166666865348816 -2.270395278930664
vt 0.9166666865348816 -2.270395278930664
vt 0.9166666865348816 -2.2509121894836426
vt 0.9166666865348816 -2.2509121894836426
vt 0.9166666865348816 1.0475420951843262
vt 0.9166666865348816 1.0475420951843262
vt 0.9166666865348816 -2.032679557800293
vt 0.9166666865348816 -2.032679557800293
vt 0.9166666865348816 1.0262537002563477
vt 0.9166666865348816 1.0262537002563477
vt 0.9166666865348816 3.851682662963867
vt 0 1.887528657913208
vt 1 1.887528657913208
vt 0.0833333432674408 1.887528896331787
vt 0.1666666716337204 1.887528657913208
vt 0.25 1.887528657913208
vt 0.3333333730697632 1.8875287771224976
vt 0.4166666865348816 1.887528657913208
vt 0.5 1.887528657913208
vt 0.5833333730697632 1.887528657913208
vt 0.6666667461395264 1.8875287771224976
vt 0.7500000596046448 1.8875287771224976
vt 0.833333432674408 1.8875287771224976
vt 0.9166667461395264 1.8875287771224976
vn 3.94623359366462e-7 0.9789863306988398 -0.20392587943825652
vn 3.94623359366462e-7 0.9789863306988398 -0.20392587943825652
vn -1.3276836897328292e-7 -0.984669607381119 0.1744298262909615
vn -1.3276836897328292e-7 -0.984669607381119 0.1744298262909615
vn 3.9047432665026216e-7 0.9999999999999238 -7.29858573578157e-9
vn 3.9047432665026216e-7 0.9999999999999238 -7.29858573578157e-9
vn 3.9047432665026216e-7 0.9999999999999238 -7.29858573578157e-9
vn 3.9047432665026216e-7 0.9999999999999238 -7.29858573578157e-9
vn 3.9047432665026216e-7 0.9999999999999238 -7.29858573578157e-9
vn 3.9047432665026216e-7 0.9999999999999238 -7.29858573578157e-9
vn 3.9047432665026216e-7 0.9999999999999238 -7.29858573578157e-9
vn 3.9047432665026216e-7 0.9999999999999238 -7.29858573578157e-9
vn 3.9047432665026216e-7 0.9999999999999238 -7.29858573578157e-9
vn 3.9047432665026216e-7 0.9999999999999238 -7.29858573578157e-9
vn 3.9047432665026216e-7 0.9999999999999238 -7.29858573578157e-9
vn 3.9047432665026216e-7 0.9999999999999238 -7.29858573578157e-9
vn -4.1967166453101475e-7 -0.9999999999999121 1.2397981530297717e-9
vn -4.1967166453101475e-7 -0.9999999999999121 1.2397981530297717e-9
vn -4.1967166453101475e-7 -0.9999999999999121 1.2397981530297717e-9
vn -4.1967166453101475e-7 -0.9999999999999121 1.2397981530297717e-9
vn -4.1967166453101475e-7 -0.9999999999999121 1.2397981530297717e-9
vn -4.1967166453101475e-7 -0.9999999999999121 1.2397981530297717e-9
vn -4.1967166453101475e-7 -0.9999999999999121 1.2397981530297717e-9
vn -4.1967166453101475e-7 -0.9999999999999121 1.2397981530297717e-9
vn -4.1967166453101475e-7 -0.9999999999999121 1.2397981530297717e-9
vn -4.1967166453101475e-7 -0.9999999999999121 1.2397981530297717e-9
vn -4.1967166453101475e-7 -0.9999999999999121 1.2397981530297717e-9
vn -4.1967166453101475e-7 -0.9999999999999121 1.2397981530297717e-9
vn -3.287192724444323e-7 0.8992536815200278 -0.4374274983040829
vn -3.287192724444323e-7 0.8992536815200278 -0.4374274983040829
vn -5.471974499573314e-7 -0.8993359786105196 0.43725827330807526
vn -5.471974499573314e-7 -0.8993359786105196 0.43725827330807526
vn -1.514824203564027e-8 0.011767820659889072 0.9999307568011478
vn -1.514824203564027e-8 0.011767820659889072 0.9999307568011478
vn -3.5434854665072204e-8 0.008984697885018118 -0.9999596367873623
vn -3.5434854665072204e-8 0.008984697885018118 -0.9999596367873623
vn 1.4478877982321844e-7 0.9800278532413925 0.19886026971480852
vn 1.4478877982321844e-7 0.9800278532413925 0.19886026971480852
vn 2.3380562358602835e-7 -0.9809163280239903 -0.19443034078012886
vn 2.3380562358602835e-7 -0.9809163280239903 -0.19443034078012886
vn 3.3639374873605775e-8 0.32673529684584446 0.945115890139964
vn 3.3639374873605775e-8 0.32673529684584446 0.945115890139964
vn 0 -0.2947957952553274 -0.9555602749694962
vn 0 -0.2947957952553274 -0.9555602749694962
vn -4.6461619316907714e-7 -0.1681724536821858 0.9857575897868083
vn -4.6461619316907714e-7 -0.1681724536821858 0.9857575897868083
vn -2.2262822459164274e-7 0.16967849388810025 -0.9854994716953513
vn -2.2262822459164274e-7 0.16967849388810025 -0.9854994716953513
vn 1.3200124763498062e-7 -0.21050311683831135 0.9775931862494435
vn 1.3200124763498062e-7 -0.21050311683831135 0.9775931862494435
vn 1.3200124763498062e-7 -0.21050311683831135 0.9775931862494435
vn 1.3200124763498062e-7 -0.21050311683831135 0.9775931862494435
vn -5.998169409746999e-8 -0.33313298125070473 -0.9428798527930343
vn -5.998169409746999e-8 -0.33313298125070473 -0.9428798527930343
vn 3.1032616359665314e-7 -0.31416074042526526 0.9493698063322601
vn 3.1032616359665314e-7 -0.31416074042526526 0.9493698063322601
vn -2.906515945423487e-7 0.33001777047553893 -0.9439747195610007
vn -2.906515945423487e-7 0.33001777047553893 -0.9439747195610007
vn 2.0652594586453725e-7 -0.6335842805846983 0.7736736775901888
vn 2.0652594586453725e-7 -0.6335842805846983 0.7736736775901888
vn -2.497350549776065e-7 0.6366373967572674 -0.7711632933757075
vn -2.497350549776065e-7 0.6366373967572674 -0.7711632933757075
vn 0 -0.3425163787183159 0.9395118574609325
vn 0 -0.3425163787183159 0.9395118574609325
vn -3.627738385486751e-8 0.344060745149128 -0.9389473913097717
vn -3.627738385486751e-8 0.344060745149128 -0.9389473913097717
vn 1.1316013217379053e-7 -0.6417785199898789 0.7668900385841425
vn 1.1316013217379053e-7 -0.6417785199898789 0.7668900385841425
vn -1.877557416403137e-7 0.6299880624475953 -0.776604816604616
vn -1.877557416403137e-7 0.6299880624475953 -0.776604816604616
vn -9.57205050269692e-7 -0.5312284614921475 -0.8472286124180237
vn -9.57205050269692e-7 -0.5312284614921475 -0.8472286124180237
vn 4.4878790442076563e-7 0.02910070423436593 0.999576484823879
vn 4.4878790442076563e-7 0.02910070423436593 0.999576484823879
vn 4.4878790442076563e-7 0.02910070423436593 0.999576484823879
vn 4.4878790442076563e-7 0.02910070423436593 0.999576484823879
vn 4.049308590938117e-7 -0.5011844640851745 -0.8653404722763709
vn 4.049308590938117e-7 -0.5011844640851745 -0.8653404722763709
vn 8.841591486769588e-7 0.1114996316093563 -0.9937644751902717
vn 8.841591486769588e-7 0.1114996316093563 -0.9937644751902717
vn 8.282636304264202e-8 -0.09377142286653921 0.9955937526187967
vn 8.282636304264202e-8 -0.09377142286653921 0.9955937526187967
vn -1.504462277993732e-7 0.32271111366654465 -0.9464975103591535
vn -1.504462277993732e-7 0.32271111366654465 -0.9464975103591535
vn -1.3557306491839363e-7 -0.7045661449281727 -0.7096383215561534
vn -1.3557306491839363e-7 -0.7045661449281727 -0.7096383215561534
vn -5.669217778000136e-7 0.9542798770875929 -0.2989145633544259
vn -5.669217778000136e-7 0.9542798770875929 -0.2989145633544259
vn 4.652973072859922e-7 0.22068115376032413 -0.9753460044388329
vn 4.652973072859922e-7 0.22068115376032413 -0.9753460044388329
vn -3.9284066393724766e-7 0.7052118910791609 -0.7089966069597226
vn -3.9284066393724766e-7 0.7052118910791609 -0.7089966069597226
vn -1.5758088562446476e-8 -0.3398701037674733 -0.9404723879865303
vn -1.5758088562446476e-8 -0.3398701037674733 -0.9404723879865303
vn 4.045408148893322e-7 -0.8805384980002511 -0.4739746338563893
vn 4.045408148893322e-7 -0.8805384980002511 -0.4739746338563893
vn 3.521898316430068e-7 0.3759397889349818 -0.926644093001945
vn 3.521898316430068e-7 0.3759397889349818 -0.926644093001945
vn 2.0560786630497174e-7 0.36262757450589045 -0.9319341404884429
vn 2.0560786630497174e-7 0.36262757450589045 -0.9319341404884429
vn -7.895816811684936e-7 -0.6312972089460247 -0.7755409943880051
vn -7.895816811684936e-7 -0.6312972089460247 -0.7755409943880051
vn 7.41394948883586e-7 -0.2959533603018134 -0.9552023913943658
vn 7.41394948883586e-7 -0.2959533603018134 -0.9552023913943658
vn -2.9281108347253522e-8 0.8391804990511282 0.5438530040482434
vn -2.9281108347253522e-8 0.8391804990511282 0.5438530040482434
vn -1.0787599770169878e-7 -0.8475746495867179 -0.530676185048793
vn -1.0787599770169878e-7 -0.8475746495867179 -0.530676185048793
vn -6.828739641780337e-8 0.7243530650289768 0.689429211147252
vn -6.828739641780337e-8 0.7243530650289768 0.689429211147252
vn -5.695398724391334e-8 -0.6764770248530462 -0.7364637362735302
vn -5.695398724391334e-8 -0.6764770248530462 -0.7364637362735302
vn 2.2366674026690768e-7 0.9262364883198018 -0.37694292367008486
vn 2.2366674026690768e-7 0.9262364883198018 -0.37694292367008486
vn -5.924250124439674e-7 -0.9276214568282605 0.37352166313543983
vn -5.924250124439674e-7 -0.9276214568282605 0.37352166313543983
vn -1.3145563391401105e-7 0.8813478826262915 -0.4724678928669496
vn -1.3145563391401105e-7 0.8813478826262915 -0.4724678928669496
vn -5.49518784871755e-8 -0.8827012019999514 0.4699346635308338
vn -5.49518784871755e-8 -0.8827012019999514 0.4699346635308338
vn -3.959638631930992e-7 0.9391586114607698 -0.3434837732978399
vn -3.959638631930992e-7 0.9391586114607698 -0.3434837732978399
vn -0.000001741752362624821 -0.940255451051374 0.34046980301510366
vn -0.000001741752362624821 -0.940255451051374 0.34046980301510366
vn -1.9577188120625637e-7 0.9730353545876068 -0.23065601817973944
vn -1.9577188120625637e-7 0.9730353545876068 -0.23065601817973944
vn -0.0000035488886504540644 -0.9686267591554948 0.24852002220209254
vn -0.0000035488886504540644 -0.9686267591554948 0.24852002220209254
vn 1.9755762940383474e-8 0.17197185487407354 0.9851018633274279
vn 1.9755762940383474e-8 0.17197185487407354 0.9851018633274279
vn -8.937193509861454e-8 -0.18432299316841497 -0.9828657254118838
vn -8.937193509861454e-8 -0.18432299316841497 -0.9828657254118838
vn -3.908322342921005e-7 -0.18098297219592283 0.9834862295807588
vn -3.908322342921005e-7 -0.18098297219592283 0.9834862295807588
vn -1.8911410138155277e-7 0.16311104375659258 -0.9866077170814138
vn -1.8911410138155277e-7 0.16311104375659258 -0.9866077170814138
vn 4.3660142902123964e-8 0.1097454789793243 0.9939597224453297
vn 4.3660142902123964e-8 0.1097454789793243 0.9939597224453297
vn -4.360935792780249e-8 -0.13021669860130836 -0.9914855578400393
vn -4.360935792780249e-8 -0.13021669860130836 -0.9914855578400393
vn 0.0000013667074314799256 0.7285373616047686 0.685006067669546
vn 0.0000013667074314799256 0.7285373616047686 0.685006067669546
vn 0.08721480390606785 -0.9846696113107948 0.15106069820000947
vn -0.10196238788900361 0.9789863975577874 -0.17660494005774077
vn 0.21862812403059356 -0.8993361635044962 0.378676918224332
vn -0.2187135815077642 0.899253666177742 -0.3788234590543946
vn -0.49998000007766163 0.00898460799408072 -0.8659903442542152
vn 0.49996551733564154 0.011767909599829518 0.8659653559923485
vn -0.09721525120953074 -0.9809163321251605 -0.1683815438294528
vn 0.09943015114047596 0.9800278391989176 0.172218115885881
vn -0.4777802544212908 -0.2947958236553416 -0.8275393953404849
vn 0.4725576876888771 0.32673539374766114 0.81849448029825
vn -0.4927502518465004 0.16967765336846732 -0.8534674470960102
vn 0.49287926412798494 -0.1681729875299271 0.8536907386506631
vn -0.4714398427203065 -0.33313300635940407 -0.8165579433021262
vn 0.48879650574314104 -0.21050319221636263 0.8466205655664268
vn 0.48879650574314104 -0.21050319221636263 0.8466205655664268
vn 0.47468503809397844 -0.31416073110420817 0.8221782955307124
vn -0.4719874061919447 0.3300178416934307 -0.8175060321246627
vn 0.386836818455265 -0.6335842472709213 0.6700211022777927
vn -0.3855817279934963 0.6366374429857415 -0.6678469115194934
vn -0.46947373335658193 0.34406075093829885 -0.8131522694747932
vn 0.4697558929951699 -0.34251627691304815 0.8136411992063423
vn 0.38344496427473457 -0.6417786967577045 0.6641461162728649
vn -0.38830257807762913 0.629987988178574 -0.672559471429092
vn -0.4236143777379743 -0.5312281784224762 -0.7337216648182106
vn -0.4326689354631214 -0.5011848591059715 -0.7494073186779915
vn 0.4997888022395107 0.029100789415060172 0.865658302802795
vn 0.4997888022395107 0.029100789415060172 0.865658302802795
vn -0.4968825174801899 0.11149921623123012 -0.860625173116828
vn 0.4977967895544983 -0.09377147552018303 0.8622095259784609
vn -0.47324866128198434 0.3227111106043609 -0.8196909440071359
vn -0.354820061397454 -0.7045657411275387 -0.614564756929088
vn -0.14945882819421452 0.9542796778175631 -0.25886744712153414
vn -0.48767261129834594 0.2206812430026475 -0.8446746197064634
vn -0.354498371431099 0.705212026892526 -0.614008877605881
vn -0.4702363312223689 -0.33987021446078225 -0.8144728541338307
vn -0.23698757009434546 -0.8805384974295454 -0.41047392872787464
vn -0.4633218902179602 0.37593999165121694 -0.8024973200716244
vn -0.46596671494876835 0.3626276889209745 -0.8070787940391484
vn -0.38777129398279864 -0.6312969577085226 -0.6716379789372174
vn -0.47760072472773246 -0.29595374003324093 -0.8272296727631824
vn -0.26533785980692187 -0.8475746081932363 -0.4595792681346326
vn 0.27192669634789085 0.8391803953390741 0.47099059002476634
vn 0.3447147988465101 0.7243530327877474 0.5970631384932439
vn -0.368231727427516 -0.6764770997099347 -0.6377963064206178
vn -0.18847145836178694 0.9262364712506077 -0.32644219811201414
vn 0.18676062285778738 -0.9276215015597885 0.3234792413644726
vn -0.23623373565556754 0.8813478745615304 -0.4091693367593523
vn 0.23496708343985204 -0.8827012803662058 0.40697533013639847
vn -0.17174247460249698 0.9391584698773923 -0.2974657810151715
vn 0.17023410449879772 -0.9402555529310934 0.2948556339087595
vn -0.11532794812224656 0.9730353463447506 -0.19975404663151125
vn 0.1242595675533488 -0.9686267893903989 0.2152247726138946
vn 0.49255118849441204 0.17197123994965557 0.8531232146313451
vn -0.49143249633763253 -0.18432328791332037 -0.8511868344119204
vn 0.4917435436381745 -0.18098356154875195 0.8517236862617474
vn -0.49330431320304985 0.16311033102289071 -0.8544272201240258
vn 0.4969801850572727 0.10974505428442598 0.8607942371557487
vn -0.4957425153111269 -0.13021701981013004 -0.8586517840572889
vn 0.3425029006153082 0.7285375777979548 0.5932324677614916
vn 0.15106033260127127 -0.9846696564850799 0.08721492711656759
vn -0.17660394227983703 0.9789865200929738 -0.10196293957840613
vn 0.37867598877491515 -0.8993362694678536 0.21862929800231373
vn -0.37882280818315717 0.8992538563381501 -0.21871392699412814
vn -0.8659905557244242 0.008984735924077315 -0.4999796315016019
vn 0.8659655987425746 0.011767862282576817 0.4999650979935624
vn -0.1683812652311106 -0.9809163908799895 -0.09721514090997416
vn 0.17221871462920507 0.9800277353367391 0.09943013779637844
vn -0.8275396073715645 -0.29479578445296395 -0.47777991136095155
vn 0.8184943068624336 0.3267353064875877 0.47255804842182775
vn -0.8534680452370262 0.1696775972314227 -0.49274923516638797
vn 0.8536916463288406 -0.16817236120262755 0.4928779056885044
vn -0.8165590550363699 -0.3331312748429825 -0.47143914067417014
vn 0.8466206239933376 -0.2105030280107575 0.4887964752608534
vn 0.8466206239933376 -0.2105030280107575 0.4887964752608534
vn 0.8221783653017604 -0.3141607647911924 0.474684894951944
vn -0.8175060794746932 0.3300177771417377 -0.4719873693144159
vn 0.6700209355537335 -0.6335844375172623 0.3868367956330343
vn -0.6678469345426411 0.6366374649329836 -0.38558165187895205
vn -0.8131523124221468 0.34406074389026886 -0.46947366413483776
vn 0.8136413265882976 -0.3425161313418565 0.4697557785043665
vn 0.6641460984568505 -0.6417787391463537 0.38344492418632925
vn -0.6725595006558347 0.6299880751599753 -0.388302386335448
vn -0.7337212216516008 -0.5312285172735439 -0.423614720392758
vn -0.7491325612320557 -0.496755025527151 -0.4382178114995097
vn 0.8656588235536062 0.029100809376673583 0.4997878991106218
vn 0.8656588235536062 0.029100809376673583 0.4997878991106218
vn -0.8606262013031312 0.1114975042573803 -0.49688112076724955
vn 0.8622095050736543 -0.09377125717979638 0.4977968668920732
vn -0.8166861622681659 0.3215525781215296 -0.47919479532137305
vn -0.6145650486421163 -0.7045659214360654 -0.35481919809737117
vn -0.2588693472387354 0.9542794127413702 -0.14945722959488036
vn -0.8446743143686424 0.22068155468727693 -0.48767299911587303
vn -0.6140084757914998 0.7052124022286785 -0.3544983207281185
vn -0.8144727477296112 -0.3398706717689839 -0.4702361849933251
vn -0.4104746750126071 -0.8805382616423182 -0.2369871535700178
vn -0.8028716195198584 0.3713016372127701 -0.46640353426263387
vn -0.8070789947310286 0.36262732038506024 -0.4659666541441599
vn -0.6716410826829455 -0.631294700357988 -0.3877695931250911
vn -0.8272286134448076 -0.29595554150364073 -0.47760144320496734
vn -0.45957841217596457 -0.8475749215397359 -0.26533834144112967
vn 0.47099003475916557 0.8391807725277718 0.2719264940700925
vn 0.5970628227111185 0.7243533688706306 0.3447146395817844
vn -0.6377962714242167 -0.6764770625910871 -0.3682318562339515
vn -0.32644235018328166 0.926236420327346 -0.18847144522712173
vn 0.32347930701236144 -0.9276214334273565 0.18676084755906108
vn -0.40916893907818874 0.8813479762796692 -0.23623404496676806
vn 0.4069749306737021 -0.8827013785123972 0.23496740662366147
vn -0.2974665985440216 0.9391582971973017 -0.17174200288838717
vn 0.29485596289742044 -0.9402552827906057 0.17023502673713603
vn -0.19975178713338954 0.973035777281553 -0.1153282258040117
vn 0.2152252040833692 -0.9686266150457802 0.12426017927005534
vn 0.8531234449153622 0.17197147672847324 0.4925507069607893
vn -0.8511866698475101 -0.18432299297581742 -0.49143289199476936
vn 0.8517244142851992 -0.18098288104410606 0.49174253312023897
vn -0.8544277828942057 0.16311023526348473 -0.49330337011902
vn 0.8607943695665633 0.10974546574945991 0.4969798648536347
vn -0.8586514006340298 -0.13021688178773383 -0.49574321567389945
vn 0.5932312671546363 0.7285384478168904 0.342503129507835
vn 0.1744292176673478 -0.9846697151958901 -3.8103925972554105e-8
vn -0.20392597940866508 0.9789863098747685 1.4263494196123658e-8
vn 0.43725812868249037 -0.8993360489278038 1.151994990819581e-7
vn -0.4374270905680297 0.8992538798566131 -1.2956819761077334e-7
vn -0.9999596359004195 0.008984796597240632 8.09939554784472e-8
vn 0.9999307564614198 0.011767849526891243 -7.069178429992447e-8
vn -0.19442997096608713 -0.9809164013258859 -1.4766669075294811e-8
vn 0.19886079655904726 0.9800277463377755 -4.992717051960272e-8
vn -0.9555602278137212 -0.29479594810747983 3.7770208522891637e-8
vn 0.9451159948965987 0.32673499382620014 -7.288530755887424e-8
vn -0.9854995596819155 0.1696779828578008 2.41987166447369e-7
vn 0.98575763346727 -0.16817219764576427 -3.8718014287724626e-8
vn -0.9428809266802216 -0.33312994176840754 1.549525020829764e-7
vn 0.9775931831828862 -0.2105031310791571 -4.721583193916824e-7
vn 0.9775931831828862 -0.2105031310791571 -4.721583193916824e-7
vn 0.9493697974436173 -0.3141607672862024 -9.697693409777477e-8
vn -0.9439747195610384 0.33001777047555214 6.781870965647377e-8
vn 0.7736735952282611 -0.6335843811573754 -5.2832209802204374e-8
vn -0.771163239954554 0.6366374614667238 2.40129858381562e-8
vn -0.938947362426405 0.3440608239722978 2.591241827221021e-8
vn 0.9395118958222611 -0.3425162734943563 5.242353665867676e-9
vn 0.7668899062626379 -0.6417786781067705 -9.348010805774694e-8
vn -0.7766048166046297 0.6299880624476063 -1.9763761810465788e-8
vn -0.8472278135743474 -0.5312297355249561 3.4044927658947366e-7
vn -0.8718511564799701 -0.489762550394846 -0.0028644677122969353
vn 0.9995764845530666 0.029100713539707283 -1.1219697607479421e-7
vn 0.9995764845530666 0.029100713539707283 -1.1219697607479421e-7
vn -0.9937646763711406 0.11149783852891734 5.841762565237876e-7
vn 0.9955937526187226 -0.09377142286653223 -3.946432332892351e-7
vn -0.9466437023108446 0.32213164061516414 -0.009844134791834222
vn -0.7096396575125214 -0.7045647993516291 -3.3140070856569084e-7
vn -0.2989154285452662 0.9542796060786347 -7.484544107536763e-8
vn -0.97534576480152 0.22068221288204276 0.0000011057662442070028
vn -0.7089959234248793 0.7052125782817885 2.3468393313654159e-7
vn -0.9404723975123499 -0.3398700774076127 5.620383005777281e-7
vn -0.4739766049306897 -0.8805374370112702 1.695680192844216e-8
vn -0.9309226332784951 0.3652147673588524 -0.0011065951617812
vn -0.9319339636669651 0.3626280289253844 0.000001292392376881942
vn -0.775542511227183 -0.6312953455222575 0.0000011697502929504981
vn -0.9552018726079341 -0.29595503470210244 -8.794479603860811e-7
vn -0.5306757780783319 -0.8475749043954497 3.432418498039481e-8
vn 0.543852700133101 0.839180696011254 4.880184018394541e-8
vn 0.6894290295357353 0.7243532378842619 -9.755342985007804e-9
vn -0.7364636793020963 -0.6764770868764225 8.914537536421626e-8
vn -0.3769433440504683 0.9262363172409352 -9.51773401022091e-9
vn 0.3735214986014549 -0.927621523080681 -2.8550601257048067e-8
vn -0.4724684088404759 0.8813476060259878 -9.560409518809264e-8
vn 0.46993466353083374 -0.8827012019999512 5.973031027227627e-8
vn -0.3434833213218355 0.9391587767644545 -1.1962654605576064e-7
vn 0.34047077970822925 -0.9402550973883862 1.638874299435931e-7
vn -0.23065410528628455 0.9730358080330618 -1.7309098438286058e-7
vn 0.24852117010125374 -0.9686264646454011 2.3468645922648532e-7
vn 0.9851018994306814 0.17197164806462084 4.445046294085644e-8
vn -0.9828657443088381 -0.18432289240415206 3.475575715403718e-8
vn 0.9834862759226203 -0.18098272036814853 -1.5227228963841105e-8
vn -0.986607800198851 0.16311054100436198 2.197812017354146e-7
vn 0.9939597224453162 0.1097454789793228 1.697894402771628e-7
vn -0.9914855560136818 -0.13021671250742045 -9.690969416477882e-9
vn 0.6850065568357635 0.7285369016679711 -2.1246665873849938e-7
vn 0.15106014880554675 -0.9846696836164875 -0.08721493914148394
vn -0.1766051674204439 0.9789862996642006 0.10196293400149296
vn 0.37867690386748587 -0.8993359505938622 -0.2186290247125691
vn -0.3788228051630115 0.8992539087735392 0.2187137166341848
vn -0.8659903295171496 0.008984843465776491 0.4999800213715287
vn 0.8659654356822385 0.011768079494819464 -0.49996537530980545
vn -0.16838134600576218 -0.9809163677949333 0.09721523393626681
vn 0.1722176240176723 0.9800279232566385 -0.09943017456983573
vn -0.8275394394484911 -0.2947959075419085 0.4777801262650216
vn 0.8184942714251134 0.3267353817483078 -0.4725580577643981
vn -0.8534675811549873 0.16967825236721612 0.49274981338511153
vn 0.8536915427417382 -0.16817242388475603 -0.4928780637195746
vn -0.8165583582546125 -0.3331319976355386 0.47143983679350576
vn 0.8466203305081573 -0.21050337186580478 -0.4887968355087676
vn 0.8466203305081573 -0.21050337186580478 -0.4887968355087676
vn 0.8221783341886079 -0.31416068627104415 -0.47468500080848613
vn -0.8175061035959346 0.3300176974722344 0.4719873832408215
vn 0.6700210364038739 -0.6335843009472221 -0.3868368446380188
vn -0.6678470259218073 0.6366373760133328 0.3855816404216557
vn -0.8131521678602815 0.34406082715248204 0.4694738535033384
vn 0.8136411448881994 -0.3425162791384926 -0.46975598545430197
vn 0.664145983655313 -0.6417788030103144 -0.3834450161381221
vn -0.6725594773066264 0.6299880532887165 0.3883024622617412
vn -0.7337199889150691 -0.5312297395440797 0.42361532277574715
vn -0.7542374223987798 -0.489570832128954 0.43754578158383406
vn 0.8656586019764341 0.02910065892749844 -0.4997882916537675
vn 0.8656586019764341 0.02910065892749844 -0.4997882916537675
vn -0.8606256657455514 0.11149897958696683 0.4968817173242454
vn 0.8622093329996708 -0.09377173571810654 -0.4977970747891918
vn -0.8214351625145067 0.32142687197221537 0.4710934511951139
vn -0.6145658889279983 -0.7045652041247927 0.35481916704531113
vn -0.25886648683599395 0.9542801302833105 0.1494576024819684
vn -0.8446740966481346 0.22068197665612285 0.48767318526940145
vn -0.6140077520848208 0.7052127501502786 0.35449888209305525
vn -0.8144737714166611 -0.3398693648100592 0.47023535653747606
vn -0.41047404683450944 -0.8805384311329661 0.23698761185596898
vn -0.8057845310550205 0.3647249077242792 0.4665694280575578
vn -0.8070783438282885 0.36262830599505097 0.46596701451341693
vn -0.6716373715929672 -0.6312979007636581 0.3877708106228326
vn -0.8272292219778584 -0.29595387704084225 0.4776014206117912
vn -0.4595786108501386 -0.8475748435994536 0.26533824629408165
vn 0.47099097716404476 0.8391802691066129 -0.271926415363074
vn 0.5970635011708433 0.724352860100093 -0.3447145335410585
vn -0.6377960318425657 -0.6764772401714036 0.36823194496941436
vn -0.3264423492664868 0.9262364177260634 0.188471459598971
vn 0.3234789965049703 -0.927621542694194 -0.18676084265654036
vn -0.40916984732626366 0.8813475849979832 0.23623393163816478
vn 0.4069756956554794 -0.8827010590630965 -0.2349672817109363
vn -0.2974650769552495 0.9391588283653941 0.17174173370310386
vn 0.294857349737694 -0.9402549163677146 -0.17023464850612824
vn -0.19975196364312517 0.9730357790395161 0.1153279052514069
vn 0.2152265725484527 -0.9686263656381532 -0.12425975317723811
vn 0.8531234695574764 0.17197122837606207 -0.49255075099023243
vn -0.85118653564652 -0.1843234645726827 0.49143294755439254
vn 0.8517244290642563 -0.1809828692833463 -0.4917425118505961
vn -0.8544273324341357 0.16311083634531354 0.4933039515919363
vn 0.8607944561294252 0.1097450071018601 -0.4969798162028916
vn -0.8586513410128704 -0.13021738842471053 0.49574318586204236
vn 0.5932342244025361 0.7285361818030948 -0.3425028274354675
vn 0.08721481149629484 -0.9846696128874268 -0.15106068354072366
vn -0.10196210122397935 0.978986423144992 0.1766049637234639
vn 0.2186286237227121 -0.8993361366179217 -0.37867669358208916
vn -0.21871378324103155 0.8992536991448951 0.3788232643260146
vn -0.49997972779615557 0.008984742171338116 0.8659905000639423
vn 0.4999653306480921 0.011768072395962186 -0.8659654615641594
vn -0.09721449346922234 -0.9809163985458115 0.16838159437253564
vn 0.09942971009400327 0.9800278843908958 -0.1722181133531761
vn -0.4777800050599648 -0.2947958238779676 0.8275395392300057
vn 0.47255788667093057 0.326735595702648 -0.8184942847973586
vn -0.4927496516497424 0.16967815295514982 0.8534676942970872
vn 0.4928795531683047 -0.16817256249996446 -0.8536906555016329
vn -0.4714390836923002 -0.33313324364954044 0.8165582847187948
vn 0.48879631157137937 -0.21050330274510784 -0.8466206501896917
vn 0.48879631157137937 -0.21050330274510784 -0.8466206501896917
vn 0.47468480156303106 -0.3141606328682797 -0.8221784696286248
vn -0.47198734615121823 0.3300177817838733 0.8175060909739952
vn 0.3868368176151292 -0.6335841862902538 -0.6700211604272779
vn -0.38558158578715557 0.6366374542219877 0.667846982911212
vn -0.4694734744099932 0.3440607656963766 0.8131524127332048
vn 0.46975575092755234 -0.34251614103691325 -0.8136413384284704
vn 0.383444766725636 -0.6417787250049795 -0.664146203031912
vn -0.38830233571791484 0.629988089740813 0.6725595162219721
vn -0.42361331167525745 -0.5312285072306631 0.7337220422455649
vn -0.434209197486556 -0.4926511602106671 0.754159934736104
vn 0.4997879948441138 0.02910061230465454 -0.8656587749068302
vn 0.4997879948441138 0.02910061230465454 -0.8656587749068302
vn -0.4968833683551638 0.11149836385975113 0.8606247922925677
vn 0.4977968743897894 -0.09377164602235985 -0.8622094584554343
vn -0.4747711978326276 0.3218131039760742 0.8191633755349762
vn -0.3548186995013907 -0.7045659974387668 0.6145652493732926
vn -0.14945618014901824 0.9542799681498115 0.25886790570338936
vn -0.4876738973244086 0.2206811393276488 0.8446739043047755
vn -0.354496927384344 0.7052124168808196 0.6140092634090891
vn -0.4702374746968896 -0.33987011971658826 0.8144722334828389
vn -0.23698492233299895 -0.8805391192126416 0.4104741235730306
vn -0.46438590834286353 0.36773277233489915 0.8056788046631628
vn -0.46596850283617397 0.3626270992877687 0.8070780267277468
vn -0.38776980440054 -0.6312975546242267 0.671638277885231
vn -0.4775997216699021 -0.29595378750406987 0.8272302348940275
vn -0.26533758389786327 -0.8475747384377535 0.45957918722829294
vn 0.27192638846163114 0.8391805760821366 -0.4709904457466918
vn 0.34471480237833957 0.7243532160038392 -0.5970629141775243
vn -0.36823168766766834 -0.6764770814170037 0.6377963487783174
vn -0.18847117305792882 0.9262365201328162 0.32644222413532736
vn 0.18676053656928943 -0.9276215170489317 -0.3234792467658311
vn -0.2362339073712116 0.8813478480790524 0.40916929466243335
vn 0.234966993269258 -0.8827012774974872 -0.4069753884184013
vn -0.17174271035791241 0.93915849303782 0.29746557177907057
vn 0.17023531560750726 -0.9402553968432726 -0.2948554324191978
vn -0.11532801803789028 0.9730353672216776 0.19975390457066663
vn 0.12426032916725854 -0.9686267411583819 -0.21522454996616425
vn 0.4925511497114325 0.17197113250599097 -0.8531232586810377
vn -0.49143237693606384 -0.1843233325446812 0.851186893683516
vn 0.4917439140677483 -0.1809829741464918 -0.8517235972112205
vn -0.49330372197046096 0.16311078469645815 0.8544274748659453
vn 0.496980137117078 0.10974505027915174 -0.8607942653446972
vn -0.4957424099918025 -0.13021715681382628 0.8586518240863654
vn 0.3425020107174699 0.7285374078579872 -0.5932331902431411
vn -1.369359781172834e-7 -0.9846696066352755 -0.17442983050130292
vn 1.985002773906827e-7 0.9789863396235283 0.2039258365938124
vn -7.19996746483119e-9 -0.8993360023731388 -0.43725822443437423
vn -1.9435228509138426e-7 0.8992536815200595 0.4374274983040982
vn 8.605608931561877e-8 0.008984701610007625 0.99995963675389
vn -1.565318280061951e-7 0.0117680599766482 -0.9999307539846755
vn 2.707223115383159e-7 -0.9809163337078761 0.1944303121044278
vn -5.467023514729602e-7 0.9800278608595017 -0.19886023217036217
vn 1.2949784189484152e-7 -0.29479579525532495 0.9555602749694881
vn 4.485251653112658e-8 0.32673523341294836 -0.9451159120692996
vn 2.0810898616326505e-7 0.1696779728908578 0.9854995613979776
vn -1.5971181116507872e-7 -0.16817162305527356 -0.985757731493357
vn 4.948490122473463e-7 -0.33313300774559673 0.9428798434318805
vn -6.092365714999117e-7 -0.21050321257427237 -0.9775931656346313
vn -6.092365714999117e-7 -0.21050321257427237 -0.9775931656346313
vn -1.1637231215428067e-7 -0.31416063298157637 -0.9493698418870286
vn 2.615864586022536e-7 0.3300178156005842 0.9439747037850911
vn -1.1046735563957479e-7 -0.6335842870448665 -0.7736736722997857
vn 2.257220572474748e-7 0.6366374969131561 0.7711632106915501
vn 1.0364967096323167e-7 0.3440608765210719 0.9389473431708196
vn -2.096941512877635e-7 -0.3425160964777305 -0.9395119603568727
vn -1.7220022357353025e-7 -0.6417786137162356 -0.7668899601484148
vn 5.929128720775408e-8 0.6299880624476054 0.7766048166046284
vn 0.0000011644350014019688 -0.5312284614920307 0.8472286124178374
vn 0.000002137396991146661 -0.4937758049169141 0.8695892446862974
vn -3.8758951427338844e-7 0.029100659568741284 -0.9995764861242555
vn -3.8758951427338844e-7 0.029100659568741284 -0.9995764861242555
vn 1.3157131473322868e-7 0.11149799304602806 0.9937646590348697
vn -5.213188465424813e-7 -0.09377154102760066 -0.995593741489488
vn 3.305592445304545e-7 0.32194764686943544 0.9467574729967141
vn 1.7072166077552407e-7 -0.7045656964029069 0.7096387668752729
vn -1.1418826708287667e-7 0.9542798345824437 0.29891469905190515
vn -3.612897319474676e-7 0.22068066031104766 0.9753461160862588
vn -6.632374138597516e-8 0.705211920881108 0.7089965773169666
vn 9.454850013796677e-8 -0.3398701447430118 0.9404723731786889
vn 0.000001182131176989367 -0.8805386252371755 0.47397439747736103
vn -1.221552383974683e-7 0.36882673495889723 0.9294981654524901
vn -1.3707199039790838e-7 0.3626271200859631 0.9319343173089732
vn 3.850428719208834e-7 -0.6312972156139653 0.7755409889605488
vn 9.81709038114392e-7 -0.29595390030730356 0.955202224082383
vn 1.0787600850035261e-7 -0.8475746227772828 0.5306762278677417
vn -3.611336711413317e-7 0.8391806254927489 -0.5438528089450934
vn 2.2681169825080433e-7 0.7243531514566113 -0.6894291203414781
vn 1.9810082609659127e-8 -0.6764769008062779 0.7364638502163787
vn 1.046950741643361e-7 0.9262364401664469 0.37694304199411466
vn -5.924249271486707e-7 -0.9276214424818277 -0.37352169876405067
vn 2.700815978395657e-7 0.8813477824513535 0.47246807973450305
vn -2.843162240316455e-7 -0.8827012019999171 -0.46993466353081553
vn -3.2658044893053434e-7 0.9391586210745975 0.3434837470116368
vn -0.0000010156235117973914 -0.9402554510523151 -0.3404698030154445
vn -0.0000018067118078689857 0.9730353448994754 0.2306560590426677
vn -0.000001391440517542894 -0.9686267555736022 -0.24852003618424987
vn -2.5188597875428573e-7 0.1719714254228256 -0.9851019382977471
vn 1.3405790977679132e-7 -0.18432307234452028 0.9828657105634823
vn -1.2181783442545405e-7 -0.18098227736653327 -0.9834863574443767
vn 2.3000362411340584e-7 0.1631105508299008 0.9866077985744455
vn -2.765142377312957e-7 0.10974507585086081 -0.9939597669555907
vn 2.0351036070705025e-7 -0.13021666856194536 0.9914855617852371
vn -0.0000014065447362028236 0.7285371622705719 -0.6850062796710435
vn -0.08721548985327801 -0.9846695572812506 -0.15106065435181673
vn 0.10196299248499012 0.9789863365729432 0.1766049290563369
vn -0.2186281314346632 -0.8993361922695333 -0.37867684563427545
vn 0.2187138584980793 0.8992536426290073 0.37882335503416864
vn 0.49998011810118587 0.008984752863316379 0.8659902746102345
vn -0.49996537566049637 0.011768019898428466 -0.8659654362896531
vn 0.0972153090312583 -0.9809163141352653 0.16838161524715964
vn -0.09942994001654297 0.9800278879183265 -0.1722179605344658
vn 0.4777802670140474 -0.2947957420182507 0.8275394171517718
vn -0.4725579374267941 0.32673511274726674 -0.8184944482847548
vn 0.4927503134650104 0.16967801632859011 0.853467339360405
vn -0.4928797597568638 -0.1681713697152572 -0.8536907711988636
vn 0.4714395650531097 -0.3331331276368059 0.8165580541354388
vn -0.4887968992712939 -0.21050319484248378 -0.846620337709812
vn -0.4887968992712939 -0.21050319484248378 -0.846620337709812
vn -0.47468494574562087 -0.3141607488815786 -0.8221783420552033
vn 0.4719876469435606 0.33001776288202356 0.8175059249418473
vn -0.38683701298271556 -0.6335843434047429 -0.6700208990613586
vn 0.385581780171057 0.6366375499321054 0.6678467794461278
vn 0.4694738994913511 0.3440608390144035 0.8131521362900608
vn -0.469755944686153 -0.342516219610623 -0.813641193484983
vn -0.3834451817953185 -0.6417785425710554 -0.664146139681115
vn 0.38830254401154907 0.629988089217377 0.6725593964538725
vn 0.42361453387408593 -0.5312283661707979 0.7337214387396251
vn 0.4342111401423776 -0.49265036981593846 0.7541593325660537
vn -0.49978875374156523 0.029100812540872135 -0.8656583300257175
vn -0.49978875374156523 0.029100812540872135 -0.8656583300257175
vn 0.49688290367859983 0.11149830851003763 0.8606250677451383
vn -0.4977972796568491 -0.0937714761823487 -0.8622092429455996
vn 0.4747714750413885 0.3218130898674636 0.8191632204127454
vn 0.3548200912545869 -0.704565622027092 0.6145648762333098
vn 0.14945845087335616 0.9542797068268261 0.25886755803121303
vn 0.487672710409422 0.2206811877893 0.8446745769098485
vn 0.35449847951364905 0.7052118855485756 0.6140089775431086
vn 0.47023638815973506 -0.3398700039167122 0.8144729091186158
vn 0.23698833706688133 -0.8805384085172206 0.41047367664715645
vn 0.4643855495553351 0.36773309924216036 0.8056788622558896
vn 0.4659671586878813 0.3626277591795369 0.8070785062785222
vn 0.38777031574718923 -0.6312970965362956 0.6716384132330193
vn 0.47760093210609217 -0.29595455526364656 0.8272292613720148
vn 0.26533841162448163 -0.8475745621102009 0.45957903453083937
vn -0.2719266895001196 0.8391805257827073 -0.47099036156227697
vn -0.34471464300644794 0.7243530184390506 -0.5970632458753204
vn 0.36823211862955274 -0.6764768730755428 0.6377963209391593
vn 0.18847134338699 0.9262364920608639 0.3264422054463677
vn -0.18676115497009596 -0.9276214060432578 -0.32347920805604363
vn 0.23623414035410129 0.881347764183813 0.4091693408594449
vn -0.2349665924092893 -0.8827013986090376 -0.40697535717192496
vn 0.17174192666431212 0.9391585858242751 0.2974657313005613
vn -0.17023413792519695 -0.9402555729479806 -0.2948555507789023
vn 0.11532818202041356 0.9730353114622059 0.19975408150902543
vn -0.12425962033472468 -0.9686267927544516 -0.21522472700062809
vn -0.4925514743551304 0.1719711567015233 -0.8531230663704549
vn 0.491432880188153 -0.18432288051622236 0.8511867010169853
vn -0.491744167772612 -0.1809821602086252 -0.8517236236877787
vn 0.49330431896709576 0.16311053169091808 0.8544271784885565
vn -0.496980369799271 0.10974466729374788 -0.8607941798332307
vn 0.49574279335982774 -0.13021658242973863 0.8586516898557379
vn -0.34250323184075354 0.7285374658205586 -0.5932324140456233
vn -0.15106083674180296 -0.9846695805912705 -0.0872149107726297
vn 0.17660509000340277 0.9789863201329353 0.10196287156344779
vn -0.37867589435704097 -0.8993363171718601 -0.2186292653069357
vn 0.378823134229369 0.8992537440454242 0.21871382396392836
vn 0.8659905298010045 0.008984750556279671 0.49997967613935745
vn -0.8659654384535421 0.01176780758628452 -0.49996537690981835
vn 0.16838140538400106 -0.9809163664759962 0.09721514439858565
vn -0.17221790567917625 0.9800278805327899 -0.09943010782396723
vn 0.8275395986134741 -0.2947957131591498 0.4777799705195253
vn -0.8184944091140511 0.32673515070662384 -0.47255797902665886
vn 0.853468042083236 0.16967795118111623 0.49274911874663563
vn -0.8536916783577985 -0.16817198324135388 -0.4928779791746787
vn 0.816558662842969 -0.33313158308140534 0.471439602165303
vn -0.8466204841809594 -0.21050326122550278 -0.4887966169877055
vn -0.8466204841809594 -0.21050326122550278 -0.4887966169877055
vn -0.8221784465351497 -0.3141607134510573 -0.4746847882300115
vn 0.8175062204021029 0.330017672440424 0.4719871984290184
vn -0.6700211155968749 -0.6335843194703347 -0.3868366771334282
vn 0.6678470059343541 0.6366374761692224 0.3855815096726002
vn 0.813152408914179 0.3440606150688531 0.4694735914143737
vn -0.8136411173357914 -0.3425163318551887 -0.4697559947387911
vn -0.6641461749920707 -0.6417786362974323 -0.38344496376352355
vn 0.6725595410822028 0.6299880571956398 0.3883023454605448
vn 0.7337213507890137 -0.5312285244617024 0.4236144877062017
vn 0.7542370946611271 -0.4895713790856071 0.43754573454366913
vn -0.8656590106057327 0.0291008728424672 -0.49978757143101366
vn -0.8656590106057327 0.0291008728424672 -0.49978757143101366
vn 0.8606253116601429 0.11149893507088701 0.4968823406078545
vn -0.8622094437157405 -0.09377151030885786 -0.49779692548446813
vn 0.8214352007457664 0.32142692969254544 0.4710933451495422
vn 0.614566568589213 -0.7045648144185254 0.35481876367501897
vn 0.25887001957942674 0.954279235846118 0.14945719452705014
vn 0.844674019560164 0.2206813618120693 0.4876735970183809
vn 0.6140100286578424 0.7052111541439926 0.3544981139279774
vn 0.8144732744015454 -0.3398694110646289 0.47023618396313055
vn 0.41047468081078115 -0.8805382740803914 0.23698709731293985
vn 0.805784548091881 0.36472497786364716 0.46656934380510373
vn 0.8070776929697709 0.36262902340404907 0.4659675835244526
vn 0.6716390184020221 -0.6312964494598329 0.3877703210140982
vn 0.8272291573218559 -0.2959543435929932 0.47760124349190364
vn 0.45957914139601647 -0.8475745943073494 0.2653381236807715
vn -0.47099049212911975 0.8391805525236354 -0.27192638082778176
vn -0.5970632124097502 0.724353109755447 -0.34471450908623297
vn 0.637796586079472 -0.676476841813227 0.36823171682484485
vn 0.32644208793902474 0.9262364968899068 0.1884715231835393
vn -0.32347953227061915 -0.9276213619412974 -0.18676081246384085
vn 0.40916901539456374 0.8813479434931929 0.23623403510367183
vn -0.40697531877508875 -0.8827011961196694 -0.23496741960710224
vn 0.2974655380988412 0.93915863449105 0.17174199516854718
vn -0.2948550425610518 -0.9402555679148443 -0.17023504598481948
vn 0.19975385838975115 0.9730353600248467 0.11532815874591952
vn -0.21522391802177135 -0.968626892538647 -0.12426024369154497
vn -0.8531234379526427 0.17197126670869264 -0.4925507923478262
vn 0.8511868032094734 -0.18432259370920645 0.4914328107588544
vn -0.8517245304016959 -0.18098258236370793 -0.4917424419276563
vn 0.8544277413598925 0.1631105253577841 0.49330334613920906
vn -0.8607944335262944 0.10974510852824816 -0.4969798329552911
vn 0.8586515010022195 -0.13021647073710504 0.4957431498017983
vn -0.5932335447606293 0.7285371060149457 -0.3425020387240145
vn -0.17442967157569933 -0.9846696347882338 -8.930607446623012e-9
vn 0.20392522725385023 0.9789864665507207 3.565873685500004e-9
vn -0.43725776911397535 -0.8993362237502949 -1.7039924764432053e-7
vn 0.4374271869675183 0.899253832964683 9.837583413764889e-8
vn 0.9999596360175663 0.008984783559777321 0
vn -0.9999307579408667 0.011767723815752452 5.049413425516444e-9
vn 0.19443021173948377 -0.980916353601539 1.7227781388615864e-8
vn -0.19886055595257635 0.9800277951600306 3.9941721054840673e-8
vn 0.9555602581791562 -0.2947958496800523 -2.158297563837732e-8
vn -0.9451160040996317 0.32673496720544737 5.606562003703554e-9
vn 0.9854995671571395 0.16967793944135784 -1.5971151515055114e-7
vn -0.9857576408780798 -0.16817215420658252 4.839751822350262e-9
vn 0.9428795923070113 -0.33313371851199797 -0.0000011546482860135025
vn -0.977593183182988 -0.21050313107917903 1.2184730731329493e-7
vn -0.977593183182988 -0.21050313107917903 1.2184730731329493e-7
vn -0.949369779666248 -0.3141608210080474 9.697693938726608e-8
vn 0.9439747474138419 0.3300176908060479 -1.3079322708757294e-7
vn -0.7736735952282608 -0.6335843811573751 5.7635141195780835e-8
vn 0.7711632106915681 0.636637496913171 -6.723635566382115e-8
vn 0.9389474465045679 0.34406059452159243 0
vn -0.9395118670512653 -0.3425163524123272 0
vn -0.7668899308125942 -0.6417786487709407 4.9200057428328065e-9
vn 0.7766049222403442 0.6299879322273316 4.9409403662582335e-9
vn 0.8472287433594486 -0.5312282526612669 -1.6282355225409828e-7
vn 0.8718491167118487 -0.4897661788573294 -0.002864914703729095
vn -0.9995764900251809 0.029100525571860682 6.170833895531177e-7
vn -0.9995764900251809 0.029100525571860682 6.170833895531177e-7
vn 0.9937645478394 0.1114989841093838 3.578739185705812e-7
vn -0.9955937500079695 -0.09377145058632762 -6.82099340571465e-8
vn 0.946643736111352 0.32213153290779123 -0.009844408952152443
vn 0.7096407861345326 -0.7045636625985828 -1.807640577224012e-7
vn 0.2989142409532416 0.954279978075237 -2.6945254476646946e-7
vn 0.9753461128789904 0.22068067448653647 1.040076708650434e-7
vn 0.7089973204549667 0.7052111737541282 4.5916426945150196e-8
vn 0.9404728050528172 -0.33986894967913595 -2.941507546416944e-7
vn 0.47397381272213157 -0.880538939998474 -9.689603726612588e-8
vn 0.9309229363861332 0.365213994493151 -0.0011066781719505153
vn 0.9319337409561371 0.3626286012815929 2.3498041415871849e-7
vn 0.7755403482900687 -0.6312980026686923 -7.993296512229041e-7
vn 0.9552022882784417 -0.2959536931136203 1.942965624462678e-7
vn 0.5306758905257031 -0.8475748339909284 -4.90345402116404e-8
vn -0.543852159139689 0.8391810466157451 3.4161285711228154e-8
vn -0.689429090575523 0.7243531797874622 7.316506365807797e-9
vn 0.7364635653592152 -0.6764772109231657 -8.666912029415026e-8
vn 0.3769430978873285 0.9262364174200363 2.1414902859369428e-8
vn -0.3735221403938345 -0.9276212646525567 -7.137650618929397e-9
vn 0.47246765802979224 0.8813480085164093 5.258225467473328e-8
vn -0.4699352747914795 -0.8827008765752145 -6.689793633330244e-8
vn 0.34348491382542923 0.9391581943284668 1.770472851761796e-7
vn -0.3404693505574401 -0.9402556148893627 -1.459435552614481e-7
vn 0.23065504689372585 0.9730355848284259 2.3755250121447134e-7
vn -0.2485194615008073 -0.9686269030206166 -1.941821774707174e-7
vn -0.9851018809982415 0.17197175365078593 0
vn 0.9828657497079657 -0.18432286361436148 -1.4895324068880585e-8
vn -0.983486284579555 -0.18098267332510654 -5.0757427481240265e-9
vn 0.9866078049948376 0.1631105119949337 -1.380021522501537e-7
vn -0.9939597044704425 0.10974564177693227 -4.85112739998158e-9
vn 0.9914855617852576 -0.13021666856194805 0
vn -0.6850081844011253 0.7285353713461834 9.760333572095581e-7
vn -0.1510604782125535 -0.9846696343204074 0.08721492515338097
vn 0.17660398545490566 0.9789865116203387 -0.10196294614654938
vn -0.37867668086735856 -0.8993360356422802 0.2186290611115274
vn 0.3788234018303524 0.8992536718288334 -0.21871365738801085
vn 0.8659903962108165 0.00898482118758658 -0.49997990625510147
vn -0.8659653704802913 0.011767754265829893 0.49996549589793776
vn 0.16838234744094216 -0.9809162067919339 -0.09721512394273767
vn -0.1722175426823191 0.9800279439967967 0.09943011102213929
vn 0.827539446718923 -0.29479588032954757 -0.4777801304626075
vn -0.8184944891673093 0.3267348966573343 0.47255801602455794
vn 0.8534675657160455 0.16967785001758615 -0.492749978674923
vn -0.8536915561031029 -0.1681715473483202 0.49287833965466016
vn 0.8165560617662733 -0.3331355014534829 -0.47144133851847425
vn -0.8466205701124448 -0.21050302943390647 0.48879656797243065
vn -0.8466205701124448 -0.21050302943390647 0.48879656797243065
vn -0.8221783110951327 -0.31416076685381705 0.4746849874754588
vn 0.8175060449767863 0.3300177632153305 -0.47198743880400335
vn -0.6700209552621301 -0.6335843369446014 0.3868369262209758
vn 0.6678468938513906 0.6366374857479378 -0.3855816879904876
vn 0.8131522611368839 0.3440607772126899 -0.4694737285426872
vn -0.8136409833336994 -0.3425164103241506 0.4697561696225277
vn -0.6641461522233758 -0.6417786142955559 0.3834450400249825
vn 0.672559494778307 0.6299880100498368 -0.38830250215134465
vn 0.7337211157464526 -0.531228467301357 -0.4236149664924882
vn 0.7491302541028291 -0.49675783851797445 -0.4382185667663804
vn -0.8656584977576576 0.02910046026946364 0.4997884837329299
vn -0.8656584977576576 0.02910046026946364 0.4997884837329299
vn 0.8606256664379849 0.11149886019584626 -0.4968817429159594
vn -0.8622094716600495 -0.09377135040338007 0.4977969072053632
vn 0.8166861935734205 0.32155247123800357 -0.4791948136898918
vn 0.6145668070114574 -0.7045645163994998 -0.3548189424910697
vn 0.258865833254706 0.9542803167273299 -0.14945754407233355
vn 0.8446742144783121 0.22068060538900738 -0.48767360170567725
vn 0.6140084318942491 0.7052123010599363 -0.35449859801770006
vn 0.8144731359524541 -0.3398695520477106 -0.4702363218666376
vn 0.4104725462273512 -0.8805391878148157 -0.23698739948794706
vn 0.802871797211288 0.3713010726866849 -0.4664036777990001
vn 0.8070785669182208 0.36262770003995476 -0.46596709968082917
vn 0.6716362929425798 -0.6312988490175818 -0.38777113511893263
vn 0.8272292250441778 -0.29595406542964214 -0.47760129856238437
vn 0.45957898944725833 -0.8475746438532232 -0.2653382285983662
vn -0.4709892907259207 0.8391811319816055 0.2719266734757095
vn -0.5970631891173809 0.7243530218926544 0.3447147340569623
vn 0.6377958366949521 -0.6764773456713369 -0.3682320891612357
vn 0.32644193953491824 0.9262365582182623 -0.1884714788307988
vn -0.32347925454490783 -0.927621453894229 0.18676083677855812
vn 0.40916936578275 0.8813478132790904 -0.23623391401978605
vn -0.40697592169695956 -0.8827009726134176 0.2349672149603792
vn 0.29746718138592776 0.9391581707856386 -0.17174168464553044
vn -0.29485484393009687 -0.9402556835347831 0.17023475142137062
vn 0.19975367978473466 0.9730354336286748 -0.11532784709477005
vn -0.21522370398895507 -0.9686269948292756 0.12425981703383071
vn -0.8531233157363536 0.1719713526233631 0.49255097403608955
vn 0.8511867610655289 -0.18432299982163844 -0.4914327314328243
vn -0.8517244588352694 -0.18098211565015448 0.4917427376551299
vn 0.8544273361829927 0.16311044963078286 -0.49330407296562967
vn -0.8607943100075777 0.10974512302857205 0.49698004369393134
vn 0.8586516111470095 -0.13021680304996927 -0.49574287173704296
vn -0.5932343297155102 0.7285360319337649 0.34250296381373646
vn -0.0872147578563769 -0.9846696206255662 0.15106066406962887
vn 0.10196282102490906 0.978986335644248 -0.176605033196934
vn -0.21862911046311612 -0.8993359951577264 0.3786767485227581
vn 0.21871380668314133 0.8992536746568189 -0.3788233089216894
vn 0.49997970139040365 0.00898487487594844 -0.8659905139324716
vn -0.49996498315452703 0.01176779812418334 0.8659656659167279
vn 0.09721588080389208 -0.9809162507091237 -0.1683816546250787
vn -0.09942966502914163 0.9800278946608919 0.17221808092860794
vn 0.4777798931266506 -0.2947957801766268 -0.8275396194225025
vn -0.4725578958269291 0.3267350747879099 0.8184944874554526
vn 0.49274964917499975 0.16967826203478079 -0.8534676740397207
vn -0.49287964694470277 -0.16817138206657012 0.853690833898013
vn 0.47143902375084923 -0.33313318380689855 -0.8165583437400694
vn -0.48879665346865564 -0.21050312999123447 0.8466204957486774
vn -0.48879665346865564 -0.21050312999123447 0.8466204957486774
vn -0.4746847285476575 -0.31416078308251427 0.8221784543860404
vn 0.4719871891447533 0.33001772555342396 -0.817506204321276
vn -0.38683664707585735 -0.6335843298448818 0.670021123140249
vn 0.3855815350441195 0.6366374688534778 -0.6678469982599737
vn 0.46947355242379046 0.34406084675368676 -0.8131523333949934
vn -0.469755536794112 -0.34251631582805026 0.8136413884770459
vn -0.3834448566325874 -0.6417785470278689 0.6641463231071991
vn 0.38830226953424296 0.6299880790668921 -0.6725595644314065
vn 0.4236131964416188 -0.5312288476128607 -0.7337218623323325
vn 0.43266930332597975 -0.501185049775677 -0.7494069787777289
vn -0.49978821987669664 0.02910074576306281 0.8656586404978098
vn -0.49978821987669664 0.02910074576306281 0.8656586404978098
vn 0.4968831498445483 0.11149900984005004 -0.8606248347597509
vn -0.49779681931055886 -0.09377139171844615 0.8622095179128308
vn 0.4732486938768765 0.32271120191559877 -0.8196908892393644
vn 0.3548198530506456 -0.7045657416625691 -0.6145648766050597
vn 0.14945714378906783 0.9542798529671489 -0.2588677739530564
vn 0.48767281272782625 0.22068110422500212 -0.8446745396684833
vn 0.3544973518970873 0.7052121336583673 -0.6140093436088457
vn 0.47023657823752757 -0.3398699607154606 -0.8144728174044441
vn 0.2369872002513948 -0.8805385670145159 -0.4104739929849735
vn 0.46332187200422276 0.3759399712518875 -0.8024973401436498
vn 0.46596713493124814 0.3626275188564825 -0.8070786279737281
vn 0.38776972470769894 -0.631297332020447 -0.6716385331292279
vn 0.4776008761516851 -0.29595396147913416 -0.8272295061129951
vn 0.2653381477506706 -0.8475745759961628 -0.4595791612694903
vn -0.27192602674274835 0.8391805634570754 0.47099067707945985
vn -0.3447147970403654 0.724352790573892 0.5970634333881412
vn 0.36823157147292324 -0.6764770273503704 -0.6377964732089599
vn 0.18847117459195253 0.9262365412984469 -0.32644216319498365
vn -0.18676102553738735 -0.9276214292770317 0.323479216158102
vn 0.23623399212252047 0.8813478863032543 -0.40916916339656273
vn -0.23496776642059292 -0.8827010886375936 0.4069753516631261
vn 0.17174200354010893 0.9391585987844111 -0.29746564599854314
vn -0.17023592138224136 -0.9402553086673608 0.29485536385486577
vn 0.11532870878168132 0.9730352926477808 -0.19975386903035836
vn -0.12426272963346147 -0.9686264554137908 0.21522445004356955
vn -0.492551080337592 0.17197175044802954 0.8531231741701262
vn 0.49143267478819663 -0.18432285192024606 -0.8511868257970782
vn -0.4917437255174979 -0.18098188277837754 0.8517239379753073
vn 0.4933036030507021 0.16311082949567093 -0.8544275349720594
vn -0.49697993929894707 0.10974539452083795 0.8607943356667029
vn 0.49574276511017806 -0.1302166722445452 -0.8586516925450457
vn -0.3425023111741959 0.7285376514528609 0.5932327176209046
vn 3.486158028075746e-7 -0.06725516237173183 0.9977358082850543
vn 3.486158028075746e-7 -0.06725516237173183 0.9977358082850543
vn 0.4988680107195478 -0.06725517958768375 0.8640644933680295
vn 0.8640646187874244 -0.06725512327761227 0.4988678010782578
vn 0.9977358115151774 -0.06725511445321676 -1.8658312168172087e-7
vn 0.8640644684490572 -0.06725513013340376 -0.49886806054766364
vn 0.4988678018281903 -0.06725510102697338 -0.8640646200863459
vn -1.9640327804866783e-7 -0.0672550922025757 -0.9977358130150407
vn -0.4988680806256197 -0.06725509500227221 -0.8640644595914969
vn -0.8640646205193195 -0.06725509361009371 -0.49886780207816767
vn -0.9977358130150491 -0.06725509220257626 1.4730245498378817e-7
vn -0.8640645655778014 -0.06725511632479306 0.4988678941773903
vn -0.4988677339219172 -0.06725512627734244 0.864064657326655
f 168/168/168 73/73/73 141/141/141
f 168/168/168 141/141/141 201/201/201
f 227/227/227 168/168/168 201/201/201
f 227/227/227 201/201/201 260/260/260
f 286/286/286 227/227/227 260/260/260
f 286/286/286 260/260/260 319/319/319
f 345/345/345 286/286/286 319/319/319
f 345/345/345 319/319/319 378/378/378
f 404/404/404 345/345/345 378/378/378
f 404/404/404 378/378/378 437/437/437
f 463/463/463 404/404/404 437/437/437
f 463/463/463 437/437/437 496/496/496
f 522/522/522 463/463/463 496/496/496
f 522/522/522 496/496/496 555/555/555
f 581/581/581 522/522/522 555/555/555
f 581/581/581 555/555/555 614/614/614
f 640/640/640 581/581/581 614/614/614
f 640/640/640 614/614/614 673/673/673
f 699/699/699 640/640/640 673/673/673
f 699/699/699 673/673/673 732/732/732
f 758/758/758 699/699/699 732/732/732
f 758/758/758 732/732/732 791/791/791
f 75/75/75 758/758/758 791/791/791
f 75/75/75 791/791/791 142/142/142
f 187/187/187 113/113/113 1/1/1
f 187/187/187 1/1/1 144/144/144
f 188/188/188 143/143/143 3/3/3
f 188/188/188 3/3/3 115/115/115
f 246/246/246 187/187/187 144/144/144
f 246/246/246 144/144/144 203/203/203
f 247/247/247 202/202/202 143/143/143
f 247/247/247 143/143/143 188/188/188
f 305/305/305 246/246/246 203/203/203
f 305/305/305 203/203/203 262/262/262
f 306/306/306 261/261/261 202/202/202
f 306/306/306 202/202/202 247/247/247
f 364/364/364 305/305/305 262/262/262
f 364/364/364 262/262/262 321/321/321
f 365/365/365 320/320/320 261/261/261
f 365/365/365 261/261/261 306/306/306
f 423/423/423 364/364/364 321/321/321
f 423/423/423 321/321/321 380/380/380
f 424/424/424 379/379/379 320/320/320
f 424/424/424 320/320/320 365/365/365
f 482/482/482 423/423/423 380/380/380
f 482/482/482 380/380/380 439/439/439
f 483/483/483 438/438/438 379/379/379
f 483/483/483 379/379/379 424/424/424
f 541/541/541 482/482/482 439/439/439
f 541/541/541 439/439/439 498/498/498
f 542/542/542 497/497/497 438/438/438
f 542/542/542 438/438/438 483/483/483
f 600/600/600 541/541/541 498/498/498
f 600/600/600 498/498/498 557/557/557
f 601/601/601 556/556/556 497/497/497
f 601/601/601 497/497/497 542/542/542
f 659/659/659 600/600/600 557/557/557
f 659/659/659 557/557/557 616/616/616
f 660/660/660 615/615/615 556/556/556
f 660/660/660 556/556/556 601/601/601
f 718/718/718 659/659/659 616/616/616
f 718/718/718 616/616/616 675/675/675
f 719/719/719 674/674/674 615/615/615
f 719/719/719 615/615/615 660/660/660
f 777/777/777 718/718/718 675/675/675
f 777/777/777 675/675/675 734/734/734
f 778/778/778 733/733/733 674/674/674
f 778/778/778 674/674/674 719/719/719
f 114/114/114 777/777/777 734/734/734
f 114/114/114 734/734/734 2/2/2
f 116/116/116 4/4/4 733/733/733
f 116/116/116 733/733/733 778/778/778
f 191/191/191 121/121/121 29/29/29
f 191/191/191 29/29/29 146/146/146
f 192/192/192 145/145/145 31/31/31
f 192/192/192 31/31/31 123/123/123
f 250/250/250 191/191/191 146/146/146
f 250/250/250 146/146/146 205/205/205
f 251/251/251 204/204/204 145/145/145
f 251/251/251 145/145/145 192/192/192
f 309/309/309 250/250/250 205/205/205
f 309/309/309 205/205/205 264/264/264
f 310/310/310 263/263/263 204/204/204
f 310/310/310 204/204/204 251/251/251
f 368/368/368 309/309/309 264/264/264
f 368/368/368 264/264/264 323/323/323
f 369/369/369 322/322/322 263/263/263
f 369/369/369 263/263/263 310/310/310
f 427/427/427 368/368/368 323/323/323
f 427/427/427 323/323/323 382/382/382
f 428/428/428 381/381/381 322/322/322
f 428/428/428 322/322/322 369/369/369
f 486/486/486 427/427/427 382/382/382
f 486/486/486 382/382/382 441/441/441
f 487/487/487 440/440/440 381/381/381
f 487/487/487 381/381/381 428/428/428
f 545/545/545 486/486/486 441/441/441
f 545/545/545 441/441/441 500/500/500
f 546/546/546 499/499/499 440/440/440
f 546/546/546 440/440/440 487/487/487
f 604/604/604 545/545/545 500/500/500
f 604/604/604 500/500/500 559/559/559
f 605/605/605 558/558/558 499/499/499
f 605/605/605 499/499/499 546/546/546
f 663/663/663 604/604/604 559/559/559
f 663/663/663 559/559/559 618/618/618
f 664/664/664 617/617/617 558/558/558
f 664/664/664 558/558/558 605/605/605
f 722/722/722 663/663/663 618/618/618
f 722/722/722 618/618/618 677/677/677
f 723/723/723 676/676/676 617/617/617
f 723/723/723 617/617/617 664/664/664
f 781/781/781 722/722/722 677/677/677
f 781/781/781 677/677/677 736/736/736
f 782/782/782 735/735/735 676/676/676
f 782/782/782 676/676/676 723/723/723
f 122/122/122 781/781/781 736/736/736
f 122/122/122 736/736/736 30/30/30
f 124/124/124 32/32/32 735/735/735
f 124/124/124 735/735/735 782/782/782
f 195/195/195 129/129/129 33/33/33
f 195/195/195 33/33/33 148/148/148
f 196/196/196 147/147/147 35/35/35
f 196/196/196 35/35/35 131/131/131
f 254/254/254 195/195/195 148/148/148
f 254/254/254 148/148/148 207/207/207
f 255/255/255 206/206/206 147/147/147
f 255/255/255 147/147/147 196/196/196
f 313/313/313 254/254/254 207/207/207
f 313/313/313 207/207/207 266/266/266
f 314/314/314 265/265/265 206/206/206
f 314/314/314 206/206/206 255/255/255
f 372/372/372 313/313/313 266/266/266
f 372/372/372 266/266/266 325/325/325
f 373/373/373 324/324/324 265/265/265
f 373/373/373 265/265/265 314/314/314
f 431/431/431 372/372/372 325/325/325
f 431/431/431 325/325/325 384/384/384
f 432/432/432 383/383/383 324/324/324
f 432/432/432 324/324/324 373/373/373
f 490/490/490 431/431/431 384/384/384
f 490/490/490 384/384/384 443/443/443
f 491/491/491 442/442/442 383/383/383
f 491/491/491 383/383/383 432/432/432
f 549/549/549 490/490/490 443/443/443
f 549/549/549 443/443/443 502/502/502
f 550/550/550 501/501/501 442/442/442
f 550/550/550 442/442/442 491/491/491
f 608/608/608 549/549/549 502/502/502
f 608/608/608 502/502/502 561/561/561
f 609/609/609 560/560/560 501/501/501
f 609/609/609 501/501/501 550/550/550
f 667/667/667 608/608/608 561/561/561
f 667/667/667 561/561/561 620/620/620
f 668/668/668 619/619/619 560/560/560
f 668/668/668 560/560/560 609/609/609
f 726/726/726 667/667/667 620/620/620
f 726/726/726 620/620/620 679/679/679
f 727/727/727 678/678/678 619/619/619
f 727/727/727 619/619/619 668/668/668
f 785/785/785 726/726/726 679/679/679
f 785/785/785 679/679/679 738/738/738
f 786/786/786 737/737/737 678/678/678
f 786/786/786 678/678/678 727/727/727
f 130/130/130 785/785/785 738/738/738
f 130/130/130 738/738/738 34/34/34
f 132/132/132 36/36/36 737/737/737
f 132/132/132 737/737/737 786/786/786
f 144/144/144 1/1/1 37/37/37
f 144/144/144 37/37/37 150/150/150
f 143/143/143 149/149/149 39/39/39
f 143/143/143 39/39/39 3/3/3
f 203/203/203 144/144/144 150/150/150
f 203/203/203 150/150/150 209/209/209
f 202/202/202 208/208/208 149/149/149
f 202/202/202 149/149/149 143/143/143
f 262/262/262 203/203/203 209/209/209
f 262/262/262 209/209/209 268/268/268
f 261/261/261 267/267/267 208/208/208
f 261/261/261 208/208/208 202/202/202
f 321/321/321 262/262/262 268/268/268
f 321/321/321 268/268/268 327/327/327
f 320/320/320 326/326/326 267/267/267
f 320/320/320 267/267/267 261/261/261
f 380/380/380 321/321/321 327/327/327
f 380/380/380 327/327/327 386/386/386
f 379/379/379 385/385/385 326/326/326
f 379/379/379 326/326/326 320/320/320
f 439/439/439 380/380/380 386/386/386
f 439/439/439 386/386/386 445/445/445
f 438/438/438 444/444/444 385/385/385
f 438/438/438 385/385/385 379/379/379
f 498/498/498 439/439/439 445/445/445
f 498/498/498 445/445/445 504/504/504
f 497/497/497 503/503/503 444/444/444
f 497/497/497 444/444/444 438/438/438
f 557/557/557 498/498/498 504/504/504
f 557/557/557 504/504/504 563/563/563
f 556/556/556 562/562/562 503/503/503
f 556/556/556 503/503/503 497/497/497
f 616/616/616 557/557/557 563/563/563
f 616/616/616 563/563/563 622/622/622
f 615/615/615 621/621/621 562/562/562
f 615/615/615 562/562/562 556/556/556
f 675/675/675 616/616/616 622/622/622
f 675/675/675 622/622/622 681/681/681
f 674/674/674 680/680/680 621/621/621
f 674/674/674 621/621/621 615/615/615
f 734/734/734 675/675/675 681/681/681
f 734/734/734 681/681/681 740/740/740
f 733/733/733 739/739/739 680/680/680
f 733/733/733 680/680/680 674/674/674
f 2/2/2 734/734/734 740/740/740
f 2/2/2 740/740/740 38/38/38
f 4/4/4 40/40/40 739/739/739
f 4/4/4 739/739/739 733/733/733
f 185/185/185 109/109/109 41/41/41
f 185/185/185 41/41/41 152/152/152
f 186/186/186 151/151/151 43/43/43
f 186/186/186 43/43/43 111/111/111
f 244/244/244 185/185/185 152/152/152
f 244/244/244 152/152/152 211/211/211
f 245/245/245 210/210/210 151/151/151
f 245/245/245 151/151/151 186/186/186
f 303/303/303 244/244/244 211/211/211
f 303/303/303 211/211/211 270/270/270
f 304/304/304 269/269/269 210/210/210
f 304/304/304 210/210/210 245/245/245
f 362/362/362 303/303/303 270/270/270
f 362/362/362 270/270/270 329/329/329
f 363/363/363 328/328/328 269/269/269
f 363/363/363 269/269/269 304/304/304
f 421/421/421 362/362/362 329/329/329
f 421/421/421 329/329/329 388/388/388
f 422/422/422 387/387/387 328/328/328
f 422/422/422 328/328/328 363/363/363
f 480/480/480 421/421/421 388/388/388
f 480/480/480 388/388/388 447/447/447
f 481/481/481 446/446/446 387/387/387
f 481/481/481 387/387/387 422/422/422
f 539/539/539 480/480/480 447/447/447
f 539/539/539 447/447/447 506/506/506
f 540/540/540 505/505/505 446/446/446
f 540/540/540 446/446/446 481/481/481
f 598/598/598 539/539/539 506/506/506
f 598/598/598 506/506/506 565/565/565
f 599/599/599 564/564/564 505/505/505
f 599/599/599 505/505/505 540/540/540
f 657/657/657 598/598/598 565/565/565
f 657/657/657 565/565/565 624/624/624
f 658/658/658 623/623/623 564/564/564
f 658/658/658 564/564/564 599/599/599
f 716/716/716 657/657/657 624/624/624
f 716/716/716 624/624/624 683/683/683
f 717/717/717 682/682/682 623/623/623
f 717/717/717 623/623/623 658/658/658
f 775/775/775 716/716/716 683/683/683
f 775/775/775 683/683/683 742/742/742
f 776/776/776 741/741/741 682/682/682
f 776/776/776 682/682/682 717/717/717
f 110/110/110 775/775/775 742/742/742
f 110/110/110 742/742/742 42/42/42
f 112/112/112 44/44/44 741/741/741
f 112/112/112 741/741/741 776/776/776
f 197/197/197 133/133/133 45/45/45
f 197/197/197 45/45/45 154/154/154
f 198/198/198 153/153/153 47/47/47
f 198/198/198 47/47/47 135/135/135
f 256/256/256 197/197/197 154/154/154
f 256/256/256 154/154/154 213/213/213
f 257/257/257 212/212/212 153/153/153
f 257/257/257 153/153/153 198/198/198
f 315/315/315 256/256/256 213/213/213
f 315/315/315 213/213/213 272/272/272
f 316/316/316 271/271/271 212/212/212
f 316/316/316 212/212/212 257/257/257
f 374/374/374 315/315/315 272/272/272
f 374/374/374 272/272/272 331/331/331
f 375/375/375 330/330/330 271/271/271
f 375/375/375 271/271/271 316/316/316
f 433/433/433 374/374/374 331/331/331
f 433/433/433 331/331/331 390/390/390
f 434/434/434 389/389/389 330/330/330
f 434/434/434 330/330/330 375/375/375
f 492/492/492 433/433/433 390/390/390
f 492/492/492 390/390/390 449/449/449
f 493/493/493 448/448/448 389/389/389
f 493/493/493 389/389/389 434/434/434
f 551/551/551 492/492/492 449/449/449
f 551/551/551 449/449/449 508/508/508
f 552/552/552 507/507/507 448/448/448
f 552/552/552 448/448/448 493/493/493
f 610/610/610 551/551/551 508/508/508
f 610/610/610 508/508/508 567/567/567
f 611/611/611 566/566/566 507/507/507
f 611/611/611 507/507/507 552/552/552
f 669/669/669 610/610/610 567/567/567
f 669/669/669 567/567/567 626/626/626
f 670/670/670 625/625/625 566/566/566
f 670/670/670 566/566/566 611/611/611
f 728/728/728 669/669/669 626/626/626
f 728/728/728 626/626/626 685/685/685
f 729/729/729 684/684/684 625/625/625
f 729/729/729 625/625/625 670/670/670
f 787/787/787 728/728/728 685/685/685
f 787/787/787 685/685/685 744/744/744
f 788/788/788 743/743/743 684/684/684
f 788/788/788 684/684/684 729/729/729
f 134/134/134 787/787/787 744/744/744
f 134/134/134 744/744/744 46/46/46
f 136/136/136 48/48/48 743/743/743
f 136/136/136 743/743/743 788/788/788
f 794/794/794 792/792/792 50/50/50
f 794/794/794 50/50/50 157/157/157
f 159/159/159 155/155/155 53/53/53
f 159/159/159 53/53/53 57/57/57
f 795/795/795 794/794/794 157/157/157
f 795/795/795 157/157/157 216/216/216
f 218/218/218 214/214/214 155/155/155
f 218/218/218 155/155/155 159/159/159
f 796/796/796 795/795/795 216/216/216
f 796/796/796 216/216/216 275/275/275
f 277/277/277 273/273/273 214/214/214
f 277/277/277 214/214/214 218/218/218
f 797/797/797 796/796/796 275/275/275
f 797/797/797 275/275/275 334/334/334
f 336/336/336 332/332/332 273/273/273
f 336/336/336 273/273/273 277/277/277
f 798/798/798 797/797/797 334/334/334
f 798/798/798 334/334/334 393/393/393
f 395/395/395 391/391/391 332/332/332
f 395/395/395 332/332/332 336/336/336
f 799/799/799 798/798/798 393/393/393
f 799/799/799 393/393/393 452/452/452
f 454/454/454 450/450/450 391/391/391
f 454/454/454 391/391/391 395/395/395
f 800/800/800 799/799/799 452/452/452
f 800/800/800 452/452/452 511/511/511
f 513/513/513 509/509/509 450/450/450
f 513/513/513 450/450/450 454/454/454
f 801/801/801 800/800/800 511/511/511
f 801/801/801 511/511/511 570/570/570
f 572/572/572 568/568/568 509/509/509
f 572/572/572 509/509/509 513/513/513
f 802/802/802 801/801/801 570/570/570
f 802/802/802 570/570/570 629/629/629
f 631/631/631 627/627/627 568/568/568
f 631/631/631 568/568/568 572/572/572
f 803/803/803 802/802/802 629/629/629
f 803/803/803 629/629/629 688/688/688
f 690/690/690 686/686/686 627/627/627
f 690/690/690 627/627/627 631/631/631
f 804/804/804 803/803/803 688/688/688
f 804/804/804 688/688/688 747/747/747
f 749/749/749 745/745/745 686/686/686
f 749/749/749 686/686/686 690/690/690
f 793/793/793 804/804/804 747/747/747
f 793/793/793 747/747/747 52/52/52
f 58/58/58 54/54/54 745/745/745
f 58/58/58 745/745/745 749/749/749
f 160/160/160 59/59/59 55/55/55
f 160/160/160 55/55/55 158/158/158
f 161/161/161 159/159/159 57/57/57
f 161/161/161 57/57/57 61/61/61
f 219/219/219 160/160/160 158/158/158
f 219/219/219 158/158/158 217/217/217
f 220/220/220 218/218/218 159/159/159
f 220/220/220 159/159/159 161/161/161
f 278/278/278 219/219/219 217/217/217
f 278/278/278 217/217/217 276/276/276
f 279/279/279 277/277/277 218/218/218
f 279/279/279 218/218/218 220/220/220
f 337/337/337 278/278/278 276/276/276
f 337/337/337 276/276/276 335/335/335
f 338/338/338 336/336/336 277/277/277
f 338/338/338 277/277/277 279/279/279
f 396/396/396 337/337/337 335/335/335
f 396/396/396 335/335/335 394/394/394
f 397/397/397 395/395/395 336/336/336
f 397/397/397 336/336/336 338/338/338
f 455/455/455 396/396/396 394/394/394
f 455/455/455 394/394/394 453/453/453
f 456/456/456 454/454/454 395/395/395
f 456/456/456 395/395/395 397/397/397
f 514/514/514 455/455/455 453/453/453
f 514/514/514 453/453/453 512/512/512
f 515/515/515 513/513/513 454/454/454
f 515/515/515 454/454/454 456/456/456
f 573/573/573 514/514/514 512/512/512
f 573/573/573 512/512/512 571/571/571
f 574/574/574 572/572/572 513/513/513
f 574/574/574 513/513/513 515/515/515
f 632/632/632 573/573/573 571/571/571
f 632/632/632 571/571/571 630/630/630
f 633/633/633 631/631/631 572/572/572
f 633/633/633 572/572/572 574/574/574
f 691/691/691 632/632/632 630/630/630
f 691/691/691 630/630/630 689/689/689
f 692/692/692 690/690/690 631/631/631
f 692/692/692 631/631/631 633/633/633
f 750/750/750 691/691/691 689/689/689
f 750/750/750 689/689/689 748/748/748
f 751/751/751 749/749/749 690/690/690
f 751/751/751 690/690/690 692/692/692
f 60/60/60 750/750/750 748/748/748
f 60/60/60 748/748/748 56/56/56
f 62/62/62 58/58/58 749/749/749
f 62/62/62 749/749/749 751/751/751
f 164/164/164 67/67/67 59/59/59
f 164/164/164 59/59/59 160/160/160
f 165/165/165 161/161/161 61/61/61
f 165/165/165 61/61/61 69/69/69
f 223/223/223 164/164/164 160/160/160
f 223/223/223 160/160/160 219/219/219
f 224/224/224 220/220/220 161/161/161
f 224/224/224 161/161/161 165/165/165
f 282/282/282 223/223/223 219/219/219
f 282/282/282 219/219/219 278/278/278
f 283/283/283 279/279/279 220/220/220
f 283/283/283 220/220/220 224/224/224
f 341/341/341 282/282/282 278/278/278
f 341/341/341 278/278/278 337/337/337
f 342/342/342 338/338/338 279/279/279
f 342/342/342 279/279/279 283/283/283
f 400/400/400 341/341/341 337/337/337
f 400/400/400 337/337/337 396/396/396
f 401/401/401 397/397/397 338/338/338
f 401/401/401 338/338/338 342/342/342
f 459/459/459 400/400/400 396/396/396
f 459/459/459 396/396/396 455/455/455
f 460/460/460 456/456/456 397/397/397
f 460/460/460 397/397/397 401/401/401
f 518/518/518 459/459/459 455/455/455
f 518/518/518 455/455/455 514/514/514
f 519/519/519 515/515/515 456/456/456
f 519/519/519 456/456/456 460/460/460
f 577/577/577 518/518/518 514/514/514
f 577/577/577 514/514/514 573/573/573
f 578/578/578 574/574/574 515/515/515
f 578/578/578 515/515/515 519/519/519
f 636/636/636 577/577/577 573/573/573
f 636/636/636 573/573/573 632/632/632
f 637/637/637 633/633/633 574/574/574
f 637/637/637 574/574/574 578/578/578
f 695/695/695 636/636/636 632/632/632
f 695/695/695 632/632/632 691/691/691
f 696/696/696 692/692/692 633/633/633
f 696/696/696 633/633/633 637/637/637
f 754/754/754 695/695/695 691/691/691
f 754/754/754 691/691/691 750/750/750
f 755/755/755 751/751/751 692/692/692
f 755/755/755 692/692/692 696/696/696
f 68/68/68 754/754/754 750/750/750
f 68/68/68 750/750/750 60/60/60
f 70/70/70 62/62/62 751/751/751
f 70/70/70 751/751/751 755/755/755
f 148/148/148 33/33/33 63/63/63
f 148/148/148 63/63/63 163/163/163
f 147/147/147 162/162/162 65/65/65
f 147/147/147 65/65/65 35/35/35
f 207/207/207 148/148/148 163/163/163
f 207/207/207 163/163/163 222/222/222
f 206/206/206 221/221/221 162/162/162
f 206/206/206 162/162/162 147/147/147
f 266/266/266 207/207/207 222/222/222
f 266/266/266 222/222/222 281/281/281
f 265/265/265 280/280/280 221/221/221
f 265/265/265 221/221/221 206/206/206
f 325/325/325 266/266/266 281/281/281
f 325/325/325 281/281/281 340/340/340
f 324/324/324 339/339/339 280/280/280
f 324/324/324 280/280/280 265/265/265
f 384/384/384 325/325/325 340/340/340
f 384/384/384 340/340/340 399/399/399
f 383/383/383 398/398/398 339/339/339
f 383/383/383 339/339/339 324/324/324
f 443/443/443 384/384/384 399/399/399
f 443/443/443 399/399/399 458/458/458
f 442/442/442 457/457/457 398/398/398
f 442/442/442 398/398/398 383/383/383
f 502/502/502 443/443/443 458/458/458
f 502/502/502 458/458/458 517/517/517
f 501/501/501 516/516/516 457/457/457
f 501/501/501 457/457/457 442/442/442
f 561/561/561 502/502/502 517/517/517
f 561/561/561 517/517/517 576/576/576
f 560/560/560 575/575/575 516/516/516
f 560/560/560 516/516/516 501/501/501
f 620/620/620 561/561/561 576/576/576
f 620/620/620 576/576/576 635/635/635
f 619/619/619 634/634/634 575/575/575
f 619/619/619 575/575/575 560/560/560
f 679/679/679 620/620/620 635/635/635
f 679/679/679 635/635/635 694/694/694
f 678/678/678 693/693/693 634/634/634
f 678/678/678 634/634/634 619/619/619
f 738/738/738 679/679/679 694/694/694
f 738/738/738 694/694/694 753/753/753
f 737/737/737 752/752/752 693/693/693
f 737/737/737 693/693/693 678/678/678
f 34/34/34 738/738/738 753/753/753
f 34/34/34 753/753/753 64/64/64
f 36/36/36 66/66/66 752/752/752
f 36/36/36 752/752/752 737/737/737
f 163/163/163 63/63/63 67/67/67
f 163/163/163 67/67/67 164/164/164
f 162/162/162 165/165/165 69/69/69
f 162/162/162 69/69/69 65/65/65
f 222/222/222 163/163/163 164/164/164
f 222/222/222 164/164/164 223/223/223
f 221/221/221 224/224/224 165/165/165
f 221/221/221 165/165/165 162/162/162
f 281/281/281 222/222/222 223/223/223
f 281/281/281 223/223/223 282/282/282
f 280/280/280 283/283/283 224/224/224
f 280/280/280 224/224/224 221/221/221
f 340/340/340 281/281/281 282/282/282
f 340/340/340 282/282/282 341/341/341
f 339/339/339 342/342/342 283/283/283
f 339/339/339 283/283/283 280/280/280
f 399/399/399 340/340/340 341/341/341
f 399/399/399 341/341/341 400/400/400
f 398/398/398 401/401/401 342/342/342
f 398/398/398 342/342/342 339/339/339
f 458/458/458 399/399/399 400/400/400
f 458/458/458 400/400/400 459/459/459
f 457/457/457 460/460/460 401/401/401
f 457/457/457 401/401/401 398/398/398
f 517/517/517 458/458/458 459/459/459
f 517/517/517 459/459/459 518/518/518
f 516/516/516 519/519/519 460/460/460
f 516/516/516 460/460/460 457/457/457
f 576/576/576 517/517/517 518/518/518
f 576/576/576 518/518/518 577/577/577
f 575/575/575 578/578/578 519/519/519
f 575/575/575 519/519/519 516/516/516
f 635/635/635 576/576/576 577/577/577
f 635/635/635 577/577/577 636/636/636
f 634/634/634 637/637/637 578/578/578
f 634/634/634 578/578/578 575/575/575
f 694/694/694 635/635/635 636/636/636
f 694/694/694 636/636/636 695/695/695
f 693/693/693 696/696/696 637/637/637
f 693/693/693 637/637/637 634/634/634
f 753/753/753 694/694/694 695/695/695
f 753/753/753 695/695/695 754/754/754
f 752/752/752 755/755/755 696/696/696
f 752/752/752 696/696/696 693/693/693
f 64/64/64 753/753/753 754/754/754
f 64/64/64 754/754/754 68/68/68
f 66/66/66 70/70/70 755/755/755
f 66/66/66 755/755/755 752/752/752
f 181/181/181 166/166/166 71/71/71
f 181/181/181 71/71/71 101/101/101
f 240/240/240 225/225/225 166/166/166
f 240/240/240 166/166/166 181/181/181
f 299/299/299 284/284/284 225/225/225
f 299/299/299 225/225/225 240/240/240
f 358/358/358 343/343/343 284/284/284
f 358/358/358 284/284/284 299/299/299
f 417/417/417 402/402/402 343/343/343
f 417/417/417 343/343/343 358/358/358
f 476/476/476 461/461/461 402/402/402
f 476/476/476 402/402/402 417/417/417
f 535/535/535 520/520/520 461/461/461
f 535/535/535 461/461/461 476/476/476
f 594/594/594 579/579/579 520/520/520
f 594/594/594 520/520/520 535/535/535
f 653/653/653 638/638/638 579/579/579
f 653/653/653 579/579/579 594/594/594
f 712/712/712 697/697/697 638/638/638
f 712/712/712 638/638/638 653/653/653
f 771/771/771 756/756/756 697/697/697
f 771/771/771 697/697/697 712/712/712
f 102/102/102 72/72/72 756/756/756
f 102/102/102 756/756/756 771/771/771
f 171/171/171 81/81/81 74/74/74
f 171/171/171 74/74/74 169/169/169
f 172/172/172 167/167/167 77/77/77
f 172/172/172 77/77/77 83/83/83
f 230/230/230 171/171/171 169/169/169
f 230/230/230 169/169/169 228/228/228
f 231/231/231 226/226/226 167/167/167
f 231/231/231 167/167/167 172/172/172
f 289/289/289 230/230/230 228/228/228
f 289/289/289 228/228/228 287/287/287
f 290/290/290 285/285/285 226/226/226
f 290/290/290 226/226/226 231/231/231
f 348/348/348 289/289/289 287/287/287
f 348/348/348 287/287/287 346/346/346
f 349/349/349 344/344/344 285/285/285
f 349/349/349 285/285/285 290/290/290
f 407/407/407 348/348/348 346/346/346
f 407/407/407 346/346/346 405/405/405
f 408/408/408 403/403/403 344/344/344
f 408/408/408 344/344/344 349/349/349
f 466/466/466 407/407/407 405/405/405
f 466/466/466 405/405/405 464/464/464
f 467/467/467 462/462/462 403/403/403
f 467/467/467 403/403/403 408/408/408
f 525/525/525 466/466/466 464/464/464
f 525/525/525 464/464/464 523/523/523
f 526/526/526 521/521/521 462/462/462
f 526/526/526 462/462/462 467/467/467
f 584/584/584 525/525/525 523/523/523
f 584/584/584 523/523/523 582/582/582
f 585/585/585 580/580/580 521/521/521
f 585/585/585 521/521/521 526/526/526
f 643/643/643 584/584/584 582/582/582
f 643/643/643 582/582/582 641/641/641
f 644/644/644 639/639/639 580/580/580
f 644/644/644 580/580/580 585/585/585
f 702/702/702 643/643/643 641/641/641
f 702/702/702 641/641/641 700/700/700
f 703/703/703 698/698/698 639/639/639
f 703/703/703 639/639/639 644/644/644
f 761/761/761 702/702/702 700/700/700
f 761/761/761 700/700/700 759/759/759
f 762/762/762 757/757/757 698/698/698
f 762/762/762 698/698/698 703/703/703
f 82/82/82 761/761/761 759/759/759
f 82/82/82 759/759/759 76/76/76
f 84/84/84 78/78/78 757/757/757
f 84/84/84 757/757/757 762/762/762
f 182/182/182 170/170/170 79/79/79
f 182/182/182 79/79/79 103/103/103
f 241/241/241 229/229/229 170/170/170
f 241/241/241 170/170/170 182/182/182
f 300/300/300 288/288/288 229/229/229
f 300/300/300 229/229/229 241/241/241
f 359/359/359 347/347/347 288/288/288
f 359/359/359 288/288/288 300/300/300
f 418/418/418 406/406/406 347/347/347
f 418/418/418 347/347/347 359/359/359
f 477/477/477 465/465/465 406/406/406
f 477/477/477 406/406/406 418/418/418
f 536/536/536 524/524/524 465/465/465
f 536/536/536 465/465/465 477/477/477
f 595/595/595 583/583/583 524/524/524
f 595/595/595 524/524/524 536/536/536
f 654/654/654 642/642/642 583/583/583
f 654/654/654 583/583/583 595/595/595
f 713/713/713 701/701/701 642/642/642
f 713/713/713 642/642/642 654/654/654
f 772/772/772 760/760/760 701/701/701
f 772/772/772 701/701/701 713/713/713
f 104/104/104 80/80/80 760/760/760
f 104/104/104 760/760/760 772/772/772
f 156/156/156 49/49/49 81/81/81
f 156/156/156 81/81/81 171/171/171
f 179/179/179 172/172/172 83/83/83
f 179/179/179 83/83/83 97/97/97
f 215/215/215 156/156/156 171/171/171
f 215/215/215 171/171/171 230/230/230
f 238/238/238 231/231/231 172/172/172
f 238/238/238 172/172/172 179/179/179
f 274/274/274 215/215/215 230/230/230
f 274/274/274 230/230/230 289/289/289
f 297/297/297 290/290/290 231/231/231
f 297/297/297 231/231/231 238/238/238
f 333/333/333 274/274/274 289/289/289
f 333/333/333 289/289/289 348/348/348
f 356/356/356 349/349/349 290/290/290
f 356/356/356 290/290/290 297/297/297
f 392/392/392 333/333/333 348/348/348
f 392/392/392 348/348/348 407/407/407
f 415/415/415 408/408/408 349/349/349
f 415/415/415 349/349/349 356/356/356
f 451/451/451 392/392/392 407/407/407
f 451/451/451 407/407/407 466/466/466
f 474/474/474 467/467/467 408/408/408
f 474/474/474 408/408/408 415/415/415
f 510/510/510 451/451/451 466/466/466
f 510/510/510 466/466/466 525/525/525
f 533/533/533 526/526/526 467/467/467
f 533/533/533 467/467/467 474/474/474
f 569/569/569 510/510/510 525/525/525
f 569/569/569 525/525/525 584/584/584
f 592/592/592 585/585/585 526/526/526
f 592/592/592 526/526/526 533/533/533
f 628/628/628 569/569/569 584/584/584
f 628/628/628 584/584/584 643/643/643
f 651/651/651 644/644/644 585/585/585
f 651/651/651 585/585/585 592/592/592
f 687/687/687 628/628/628 643/643/643
f 687/687/687 643/643/643 702/702/702
f 710/710/710 703/703/703 644/644/644
f 710/710/710 644/644/644 651/651/651
f 746/746/746 687/687/687 702/702/702
f 746/746/746 702/702/702 761/761/761
f 769/769/769 762/762/762 703/703/703
f 769/769/769 703/703/703 710/710/710
f 51/51/51 746/746/746 761/761/761
f 51/51/51 761/761/761 82/82/82
f 98/98/98 84/84/84 762/762/762
f 98/98/98 762/762/762 769/769/769
f 178/178/178 173/173/173 85/85/85
f 178/178/178 85/85/85 95/95/95
f 237/237/237 232/232/232 173/173/173
f 237/237/237 173/173/173 178/178/178
f 296/296/296 291/291/291 232/232/232
f 296/296/296 232/232/232 237/237/237
f 355/355/355 350/350/350 291/291/291
f 355/355/355 291/291/291 296/296/296
f 414/414/414 409/409/409 350/350/350
f 414/414/414 350/350/350 355/355/355
f 473/473/473 468/468/468 409/409/409
f 473/473/473 409/409/409 414/414/414
f 532/532/532 527/527/527 468/468/468
f 532/532/532 468/468/468 473/473/473
f 591/591/591 586/586/586 527/527/527
f 591/591/591 527/527/527 532/532/532
f 650/650/650 645/645/645 586/586/586
f 650/650/650 586/586/586 591/591/591
f 709/709/709 704/704/704 645/645/645
f 709/709/709 645/645/645 650/650/650
f 768/768/768 763/763/763 704/704/704
f 768/768/768 704/704/704 709/709/709
f 96/96/96 86/86/86 763/763/763
f 96/96/96 763/763/763 768/768/768
f 176/176/176 174/174/174 87/87/87
f 176/176/176 87/87/87 91/91/91
f 235/235/235 233/233/233 174/174/174
f 235/235/235 174/174/174 176/176/176
f 294/294/294 292/292/292 233/233/233
f 294/294/294 233/233/233 235/235/235
f 353/353/353 351/351/351 292/292/292
f 353/353/353 292/292/292 294/294/294
f 412/412/412 410/410/410 351/351/351
f 412/412/412 351/351/351 353/353/353
f 471/471/471 469/469/469 410/410/410
f 471/471/471 410/410/410 412/412/412
f 530/530/530 528/528/528 469/469/469
f 530/530/530 469/469/469 471/471/471
f 589/589/589 587/587/587 528/528/528
f 589/589/589 528/528/528 530/530/530
f 648/648/648 646/646/646 587/587/587
f 648/648/648 587/587/587 589/589/589
f 707/707/707 705/705/705 646/646/646
f 707/707/707 646/646/646 648/648/648
f 766/766/766 764/764/764 705/705/705
f 766/766/766 705/705/705 707/707/707
f 92/92/92 88/88/88 764/764/764
f 92/92/92 764/764/764 766/766/766
f 177/177/177 175/175/175 89/89/89
f 177/177/177 89/89/89 93/93/93
f 236/236/236 234/234/234 175/175/175
f 236/236/236 175/175/175 177/177/177
f 295/295/295 293/293/293 234/234/234
f 295/295/295 234/234/234 236/236/236
f 354/354/354 352/352/352 293/293/293
f 354/354/354 293/293/293 295/295/295
f 413/413/413 411/411/411 352/352/352
f 413/413/413 352/352/352 354/354/354
f 472/472/472 470/470/470 411/411/411
f 472/472/472 411/411/411 413/413/413
f 531/531/531 529/529/529 470/470/470
f 531/531/531 470/470/470 472/472/472
f 590/590/590 588/588/588 529/529/529
f 590/590/590 529/529/529 531/531/531
f 649/649/649 647/647/647 588/588/588
f 649/649/649 588/588/588 590/590/590
f 708/708/708 706/706/706 647/647/647
f 708/708/708 647/647/647 649/649/649
f 767/767/767 765/765/765 706/706/706
f 767/767/767 706/706/706 708/708/708
f 94/94/94 90/90/90 765/765/765
f 94/94/94 765/765/765 767/767/767
f 175/175/175 176/176/176 91/91/91
f 175/175/175 91/91/91 89/89/89
f 234/234/234 235/235/235 176/176/176
f 234/234/234 176/176/176 175/175/175
f 293/293/293 294/294/294 235/235/235
f 293/293/293 235/235/235 234/234/234
f 352/352/352 353/353/353 294/294/294
f 352/352/352 294/294/294 293/293/293
f 411/411/411 412/412/412 353/353/353
f 411/411/411 353/353/353 352/352/352
f 470/470/470 471/471/471 412/412/412
f 470/470/470 412/412/412 411/411/411
f 529/529/529 530/530/530 471/471/471
f 529/529/529 471/471/471 470/470/470
f 588/588/588 589/589/589 530/530/530
f 588/588/588 530/530/530 529/529/529
f 647/647/647 648/648/648 589/589/589
f 647/647/647 589/589/589 588/588/588
f 706/706/706 707/707/707 648/648/648
f 706/706/706 648/648/648 647/647/647
f 765/765/765 766/766/766 707/707/707
f 765/765/765 707/707/707 706/706/706
f 90/90/90 92/92/92 766/766/766
f 90/90/90 766/766/766 765/765/765
f 173/173/173 177/177/177 93/93/93
f 173/173/173 93/93/93 85/85/85
f 232/232/232 236/236/236 177/177/177
f 232/232/232 177/177/177 173/173/173
f 291/291/291 295/295/295 236/236/236
f 291/291/291 236/236/236 232/232/232
f 350/350/350 354/354/354 295/295/295
f 350/350/350 295/295/295 291/291/291
f 409/409/409 413/413/413 354/354/354
f 409/409/409 354/354/354 350/350/350
f 468/468/468 472/472/472 413/413/413
f 468/468/468 413/413/413 409/409/409
f 527/527/527 531/531/531 472/472/472
f 527/527/527 472/472/472 468/468/468
f 586/586/586 590/590/590 531/531/531
f 586/586/586 531/531/531 527/527/527
f 645/645/645 649/649/649 590/590/590
f 645/645/645 590/590/590 586/586/586
f 704/704/704 708/708/708 649/649/649
f 704/704/704 649/649/649 645/645/645
f 763/763/763 767/767/767 708/708/708
f 763/763/763 708/708/708 704/704/704
f 86/86/86 94/94/94 767/767/767
f 86/86/86 767/767/767 763/763/763
f 167/167/167 178/178/178 95/95/95
f 167/167/167 95/95/95 77/77/77
f 226/226/226 237/237/237 178/178/178
f 226/226/226 178/178/178 167/167/167
f 285/285/285 296/296/296 237/237/237
f 285/285/285 237/237/237 226/226/226
f 344/344/344 355/355/355 296/296/296
f 344/344/344 296/296/296 285/285/285
f 403/403/403 414/414/414 355/355/355
f 403/403/403 355/355/355 344/344/344
f 462/462/462 473/473/473 414/414/414
f 462/462/462 414/414/414 403/403/403
f 521/521/521 532/532/532 473/473/473
f 521/521/521 473/473/473 462/462/462
f 580/580/580 591/591/591 532/532/532
f 580/580/580 532/532/532 521/521/521
f 639/639/639 650/650/650 591/591/591
f 639/639/639 591/591/591 580/580/580
f 698/698/698 709/709/709 650/650/650
f 698/698/698 650/650/650 639/639/639
f 757/757/757 768/768/768 709/709/709
f 757/757/757 709/709/709 698/698/698
f 78/78/78 96/96/96 768/768/768
f 78/78/78 768/768/768 757/757/757
f 180/180/180 179/179/179 97/97/97
f 180/180/180 97/97/97 99/99/99
f 239/239/239 238/238/238 179/179/179
f 239/239/239 179/179/179 180/180/180
f 298/298/298 297/297/297 238/238/238
f 298/298/298 238/238/238 239/239/239
f 357/357/357 356/356/356 297/297/297
f 357/357/357 297/297/297 298/298/298
f 416/416/416 415/415/415 356/356/356
f 416/416/416 356/356/356 357/357/357
f 475/475/475 474/474/474 415/415/415
f 475/475/475 415/415/415 416/416/416
f 534/534/534 533/533/533 474/474/474
f 534/534/534 474/474/474 475/475/475
f 593/593/593 592/592/592 533/533/533
f 593/593/593 533/533/533 534/534/534
f 652/652/652 651/651/651 592/592/592
f 652/652/652 592/592/592 593/593/593
f 711/711/711 710/710/710 651/651/651
f 711/711/711 651/651/651 652/652/652
f 770/770/770 769/769/769 710/710/710
f 770/770/770 710/710/710 711/711/711
f 100/100/100 98/98/98 769/769/769
f 100/100/100 769/769/769 770/770/770
f 170/170/170 180/180/180 99/99/99
f 170/170/170 99/99/99 79/79/79
f 229/229/229 239/239/239 180/180/180
f 229/229/229 180/180/180 170/170/170
f 288/288/288 298/298/298 239/239/239
f 288/288/288 239/239/239 229/229/229
f 347/347/347 357/357/357 298/298/298
f 347/347/347 298/298/298 288/288/288
f 406/406/406 416/416/416 357/357/357
f 406/406/406 357/357/357 347/347/347
f 465/465/465 475/475/475 416/416/416
f 465/465/465 416/416/416 406/406/406
f 524/524/524 534/534/534 475/475/475
f 524/524/524 475/475/475 465/465/465
f 583/583/583 593/593/593 534/534/534
f 583/583/583 534/534/534 524/524/524
f 642/642/642 652/652/652 593/593/593
f 642/642/642 593/593/593 583/583/583
f 701/701/701 711/711/711 652/652/652
f 701/701/701 652/652/652 642/642/642
f 760/760/760 770/770/770 711/711/711
f 760/760/760 711/711/711 701/701/701
f 80/80/80 100/100/100 770/770/770
f 80/80/80 770/770/770 760/760/760
f 155/155/155 181/181/181 101/101/101
f 155/155/155 101/101/101 53/53/53
f 214/214/214 240/240/240 181/181/181
f 214/214/214 181/181/181 155/155/155
f 273/273/273 299/299/299 240/240/240
f 273/273/273 240/240/240 214/214/214
f 332/332/332 358/358/358 299/299/299
f 332/332/332 299/299/299 273/273/273
f 391/391/391 417/417/417 358/358/358
f 391/391/391 358/358/358 332/332/332
f 450/450/450 476/476/476 417/417/417
f 450/450/450 417/417/417 391/391/391
f 509/509/509 535/535/535 476/476/476
f 509/509/509 476/476/476 450/450/450
f 568/568/568 594/594/594 535/535/535
f 568/568/568 535/535/535 509/509/509
f 627/627/627 653/653/653 594/594/594
f 627/627/627 594/594/594 568/568/568
f 686/686/686 712/712/712 653/653/653
f 686/686/686 653/653/653 627/627/627
f 745/745/745 771/771/771 712/712/712
f 745/745/745 712/712/712 686/686/686
f 54/54/54 102/102/102 771/771/771
f 54/54/54 771/771/771 745/745/745
f 166/166/166 182/182/182 103/103/103
f 166/166/166 103/103/103 71/71/71
f 225/225/225 241/241/241 182/182/182
f 225/225/225 182/182/182 166/166/166
f 284/284/284 300/300/300 241/241/241
f 284/284/284 241/241/241 225/225/225
f 343/343/343 359/359/359 300/300/300
f 343/343/343 300/300/300 284/284/284
f 402/402/402 418/418/418 359/359/359
f 402/402/402 359/359/359 343/343/343
f 461/461/461 477/477/477 418/418/418
f 461/461/461 418/418/418 402/402/402
f 520/520/520 536/536/536 477/477/477
f 520/520/520 477/477/477 461/461/461
f 579/579/579 595/595/595 536/536/536
f 579/579/579 536/536/536 520/520/520
f 638/638/638 654/654/654 595/595/595
f 638/638/638 595/595/595 579/579/579
f 697/697/697 713/713/713 654/654/654
f 697/697/697 654/654/654 638/638/638
f 756/756/756 772/772/772 713/713/713
f 756/756/756 713/713/713 697/697/697
f 72/72/72 104/104/104 772/772/772
f 72/72/72 772/772/772 756/756/756
f 150/150/150 37/37/37 105/105/105
f 150/150/150 105/105/105 184/184/184
f 149/149/149 183/183/183 107/107/107
f 149/149/149 107/107/107 39/39/39
f 209/209/209 150/150/150 184/184/184
f 209/209/209 184/184/184 243/243/243
f 208/208/208 242/242/242 183/183/183
f 208/208/208 183/183/183 149/149/149
f 268/268/268 209/209/209 243/243/243
f 268/268/268 243/243/243 302/302/302
f 267/267/267 301/301/301 242/242/242
f 267/267/267 242/242/242 208/208/208
f 327/327/327 268/268/268 302/302/302
f 327/327/327 302/302/302 361/361/361
f 326/326/326 360/360/360 301/301/301
f 326/326/326 301/301/301 267/267/267
f 386/386/386 327/327/327 361/361/361
f 386/386/386 361/361/361 420/420/420
f 385/385/385 419/419/419 360/360/360
f 385/385/385 360/360/360 326/326/326
f 445/445/445 386/386/386 420/420/420
f 445/445/445 420/420/420 479/479/479
f 444/444/444 478/478/478 419/419/419
f 444/444/444 419/419/419 385/385/385
f 504/504/504 445/445/445 479/479/479
f 504/504/504 479/479/479 538/538/538
f 503/503/503 537/537/537 478/478/478
f 503/503/503 478/478/478 444/444/444
f 563/563/563 504/504/504 538/538/538
f 563/563/563 538/538/538 597/597/597
f 562/562/562 596/596/596 537/537/537
f 562/562/562 537/537/537 503/503/503
f 622/622/622 563/563/563 597/597/597
f 622/622/622 597/597/597 656/656/656
f 621/621/621 655/655/655 596/596/596
f 621/621/621 596/596/596 562/562/562
f 681/681/681 622/622/622 656/656/656
f 681/681/681 656/656/656 715/715/715
f 680/680/680 714/714/714 655/655/655
f 680/680/680 655/655/655 621/621/621
f 740/740/740 681/681/681 715/715/715
f 740/740/740 715/715/715 774/774/774
f 739/739/739 773/773/773 714/714/714
f 739/739/739 714/714/714 680/680/680
f 38/38/38 740/740/740 774/774/774
f 38/38/38 774/774/774 106/106/106
f 40/40/40 108/108/108 773/773/773
f 40/40/40 773/773/773 739/739/739
f 184/184/184 105/105/105 109/109/109
f 184/184/184 109/109/109 185/185/185
f 183/183/183 186/186/186 111/111/111
f 183/183/183 111/111/111 107/107/107
f 243/243/243 184/184/184 185/185/185
f 243/243/243 185/185/185 244/244/244
f 242/242/242 245/245/245 186/186/186
f 242/242/242 186/186/186 183/183/183
f 302/302/302 243/243/243 244/244/244
f 302/302/302 244/244/244 303/303/303
f 301/301/301 304/304/304 245/245/245
f 301/301/301 245/245/245 242/242/242
f 361/361/361 302/302/302 303/303/303
f 361/361/361 303/303/303 362/362/362
f 360/360/360 363/363/363 304/304/304
f 360/360/360 304/304/304 301/301/301
f 420/420/420 361/361/361 362/362/362
f 420/420/420 362/362/362 421/421/421
f 419/419/419 422/422/422 363/363/363
f 419/419/419 363/363/363 360/360/360
f 479/479/479 420/420/420 421/421/421
f 479/479/479 421/421/421 480/480/480
f 478/478/478 481/481/481 422/422/422
f 478/478/478 422/422/422 419/419/419
f 538/538/538 479/479/479 480/480/480
f 538/538/538 480/480/480 539/539/539
f 537/537/537 540/540/540 481/481/481
f 537/537/537 481/481/481 478/478/478
f 597/597/597 538/538/538 539/539/539
f 597/597/597 539/539/539 598/598/598
f 596/596/596 599/599/599 540/540/540
f 596/596/596 540/540/540 537/537/537
f 656/656/656 597/597/597 598/598/598
f 656/656/656 598/598/598 657/657/657
f 655/655/655 658/658/658 599/599/599
f 655/655/655 599/599/599 596/596/596
f 715/715/715 656/656/656 657/657/657
f 715/715/715 657/657/657 716/716/716
f 714/714/714 717/717/717 658/658/658
f 714/714/714 658/658/658 655/655/655
f 774/774/774 715/715/715 716/716/716
f 774/774/774 716/716/716 775/775/775
f 773/773/773 776/776/776 717/717/717
f 773/773/773 717/717/717 714/714/714
f 106/106/106 774/774/774 775/775/775
f 106/106/106 775/775/775 110/110/110
f 108/108/108 112/112/112 776/776/776
f 108/108/108 776/776/776 773/773/773
f 189/189/189 117/117/117 113/113/113
f 189/189/189 113/113/113 187/187/187
f 190/190/190 188/188/188 115/115/115
f 190/190/190 115/115/115 119/119/119
f 248/248/248 189/189/189 187/187/187
f 248/248/248 187/187/187 246/246/246
f 249/249/249 247/247/247 188/188/188
f 249/249/249 188/188/188 190/190/190
f 307/307/307 248/248/248 246/246/246
f 307/307/307 246/246/246 305/305/305
f 308/308/308 306/306/306 247/247/247
f 308/308/308 247/247/247 249/249/249
f 366/366/366 307/307/307 305/305/305
f 366/366/366 305/305/305 364/364/364
f 367/367/367 365/365/365 306/306/306
f 367/367/367 306/306/306 308/308/308
f 425/425/425 366/366/366 364/364/364
f 425/425/425 364/364/364 423/423/423
f 426/426/426 424/424/424 365/365/365
f 426/426/426 365/365/365 367/367/367
f 484/484/484 425/425/425 423/423/423
f 484/484/484 423/423/423 482/482/482
f 485/485/485 483/483/483 424/424/424
f 485/485/485 424/424/424 426/426/426
f 543/543/543 484/484/484 482/482/482
f 543/543/543 482/482/482 541/541/541
f 544/544/544 542/542/542 483/483/483
f 544/544/544 483/483/483 485/485/485
f 602/602/602 543/543/543 541/541/541
f 602/602/602 541/541/541 600/600/600
f 603/603/603 601/601/601 542/542/542
f 603/603/603 542/542/542 544/544/544
f 661/661/661 602/602/602 600/600/600
f 661/661/661 600/600/600 659/659/659
f 662/662/662 660/660/660 601/601/601
f 662/662/662 601/601/601 603/603/603
f 720/720/720 661/661/661 659/659/659
f 720/720/720 659/659/659 718/718/718
f 721/721/721 719/719/719 660/660/660
f 721/721/721 660/660/660 662/662/662
f 779/779/779 720/720/720 718/718/718
f 779/779/779 718/718/718 777/777/777
f 780/780/780 778/778/778 719/719/719
f 780/780/780 719/719/719 721/721/721
f 118/118/118 779/779/779 777/777/777
f 118/118/118 777/777/777 114/114/114
f 120/120/120 116/116/116 778/778/778
f 120/120/120 778/778/778 780/780/780
f 146/146/146 29/29/29 117/117/117
f 146/146/146 117/117/117 189/189/189
f 145/145/145 190/190/190 119/119/119
f 145/145/145 119/119/119 31/31/31
f 205/205/205 146/146/146 189/189/189
f 205/205/205 189/189/189 248/248/248
f 204/204/204 249/249/249 190/190/190
f 204/204/204 190/190/190 145/145/145
f 264/264/264 205/205/205 248/248/248
f 264/264/264 248/248/248 307/307/307
f 263/263/263 308/308/308 249/249/249
f 263/263/263 249/249/249 204/204/204
f 323/323/323 264/264/264 307/307/307
f 323/323/323 307/307/307 366/366/366
f 322/322/322 367/367/367 308/308/308
f 322/322/322 308/308/308 263/263/263
f 382/382/382 323/323/323 366/366/366
f 382/382/382 366/366/366 425/425/425
f 381/381/381 426/426/426 367/367/367
f 381/381/381 367/367/367 322/322/322
f 441/441/441 382/382/382 425/425/425
f 441/441/441 425/425/425 484/484/484
f 440/440/440 485/485/485 426/426/426
f 440/440/440 426/426/426 381/381/381
f 500/500/500 441/441/441 484/484/484
f 500/500/500 484/484/484 543/543/543
f 499/499/499 544/544/544 485/485/485
f 499/499/499 485/485/485 440/440/440
f 559/559/559 500/500/500 543/543/543
f 559/559/559 543/543/543 602/602/602
f 558/558/558 603/603/603 544/544/544
f 558/558/558 544/544/544 499/499/499
f 618/618/618 559/559/559 602/602/602
f 618/618/618 602/602/602 661/661/661
f 617/617/617 662/662/662 603/603/603
f 617/617/617 603/603/603 558/558/558
f 677/677/677 618/618/618 661/661/661
f 677/677/677 661/661/661 720/720/720
f 676/676/676 721/721/721 662/662/662
f 676/676/676 662/662/662 617/617/617
f 736/736/736 677/677/677 720/720/720
f 736/736/736 720/720/720 779/779/779
f 735/735/735 780/780/780 721/721/721
f 735/735/735 721/721/721 676/676/676
f 30/30/30 736/736/736 779/779/779
f 30/30/30 779/779/779 118/118/118
f 32/32/32 120/120/120 780/780/780
f 32/32/32 780/780/780 735/735/735
f 193/193/193 125/125/125 121/121/121
f 193/193/193 121/121/121 191/191/191
f 194/194/194 192/192/192 123/123/123
f 194/194/194 123/123/123 127/127/127
f 252/252/252 193/193/193 191/191/191
f 252/252/252 191/191/191 250/250/250
f 253/253/253 251/251/251 192/192/192
f 253/253/253 192/192/192 194/194/194
f 311/311/311 252/252/252 250/250/250
f 311/311/311 250/250/250 309/309/309
f 312/312/312 310/310/310 251/251/251
f 312/312/312 251/251/251 253/253/253
f 370/370/370 311/311/311 309/309/309
f 370/370/370 309/309/309 368/368/368
f 371/371/371 369/369/369 310/310/310
f 371/371/371 310/310/310 312/312/312
f 429/429/429 370/370/370 368/368/368
f 429/429/429 368/368/368 427/427/427
f 430/430/430 428/428/428 369/369/369
f 430/430/430 369/369/369 371/371/371
f 488/488/488 429/429/429 427/427/427
f 488/488/488 427/427/427 486/486/486
f 489/489/489 487/487/487 428/428/428
f 489/489/489 428/428/428 430/430/430
f 547/547/547 488/488/488 486/486/486
f 547/547/547 486/486/486 545/545/545
f 548/548/548 546/546/546 487/487/487
f 548/548/548 487/487/487 489/489/489
f 606/606/606 547/547/547 545/545/545
f 606/606/606 545/545/545 604/604/604
f 607/607/607 605/605/605 546/546/546
f 607/607/607 546/546/546 548/548/548
f 665/665/665 606/606/606 604/604/604
f 665/665/665 604/604/604 663/663/663
f 666/666/666 664/664/664 605/605/605
f 666/666/666 605/605/605 607/607/607
f 724/724/724 665/665/665 663/663/663
f 724/724/724 663/663/663 722/722/722
f 725/725/725 723/723/723 664/664/664
f 725/725/725 664/664/664 666/666/666
f 783/783/783 724/724/724 722/722/722
f 783/783/783 722/722/722 781/781/781
f 784/784/784 782/782/782 723/723/723
f 784/784/784 723/723/723 725/725/725
f 126/126/126 783/783/783 781/781/781
f 126/126/126 781/781/781 122/122/122
f 128/128/128 124/124/124 782/782/782
f 128/128/128 782/782/782 784/784/784
f 193/193/193 5/5/5 125/125/125
f 194/194/194 127/127/127 17/17/17
f 252/252/252 6/6/6 193/193/193
f 253/253/253 194/194/194 18/18/18
f 311/311/311 7/7/7 252/252/252
f 312/312/312 253/253/253 19/19/19
f 370/370/370 8/8/8 311/311/311
f 371/371/371 312/312/312 20/20/20
f 429/429/429 9/9/9 370/370/370
f 430/430/430 371/371/371 21/21/21
f 488/488/488 10/10/10 429/429/429
f 489/489/489 430/430/430 22/22/22
f 547/547/547 11/11/11 488/488/488
f 548/548/548 489/489/489 23/23/23
f 606/606/606 12/12/12 547/547/547
f 607/607/607 548/548/548 24/24/24
f 665/665/665 13/13/13 606/606/606
f 666/666/666 607/607/607 25/25/25
f 724/724/724 14/14/14 665/665/665
f 725/725/725 666/666/666 26/26/26
f 783/783/783 15/15/15 724/724/724
f 784/784/784 725/725/725 27/27/27
f 126/126/126 16/16/16 783/783/783
f 128/128/128 784/784/784 28/28/28
f 199/199/199 137/137/137 129/129/129
f 199/199/199 129/129/129 195/195/195
f 200/200/200 196/196/196 131/131/131
f 200/200/200 131/131/131 139/139/139
f 258/258/258 199/199/199 195/195/195
f 258/258/258 195/195/195 254/254/254
f 259/259/259 255/255/255 196/196/196
f 259/259/259 196/196/196 200/200/200
f 317/317/317 258/258/258 254/254/254
f 317/317/317 254/254/254 313/313/313
f 318/318/318 314/314/314 255/255/255
f 318/318/318 255/255/255 259/259/259
f 376/376/376 317/317/317 313/313/313
f 376/376/376 313/313/313 372/372/372
f 377/377/377 373/373/373 314/314/314
f 377/377/377 314/314/314 318/318/318
f 435/435/435 376/376/376 372/372/372
f 435/435/435 372/372/372 431/431/431
f 436/436/436 432/432/432 373/373/373
f 436/436/436 373/373/373 377/377/377
f 494/494/494 435/435/435 431/431/431
f 494/494/494 431/431/431 490/490/490
f 495/495/495 491/491/491 432/432/432
f 495/495/495 432/432/432 436/436/436
f 553/553/553 494/494/494 490/490/490
f 553/553/553 490/490/490 549/549/549
f 554/554/554 550/550/550 491/491/491
f 554/554/554 491/491/491 495/495/495
f 612/612/612 553/553/553 549/549/549
f 612/612/612 549/549/549 608/608/608
f 613/613/613 609/609/609 550/550/550
f 613/613/613 550/550/550 554/554/554
f 671/671/671 612/612/612 608/608/608
f 671/671/671 608/608/608 667/667/667
f 672/672/672 668/668/668 609/609/609
f 672/672/672 609/609/609 613/613/613
f 730/730/730 671/671/671 667/667/667
f 730/730/730 667/667/667 726/726/726
f 731/731/731 727/727/727 668/668/668
f 731/731/731 668/668/668 672/672/672
f 789/789/789 730/730/730 726/726/726
f 789/789/789 726/726/726 785/785/785
f 790/790/790 786/786/786 727/727/727
f 790/790/790 727/727/727 731/731/731
f 138/138/138 789/789/789 785/785/785
f 138/138/138 785/785/785 130/130/130
f 140/140/140 132/132/132 786/786/786
f 140/140/140 786/786/786 790/790/790
f 152/152/152 41/41/41 133/133/133
f 152/152/152 133/133/133 197/197/197
f 151/151/151 198/198/198 135/135/135
f 151/151/151 135/135/135 43/43/43
f 211/211/211 152/152/152 197/197/197
f 211/211/211 197/197/197 256/256/256
f 210/210/210 257/257/257 198/198/198
f 210/210/210 198/198/198 151/151/151
f 270/270/270 211/211/211 256/256/256
f 270/270/270 256/256/256 315/315/315
f 269/269/269 316/316/316 257/257/257
f 269/269/269 257/257/257 210/210/210
f 329/329/329 270/270/270 315/315/315
f 329/329/329 315/315/315 374/374/374
f 328/328/328 375/375/375 316/316/316
f 328/328/328 316/316/316 269/269/269
f 388/388/388 329/329/329 374/374/374
f 388/388/388 374/374/374 433/433/433
f 387/387/387 434/434/434 375/375/375
f 387/387/387 375/375/375 328/328/328
f 447/447/447 388/388/388 433/433/433
f 447/447/447 433/433/433 492/492/492
f 446/446/446 493/493/493 434/434/434
f 446/446/446 434/434/434 387/387/387
f 506/506/506 447/447/447 492/492/492
f 506/506/506 492/492/492 551/551/551
f 505/505/505 552/552/552 493/493/493
f 505/505/505 493/493/493 446/446/446
f 565/565/565 506/506/506 551/551/551
f 565/565/565 551/551/551 610/610/610
f 564/564/564 611/611/611 552/552/552
f 564/564/564 552/552/552 505/505/505
f 624/624/624 565/565/565 610/610/610
f 624/624/624 610/610/610 669/669/669
f 623/623/623 670/670/670 611/611/611
f 623/623/623 611/611/611 564/564/564
f 683/683/683 624/624/624 669/669/669
f 683/683/683 669/669/669 728/728/728
f 682/682/682 729/729/729 670/670/670
f 682/682/682 670/670/670 623/623/623
f 742/742/742 683/683/683 728/728/728
f 742/742/742 728/728/728 787/787/787
f 741/741/741 788/788/788 729/729/729
f 741/741/741 729/729/729 682/682/682
f 42/42/42 742/742/742 787/787/787
f 42/42/42 787/787/787 134/134/134
f 44/44/44 136/136/136 788/788/788
f 44/44/44 788/788/788 741/741/741
f 154/154/154 45/45/45 137/137/137
f 154/154/154 137/137/137 199/199/199
f 153/153/153 200/200/200 139/139/139
f 153/153/153 139/139/139 47/47/47
f 213/213/213 154/154/154 199/199/199
f 213/213/213 199/199/199 258/258/258
f 212/212/212 259/259/259 200/200/200
f 212/212/212 200/200/200 153/153/153
f 272/272/272 213/213/213 258/258/258
f 272/272/272 258/258/258 317/317/317
f 271/271/271 318/318/318 259/259/259
f 271/271/271 259/259/259 212/212/212
f 331/331/331 272/272/272 317/317/317
f 331/331/331 317/317/317 376/376/376
f 330/330/330 377/377/377 318/318/318
f 330/330/330 318/318/318 271/271/271
f 390/390/390 331/331/331 376/376/376
f 390/390/390 376/376/376 435/435/435
f 389/389/389 436/436/436 377/377/377
f 389/389/389 377/377/377 330/330/330
f 449/449/449 390/390/390 435/435/435
f 449/449/449 435/435/435 494/494/494
f 448/448/448 495/495/495 436/436/436
f 448/448/448 436/436/436 389/389/389
f 508/508/508 449/449/449 494/494/494
f 508/508/508 494/494/494 553/553/553
f 507/507/507 554/554/554 495/495/495
f 507/507/507 495/495/495 448/448/448
f 567/567/567 508/508/508 553/553/553
f 567/567/567 553/553/553 612/612/612
f 566/566/566 613/613/613 554/554/554
f 566/566/566 554/554/554 507/507/507
f 626/626/626 567/567/567 612/612/612
f 626/626/626 612/612/612 671/671/671
f 625/625/625 672/672/672 613/613/613
f 625/625/625 613/613/613 566/566/566
f 685/685/685 626/626/626 671/671/671
f 685/685/685 671/671/671 730/730/730
f 684/684/684 731/731/731 672/672/672
f 684/684/684 672/672/672 625/625/625
f 744/744/744 685/685/685 730/730/730
f 744/744/744 730/730/730 789/789/789
f 743/743/743 790/790/790 731/731/731
f 743/743/743 731/731/731 684/684/684
f 46/46/46 744/744/744 789/789/789
f 46/46/46 789/789/789 138/138/138
f 48/48/48 140/140/140 790/790/790
f 48/48/48 790/790/790 743/743/743
f 174/174/174 201/201/201 141/141/141
f 174/174/174 141/141/141 87/87/87
f 233/233/233 260/260/260 201/201/201
f 233/233/233 201/201/201 174/174/174
f 292/292/292 319/319/319 260/260/260
f 292/292/292 260/260/260 233/233/233
f 351/351/351 378/378/378 319/319/319
f 351/351/351 319/319/319 292/292/292
f 410/410/410 437/437/437 378/378/378
f 410/410/410 378/378/378 351/351/351
f 469/469/469 496/496/496 437/437/437
f 469/469/469 437/437/437 410/410/410
f 528/528/528 555/555/555 496/496/496
f 528/528/528 496/496/496 469/469/469
f 587/587/587 614/614/614 555/555/555
f 587/587/587 555/555/555 528/528/528
f 646/646/646 673/673/673 614/614/614
f 646/646/646 614/614/614 587/587/587
f 705/705/705 732/732/732 673/673/673
f 705/705/705 673/673/673 646/646/646
f 764/764/764 791/791/791 732/732/732
f 764/764/764 732/732/732 705/705/705
f 88/88/88 142/142/142 791/791/791
f 88/88/88 791/791/791 764/764/764
f 56/56/56 748/748/748 804/804/804
f 56/56/56 804/804/804 793/793/793
f 748/748/748 689/689/689 803/803/803
f 748/748/748 803/803/803 804/804/804
f 689/689/689 630/630/630 802/802/802
f 689/689/689 802/802/802 803/803/803
f 630/630/630 571/571/571 801/801/801
f 630/630/630 801/801/801 802/802/802
f 571/571/571 512/512/512 800/800/800
f 571/571/571 800/800/800 801/801/801
f 512/512/512 453/453/453 799/799/799
f 512/512/512 799/799/799 800/800/800
f 453/453/453 394/394/394 798/798/798
f 453/453/453 798/798/798 799/799/799
f 394/394/394 335/335/335 797/797/797
f 394/394/394 797/797/797 798/798/798
f 335/335/335 276/276/276 796/796/796
f 335/335/335 796/796/796 797/797/797
f 276/276/276 217/217/217 795/795/795
f 276/276/276 795/795/795 796/796/796
f 217/217/217 158/158/158 794/794/794
f 217/217/217 794/794/794 795/795/795
f 158/158/158 55/55/55 792/792/792
f 158/158/158 792/792/792 794/794/794
